,mobility,m_smoothed,m_norm,sociality,sociality75pc,shifted_sociality,shifted_sociality75pc
2020-01-01,132326.20833333334,,,1.0,1.0,1.0,1.0
2020-01-02,171437.75,,,,,,
2020-01-03,183446.66666666666,,,,,,
2020-01-04,169944.29166666666,167353.55952380953,0.7706406382124351,,,,
2020-01-05,153528.04166666666,180159.65476190476,0.8296109847970913,,,,
2020-01-06,145146.5,187898.15476190476,0.8652457367305181,,,,
2020-01-07,215645.45833333334,195286.15476190476,0.8992664832943428,,,,
2020-01-08,221968.875,200036.5833333333,0.9211415680937638,,,,
2020-01-09,225607.25,200600.94642857142,0.9237403842595828,,,,
2020-01-10,235162.66666666666,211911.32142857142,0.9758231402716049,,,,
2020-01-11,203197.29166666666,213704.47023809524,0.9840803494215823,,,,
2020-01-12,157478.58333333334,214967.27976190476,0.989895417473546,,,,
2020-01-13,224319.125,215742.7142857143,0.9934661891859667,,,,
2020-01-14,228197.5,215752.4642857143,0.9935110866249215,,,,
2020-01-15,230808.54166666666,215214.2380952381,0.9910326273910012,,,,
2020-01-16,231035.29166666666,214973.79166666666,0.9899254039193436,,,,
2020-01-17,235230.91666666666,214520.5595238095,0.9878383308458836,,,,
2020-01-18,199429.70833333334,213996.3869047619,0.9854245864186618,,,,
2020-01-19,155795.45833333334,213505.375,0.9831635426217309,,,,
2020-01-20,221146.5,213501.72619047618,0.9831467403445152,,,,
2020-01-21,224528.29166666666,214076.3333333333,0.9857927289721419,,,,
2020-01-22,227371.45833333334,214305.5357142857,0.986848175116458,,,,
2020-01-23,231009.75,216624.26785714287,0.9975256248432497,,,,
2020-01-24,239253.16666666666,216074.84523809524,0.9949956075612989,,,,
2020-01-25,201034.125,215990.64285714287,0.9946078669193862,,,,
2020-01-26,172026.58333333334,215747.05952380953,0.9934861984231077,,,,
2020-01-27,217300.54166666666,214883.89880952382,0.9895114593997504,,,,
2020-01-28,223938.875,213992.5892857143,0.9854070988935989,,,,
2020-01-29,225666.375,213552.05952380953,0.9833785185763839,,,,
2020-01-30,224967.625,210655.2916666667,0.9700392921115639,,,,
2020-01-31,233014.0,210726.55952380953,0.9703674710105898,,,,
2020-02-01,197950.41666666666,210611.57142857142,0.9698379662940289,,,,
2020-02-02,151749.20833333334,211014.69047619047,0.9716942753024341,,,,
2020-02-03,217799.41666666666,211442.0119047619,0.9736620330207233,,,,
2020-02-04,223133.95833333334,211918.02976190476,0.9758540312445609,,,,
2020-02-05,228488.20833333334,212513.69642857142,0.9785969961475366,,,,
2020-02-06,227958.875,213423.2857142857,0.9827855324992497,,,,
2020-02-07,236346.125,213689.2142857143,0.9840100978122778,,,,
2020-02-08,202120.08333333334,214152.81547619047,0.9861449189557372,,,,
2020-02-09,158116.33333333334,214491.8392857143,0.987706078011356,,,,
2020-02-10,219660.91666666666,214834.4880952381,0.9892839297045349,,,,
2020-02-11,226379.16666666666,215930.7857142857,0.9943322328252906,,,,
2020-02-12,230861.375,215987.90476190476,0.994595258358996,,,,
2020-02-13,230357.41666666666,215949.6666666667,0.9944191770721553,,,,
2020-02-14,244020.20833333334,216281.44047619047,0.995946950852654,,,,
2020-02-15,202519.91666666666,216651.75,0.9976521764156878,,,,
2020-02-16,157848.66666666666,216655.6547619048,0.997670157319201,,,,
2020-02-17,221983.33333333334,217161.60714285713,1.0,,,,
2020-02-18,228971.33333333334,216638.3273809524,0.997590367059862,,,,
2020-02-19,230888.70833333334,216109.07142857142,0.9951532145661764,,,,
2020-02-20,233899.08333333334,215368.79166666666,0.9917443258052004,,,,
2020-02-21,240357.25,212571.55357142858,0.9788634205105645,,,,
2020-02-22,198815.125,208913.3392857143,0.9620178356309694,,,,
2020-02-23,152666.70833333334,204907.9226190476,0.9435734304740682,,,,
2020-02-24,202402.66666666666,200842.39880952382,0.9248522400066881,1.0,1.0,1.0,1.0
2020-02-25,203363.83333333334,196953.64285714287,0.9069450417521514,,,,
2020-02-26,202850.79166666666,193464.25,0.8908768568503542,,,,
2020-02-27,205440.41666666666,190553.1369047619,0.877471572493055,,,,
2020-02-28,213135.95833333334,190616.7857142857,0.8777646667022996,,,,
2020-02-29,174389.375,191037.0238095238,0.8796998066230575,,,,
2020-03-01,132288.91666666666,191476.0297619048,0.8817213700023163,,,,
2020-03-02,202848.20833333334,190918.66666666666,0.8791547878952338,1.0,1.0,1.0,1.0
2020-03-03,206305.5,190028.09523809524,0.875053826218405,,,,
2020-03-04,205923.83333333334,188514.67261904763,0.8680847185618568,,,,
2020-03-05,201538.875,187267.86904761902,0.8623433557683478,,,,
2020-03-06,206901.95833333334,182775.33333333334,0.841655832898201,,,,
2020-03-07,163795.41666666666,174162.0773809524,0.8019929474291557,,,,
2020-03-08,123561.29166666667,163054.4523809524,0.7508438279041147,,,,
2020-03-09,171400.45833333334,149310.58333333334,0.687555159025468,,,,
2020-03-10,146012.70833333334,133466.7976190476,0.6145966562646044,,,,
2020-03-11,128170.45833333333,117270.17857142857,0.5400134034478931,,,,
2020-03-12,105331.79166666667,103805.7261904762,0.4780114107471532,0.24,0.24,0.24,0.24
2020-03-13,95995.45833333333,90905.30952380954,0.4186067266669683,,,,
2020-03-14,50419.083333333336,80692.6726190476,0.3715789069748637,,,,
2020-03-15,29310.125,72854.35714285714,0.3354845181953861,,,,
2020-03-16,81097.54166666667,68254.39285714287,0.31430230119932084,,,,
2020-03-17,74524.25,65087.92857142857,0.29972115894597917,,,,
2020-03-18,73302.25,64012.56547619048,0.2947692564923808,,,,
2020-03-19,73132.04166666667,62698.91666666667,0.28872008036586755,,,,
2020-03-20,73830.20833333333,59964.767857142855,0.27612969274857024,,,,
2020-03-21,42891.541666666664,57988.79166666667,0.2670305880934075,,,,
2020-03-22,20114.583333333332,55846.68452380953,0.25716647274152593,,,,
2020-03-23,61958.5,52983.42857142857,0.24398156409191643,,,,
2020-03-24,60692.416666666664,50753.31547619047,0.23371219316314518,0.16,0.16,0.16,0.16
2020-03-25,58307.5,49955.0119047619,0.23003611256155237,,,,
2020-03-26,53089.25,49697.8630952381,0.22885197687151468,,,,
2020-03-27,58219.416666666664,49417.375,0.22756036690910736,,,,
2020-03-28,37303.416666666664,49281.81547619047,0.2269361335301365,,,,
2020-03-29,18314.541666666668,49611.125,0.22845255960628402,,,,
2020-03-30,59995.083333333336,50630.72023809523,0.23314765857663056,,,,
2020-03-31,59743.5,51354.88690476191,0.2364823487007016,,,,
2020-04-01,60612.666666666664,51583.92857142857,0.23753705477734244,,,,
2020-04-02,60226.416666666664,51679.30952380952,0.2379762712375439,,,,
2020-04-03,63288.583333333336,52613.44642857143,0.24227784607414657,,,,
2020-04-04,38906.708333333336,53903.80952380953,0.24821979461751523,,,,
2020-04-05,18982.208333333332,54942.17857142857,0.2530013444562764,,,,
2020-04-06,66534.04166666667,56368.74404761905,0.25957048664931626,,,,
2020-04-07,68776.04166666667,57650.654761904756,0.26547351311495854,,,,
2020-04-08,67881.25,58433.625,0.2690789857783662,,,,
2020-04-09,70212.375,58535.61904761905,0.26954865465290145,,,,
2020-04-10,72261.95833333333,55514.52678571428,0.2556369310215812,,,,
2020-04-11,44387.5,55843.181547619046,0.2571503420072006,,,,
2020-04-12,19696.166666666668,56398.830357142855,0.2597090300590821,,,,
2020-04-13,45386.39583333333,56549.55059523809,0.26040307648873523,,,,
2020-04-14,71076.625,56840.443452380954,0.26174259898062535,,,,
2020-04-15,71770.79166666667,56974.02083333333,0.2623577048582702,,,,
2020-04-16,71267.41666666667,57473.99702380952,0.2646600279855221,,,,
2020-04-17,74298.20833333333,61562.422619047626,0.28348667809660083,,,,
2020-04-18,45322.541666666664,61887.505952380954,0.28498364313388513,,,,
2020-04-19,23196.0,62426.375,0.28746506263850574,,,,
2020-04-20,74005.375,63190.07142857143,0.2909817820007319,,,,
2020-04-21,73352.20833333333,64042.017857142855,0.29490488074631716,,,,
2020-04-22,75542.875,61570.53571428572,0.28352403780923524,,,,
2020-04-23,76613.29166666667,62211.767857142855,0.2864768256030524,,,,
2020-04-24,80261.83333333333,63306.8630952381,0.291519591921202,,,,
2020-04-25,28022.166666666668,64367.416666666664,0.29640329850903774,,,,
2020-04-26,27684.625,65340.59523809523,0.30088465497085637,,,,
2020-04-27,81671.04166666667,66794.79166666667,0.3075810339841818,,,,
2020-04-28,80776.08333333333,65465.60416666667,0.3014603042774541,,,,
2020-04-29,82355.125,69337.06250000001,0.31928784932222143,,,,
2020-04-30,86792.66666666667,69507.29464285714,0.3200717454496117,,,,
2020-05-01,70957.52083333334,75278.44345238096,0.34664710969310497,,,,
2020-05-02,55122.375,80940.47321428571,0.37271999539513445,,,,
2020-05-03,28876.25,86447.8125,0.3980805522549451,,,,
2020-05-04,122069.08333333333,91528.87202380954,0.4214781481313977,,,,
2020-05-05,120410.29166666667,99872.38095238095,0.45989888482765334,0.17,0.17,0.17,0.17
2020-05-06,120906.5,105691.68452380951,0.48669599527453083,,,,
2020-05-07,122360.08333333333,111716.91666666666,0.5144413791024075,,,,
2020-05-08,129362.08333333333,112623.58928571429,0.5186164845963137,,,,
2020-05-09,95857.5,114379.57142857143,0.5267025462439511,,,,
2020-05-10,71052.875,116571.38095238095,0.5367955343768288,,,,
2020-05-11,128415.79166666667,118273.29166666666,0.5446326043666734,,,,
2020-05-12,132702.16666666666,119939.47023809525,0.5523051326434258,,,,
2020-05-13,136249.16666666666,121475.83928571429,0.5593799055180269,,,,
2020-05-14,134273.45833333334,122545.63095238096,0.5643061522922227,,,,
2020-05-15,141025.33333333334,126200.84523809524,0.5811379225752162,,,,
2020-05-16,106612.08333333333,129764.54166666666,0.5975482654321241,,,,
2020-05-17,78541.41666666667,133140.51190476192,0.613094154424714,,,,
2020-05-18,154002.29166666666,137104.45238095237,0.6313475673016173,,,,
2020-05-19,157648.04166666666,141379.52380952382,0.6510336963776429,0.18,0.18,0.18,0.18
2020-05-20,159880.95833333334,146695.9523809524,0.6755151350692032,,,,
2020-05-21,162021.04166666666,150940.91666666666,0.6950626248007642,,,,
2020-05-22,170950.83333333334,151808.73809523808,0.6990588257866988,,,,
2020-05-23,143827.08333333334,152959.13095238098,0.704356230204903,,,,
2020-05-24,108256.16666666667,154423.0357142857,0.7110973147877856,,,,
2020-05-25,160077.04166666666,155631.25595238098,0.7166610065194482,,,,
2020-05-26,165700.79166666666,156925.81547619047,0.7226222790521104,,,,
2020-05-27,170128.29166666666,157767.95833333334,0.726500233669516,,,,
2020-05-28,170478.58333333334,157998.1726190476,0.7275603394991934,,,,
2020-05-29,180012.75,158580.18452380953,0.7302404260597016,,,,
2020-05-30,149722.08333333334,159790.52380952382,0.7358138757207094,,,,
2020-05-31,109867.66666666667,161800.0833333333,0.7450676271100494,,,,
2020-06-01,164151.125,163852.7261904762,0.7545197714561381,,,,
2020-06-02,174173.1666666667,165538.72023809524,0.762283547336236,,,,
2020-06-03,184195.20833333334,166873.39285714287,0.768429535278615,,,,
2020-06-04,184847.08333333334,168270.9523809524,0.7748651089612603,0.24,0.24,0.8175932176909066,0.8175932176909066
2020-06-05,191814.70833333334,170265.3988095238,0.784049266579229,,,,
2020-06-06,159064.79166666666,171575.02976190476,0.7900799410138654,,,,
2020-06-07,119650.58333333333,172248.05357142858,0.7931791251577784,,,,
2020-06-08,178112.25,172739.5297619048,0.795442306927993,,,,
2020-06-09,183340.58333333334,173375.52976190476,0.7983710014074992,,,,
2020-06-10,188906.375,173117.7083333333,0.7971837683971915,,,,
2020-06-11,188287.41666666666,173687.4583333333,0.7998073905350825,,,,
2020-06-12,196266.70833333334,174574.8333333333,0.8038936330881516,,,,
2020-06-13,157260.04166666666,175517.60714285713,0.8082349797098113,,,,
2020-06-14,123638.83333333333,176264.77976190476,0.811675609151074,,,,
2020-06-15,184323.875,177567.75,0.8176756118920653,,,,
2020-06-16,189940.0,177549.85714285713,0.8175932176909066,0.24,0.24,0.8175932176909066,0.8175932176909066
2020-06-17,194136.58333333334,177691.55952380953,0.8182457381010139,,,,
2020-06-18,197408.20833333334,177329.42857142858,0.8165781737596672,,,,
2020-06-19,196141.45833333334,176887.57738095237,0.8145435084415682,,,,
2020-06-20,158251.95833333334,176959.56547619047,0.8148750039401752,,,,
2020-06-21,121103.91666666667,176745.82142857142,0.813890741342236,,,,
2020-06-22,181230.91666666666,176562.7380952381,0.8130476672107535,,,,
2020-06-23,190443.91666666666,177084.9107142857,0.8154522019069077,,,,
2020-06-24,192640.375,176943.1607142857,0.8147994622174894,,,,
2020-06-25,196126.625,176878.8869047619,0.8145034899672863,,,,
2020-06-26,199796.66666666666,177130.6369047619,0.8156627648654242,,,,
2020-06-27,157259.70833333334,176750.4226190476,0.8139119292056743,,,,
2020-06-28,120654.0,176862.1369047619,0.8144263584695949,,,,
2020-06-29,182993.16666666666,176013.64880952382,0.8105191848839808,,,,
2020-06-30,187782.41666666666,174700.67857142858,0.8044731334876513,0.24,0.24,0.8175932176909066,0.8175932176909066
2020-07-01,193422.375,173220.9880952381,0.7976593578131276,,,,
2020-07-02,190187.20833333334,172494.0416666667,0.7943118672592692,,,,
2020-07-03,190605.875,171852.54166666666,0.7913578460193267,,,,
2020-07-04,146901.875,171656.0476190476,0.7904530173518459,,,,
2020-07-05,115565.375,170765.06547619047,0.7863501643909586,,,,
2020-07-06,178502.66666666666,170358.25,0.7844768338260266,,,,
2020-07-07,186406.95833333334,170005.3511904762,0.7828517822611262,,,,
2020-07-08,187185.5,169110.09523809524,0.7787292489820644,,,,
2020-07-09,187339.5,168460.76785714287,0.7757391837053544,,,,
2020-07-10,188135.58333333334,167632.98214285713,0.7719273418002557,,,,
2020-07-11,140635.08333333334,166835.67857142858,0.7682558660641968,,,,
2020-07-12,111020.08333333333,166438.8273809524,0.7664284196951197,,,,
2020-07-13,172708.16666666666,166269.5892857143,0.7656491010233492,,,,
2020-07-14,180825.83333333334,166605.5416666667,0.7671961165633999,,,,
2020-07-15,184407.54166666666,167344.7142857143,0.7705999070803919,,,,
2020-07-16,186154.83333333334,167597.0892857143,0.7717620600194885,,,,
2020-07-17,190487.25,167980.5773809524,0.7735279711318788,,,,
2020-07-18,145809.29166666666,168457.3630952381,0.7757235052346084,,,,
2020-07-19,112786.70833333333,169454.74404761908,0.7803163104063111,,,,
2020-07-20,175392.58333333334,169730.1130952381,0.7815843478427713,,,,
2020-07-21,184163.33333333334,169107.94047619047,0.7787193265932355,,,,
2020-07-22,191389.20833333334,168864.5119047619,0.7775983707547183,,,,
2020-07-23,188082.41666666666,169031.89880952382,0.7783691649432684,,,,
2020-07-24,186132.04166666666,168971.04166666666,0.778088925983639,,,,
2020-07-25,144105.29166666666,168505.1011904762,0.7759433327440204,,,,
2020-07-26,113958.41666666667,167556.49404761902,0.7715751244067466,,,,
2020-07-27,174966.58333333334,166962.52380952382,0.7688399713292301,,,,
2020-07-28,180901.75,165992.5119047619,0.7643731969416018,,,,
2020-07-29,184748.95833333334,165076.09523809524,0.7601532214186549,,,,
2020-07-30,183924.625,163883.48214285713,0.7546613984812166,,,,
2020-07-31,179341.95833333334,161484.26785714287,0.7436133393086947,,,,
2020-08-01,137690.375,158325.1011904762,0.7290658016097844,,,,
2020-08-02,105610.125,155272.06547619047,0.715006982675564,,,,
2020-08-03,158172.08333333334,151264.3333333333,0.6965519150621587,,,,
2020-08-04,158787.58333333334,147474.2797619048,0.6790992279997754,,,,
2020-08-05,163377.70833333334,144542.1666666667,0.6655972414662661,,,,
2020-08-06,155870.5,142162.5892857143,0.6546396075996728,,,,
2020-08-07,152811.58333333334,136753.14880952382,0.6297298615936399,,,,
2020-08-08,117165.58333333333,131049.66666666666,0.603466093251268,,,,
2020-08-09,88953.08333333333,124028.84523809524,0.5711361546357703,,,,
2020-08-10,120306.0,118006.66666666666,0.5434048320937199,,,,
2020-08-11,118863.20833333333,111875.49999999999,0.5151716340283117,,,,
2020-08-12,114231.95833333333,106326.8988095238,0.4896210716454034,,,,
2020-08-13,113715.25,105023.1488095238,0.48361747820569223,,,,
2020-08-14,109893.41666666667,103544.32142857143,0.47680767696868287,,,,
2020-08-15,78325.375,102838.40476190476,0.473557025640604,,,,
2020-08-16,79826.83333333333,102674.15476190476,0.4728006764766749,,,,
2020-08-17,109954.20833333333,101759.31547619049,0.46858796458090934,,,,
2020-08-18,113921.79166666667,102795.68452380954,0.4733603046886029,,,,
2020-08-19,113082.20833333333,106223.08333333334,0.4891430153372174,,,,
2020-08-20,107311.375,107981.1488095238,0.49723867045471676,,,,
2020-08-21,117148.0,112467.5238095238,0.5178978240639857,,,,
2020-08-22,102317.16666666667,117747.76785714286,0.5422126378889981,,,,
2020-08-23,92133.29166666667,123437.23214285714,0.5684118558841548,,,,
2020-08-24,141358.83333333334,130169.50595238095,0.5994130715138358,,,,
2020-08-25,150883.5,136149.38095238095,0.6269495917978574,,,,
2020-08-26,152908.45833333334,141483.60119047618,0.6515129587220402,,,,
2020-08-27,154437.29166666666,145252.60119047618,0.6688686969189886,,,,
2020-08-28,159007.125,149969.05952380953,0.6905873533398296,,,,
2020-08-29,139656.70833333334,154784.61904761902,0.7127623574170541,,,,
2020-08-30,118516.29166666667,159597.2857142857,0.7349240402761275,,,,
2020-08-31,174374.04166666666,164859.0119047619,0.7591535818590226,,,,
2020-09-01,184592.41666666666,169687.8273809524,0.7813896278144843,,,,
2020-09-02,186597.125,172123.4880952381,0.7926055178897656,,,,
2020-09-03,191269.375,178656.4851190476,0.8226890907172215,,,,
2020-09-04,192808.83333333334,178287.08035714287,0.8209880314610992,,,,
2020-09-05,156706.33333333334,179582.15773809524,0.8269516886562701,,,,
2020-09-06,164247.27083333334,180710.33035714287,0.8321467718659162,,,,
2020-09-07,171788.20833333334,181779.81845238098,0.8370716207345036,,,,
2020-09-08,193657.95833333334,183310.0505952381,0.8441181339878822,,,,
2020-09-09,194494.33333333334,184935.62797619047,0.8516036992419789,,,,
2020-09-10,198755.79166666666,180804.54761904763,0.832580629687952,,,,
2020-09-11,203520.45833333334,183963.1607142857,0.8471256182648702,,,,
2020-09-12,168085.375,185222.5892857143,0.8529251174857435,,,,
2020-09-13,135329.70833333334,186288.24404761908,0.8578323143697846,,,,
2020-09-14,193898.5,187104.39285714287,0.8615905698932248,,,,
2020-09-15,202473.95833333334,188330.94642857142,0.8672386841596738,0.34,0.34,0.9175932176909067,0.9175932176909067
2020-09-16,201953.91666666666,188960.30952380953,0.8701368165851907,,,,
2020-09-17,204468.83333333334,189840.9761904762,0.8741921681653039,,,,
2020-09-18,212106.33333333334,190347.89880952382,0.8765264786620673,,,,
2020-09-19,172490.91666666666,190243.55357142858,0.8760459828715449,,,,
2020-09-20,141494.375,191268.69642857142,0.8807666278816385,,,,
2020-09-21,197446.95833333334,192004.72619047618,0.8841559459640957,,,,
2020-09-22,201743.54166666666,193094.51785714287,0.889174290048968,,,,
2020-09-23,209129.91666666666,195032.2857142857,0.8980974504668594,,,,
2020-09-24,209621.04166666666,194449.48214285713,0.8954137183878037,,,,
2020-09-25,219734.875,194956.3273809524,0.8977476725556868,,,,
2020-09-26,186055.29166666666,196203.875,0.903492461588432,,,,
2020-09-27,137414.75,196101.5297619048,0.9030211755289773,,,,
2020-09-28,200994.875,196230.64285714287,0.9036157239712033,,,,
2020-09-29,210476.375,196248.8154761905,0.9036994064383148,,,,
2020-09-30,208413.5,196595.56547619047,0.905296143562165,,,,
2020-10-01,210524.83333333334,197482.29166666666,0.9093793984346198,,,,
2020-10-02,219862.08333333334,197745.7083333333,0.9105923967639855,,,,
2020-10-03,188482.54166666666,197348.41666666666,0.9087629220612804,,,,
2020-10-04,143621.83333333334,197619.0892857143,0.9100093330756802,,,,
2020-10-05,202838.79166666666,197701.1011904762,0.9103869868692809,,,,
2020-10-06,207695.33333333334,197805.31547619047,0.9108668796416977,,,,
2020-10-07,210308.20833333334,197767.35714285713,0.9106920866208099,,,,
2020-10-08,211098.91666666666,195966.42857142858,0.902399052713376,,,,
2020-10-09,220591.58333333334,196421.2797619048,0.9044935812834146,,,,
2020-10-10,188216.83333333334,196702.31547619047,0.9057877129578997,,,,
2020-10-11,131015.33333333333,197063.5833333333,0.907451302861732,,,,
2020-10-12,206022.75,197487.73214285713,0.9094044510959168,,,,
2020-10-13,209662.58333333334,197378.625,0.908902027374281,,,,
2020-10-14,212837.08333333334,196674.44642857142,0.9056593797410586,,,,
2020-10-15,214067.95833333334,197464.7857142857,0.9092987858778642,,,,
2020-10-16,219827.83333333334,196491.3095238095,0.9048160589203509,,,,
2020-10-17,183287.58333333334,195614.875,0.900780195789015,,,,
2020-10-18,136547.70833333334,194587.7857142857,0.8960505877370787,,,,
2020-10-19,199208.41666666666,193372.67857142858,0.8904551827350435,,,,
2020-10-20,203527.54166666666,192956.74404761902,0.8885398601820291,,,,
2020-10-21,205647.45833333334,191647.00595238098,0.8825086923689431,,,,
2020-10-22,205562.20833333334,190934.36904761902,0.8792270952480802,,,,
2020-10-23,216916.29166666666,189082.98214285713,0.8707017075005858,,,,
2020-10-24,174119.41666666666,187175.0416666667,0.8619158981612061,,,,
2020-10-25,131559.25,185180.82142857142,0.852732782119965,,,,
2020-10-26,186248.70833333334,182973.9345238095,0.8425703646751993,0.24,0.24,0.8175932176909066,0.8175932176909066
2020-10-27,190171.95833333334,180156.32142857142,0.8295956352453119,,,,
2020-10-28,191687.91666666666,178009.5476190476,0.819710030520939,,,,
2020-10-29,190114.0,175980.4642857143,0.8103663746140343,,,,
2020-10-30,197193.0,174339.3333333333,0.8028091872549382,,,,
2020-10-31,159092.0,173441.1607142857,0.7986732231180697,,,,
2020-11-01,117355.66666666667,172282.30357142858,0.7933368418023116,,,,
2020-11-02,174760.79166666666,171619.5595238095,0.7902849945796895,,,,
2020-11-03,183884.75,170501.2976190476,0.7851355488766731,,,,
2020-11-04,183575.91666666666,169127.6845238095,0.7788102452776143,,,,
2020-11-05,185474.79166666666,167857.7976190476,0.7729625868380334,,,,
2020-11-06,189365.16666666666,165775.2857142857,0.7633728995440361,,,,
2020-11-07,149476.70833333334,165449.9166666667,0.761874618830885,,,,
2020-11-08,108466.45833333333,165421.92857142858,0.761745737415766,,,,
2020-11-09,160183.20833333334,165439.51785714287,0.7618267337113162,,,,
2020-11-10,181607.16666666666,166280.10714285713,0.7656975343411958,,,,
2020-11-11,183380.0,167969.72023809524,0.7734779754489401,,,,
2020-11-12,185597.91666666666,163038.7023809524,0.7507713012719571,,,,
2020-11-13,195249.29166666666,164337.10119047618,0.7567502531990796,,,,
2020-11-14,161304.0,162624.63095238092,0.7488645580219908,,,,
2020-11-15,73949.33333333333,160983.8988095238,0.7413092071271258,,,,
2020-11-16,169272.0,159510.65476190476,0.7345251163893469,0.21,0.21,0.7875932176909066,0.7875932176909066
2020-11-17,169619.875,157450.5297619048,0.7250385177814965,,,,
2020-11-18,171894.875,151893.02380952382,0.6994469501674061,,,,
2020-11-19,175285.20833333334,152099.57142857142,0.70039807417945,,,,
2020-11-20,180828.41666666666,152938.94642857142,0.7042632831868959,,,,
2020-11-21,122401.45833333333,154746.5119047619,0.7125868791483192,,,,
2020-11-22,75395.16666666667,155945.7976190476,0.71810942859923,,,,
2020-11-23,175147.625,156547.9702380952,0.7208823525380894,,,,
2020-11-24,182272.83333333334,157945.69642857142,0.7273186936983238,,,,
2020-11-25,180289.875,159719.45238095237,0.7354866013488418,,,,
2020-11-26,179500.41666666666,160366.93452380953,0.7384681695522454,,,,
2020-11-27,190612.5,161570.4523809524,0.7440102074519334,,,,
2020-11-28,134817.75,161797.7023809524,0.7450566631444928,,,,
2020-11-29,79927.54166666667,160329.9583333333,0.7382978991671497,,,,
2020-11-30,183572.25,160496.9166666667,0.7390667198418998,,,,
2020-12-01,183863.58333333334,160777.7142857143,0.7403597551198293,,,,
2020-12-02,170015.66666666666,160270.7261904762,0.738025143114013,,,,
2020-12-03,180669.125,164822.1904761905,0.7589840241316883,,,,
2020-12-04,192578.08333333334,165956.6666666667,0.7642081344401458,,,,
2020-12-05,131268.83333333334,167990.40773809524,0.773573238604671,,,,
2020-12-06,111787.79166666667,172943.30654761902,0.79638067162512,,,,
2020-12-07,191513.58333333334,176310.24107142858,0.8118849523684222,0.27,0.27,0.8475932176909067,0.8475932176909067
2020-12-08,198099.77083333334,178881.69940476192,0.8237261722192301,,,,
2020-12-09,204685.95833333334,184377.1994047619,0.8490322107603099,,,,
2020-12-10,204237.66666666666,187162.94940476192,0.861860214921135,,,,
2020-12-11,210578.29166666666,188871.80059523808,0.8697292448705772,,,,
2020-12-12,169737.33333333334,190066.75,0.875231826199218,,,,
2020-12-13,131288.04166666666,190518.60714285713,0.8773125675825689,,,,
2020-12-14,203475.54166666666,191833.64285714287,0.883368130219019,,,,
2020-12-15,206464.41666666666,193450.11904761908,0.8908117857147754,,,,
2020-12-16,207848.95833333334,194514.19047619047,0.895711691561721,,,,
2020-12-17,213442.91666666666,193838.23809523808,0.8925990217401731,,,,
2020-12-18,221893.625,194658.1011904762,0.8963743810498821,,,,
2020-12-19,177185.83333333334,195869.82142857142,0.9019541898109127,,,,
2020-12-20,126556.375,198371.80952380953,0.9134755085566899,,,,
2020-12-21,209214.58333333334,182460.36904761902,0.8402054647145325,,,,
2020-12-22,214946.45833333334,158412.0,0.7294659589426901,,,,
2020-12-23,225362.875,140618.94642857142,0.647531339810296,,,,
2020-12-24,102062.83333333333,131740.93452380953,0.6066492887812593,,,,
2020-12-25,53555.041666666664,124364.1011904762,0.5726799632158956,0.25,0.25,0.8275932176909067,0.8275932176909067
2020-12-26,52634.458333333336,116762.99404761904,0.5376778869149182,,,,
2020-12-27,64410.291666666664,109417.30357142857,0.5038519700190361,,,,
2020-12-28,157576.75,109726.26785714286,0.5052747090095017,,,,
2020-12-29,161738.70833333334,108837.19047619046,0.5011806272210595,,,,
2020-12-30,173943.04166666666,112158.5,0.5164748109743813,,,,
2020-12-31,104225.58333333333,111850.97023809524,0.5150586777731638,,,,
2021-01-01,47331.5,113300.96428571429,0.5217357053872815,,,,
2021-01-02,75883.625,107050.28571428571,0.49295217107075456,,,,
2021-01-03,62257.583333333336,90781.76785714286,0.4180378339041448,,,,
2021-01-04,167726.70833333334,101807.4880952381,0.4688097930140353,,,,
2021-01-05,117983.95833333333,124022.67857142857,0.5711077579649784,,,,
2021-01-06,60063.416666666664,131213.09523809524,0.6042186598470801,,,,
2021-01-07,181405.625,133023.3630952381,0.6125546999094104,,,,
2021-01-08,202837.83333333334,135588.35119047618,0.6243661251838177,,,,
2021-01-09,126216.54166666667,145942.5892857143,0.6720459993174932,,,,
2021-01-10,74929.45833333333,165177.60119047618,0.760620642680251,0.23,0.23,0.8075932176909066,0.8075932176909066
2021-01-11,185681.625,166559.9642857143,0.7669862388527308,,,,
2021-01-12,190463.625,165847.64285714287,0.7637060944573044,,,,
2021-01-13,194708.5,168150.30952380953,0.7743095648265022,,,,
2021-01-14,191082.16666666666,170713.38690476192,0.7861121915185505,,,,
2021-01-15,197851.58333333334,171819.2380952381,0.7912044875511025,,,,
2021-01-16,142335.20833333334,172231.9642857143,0.793105036160529,,,,
2021-01-17,92871.0,172370.85714285713,0.7937446190912791,,,,
2021-01-18,193422.58333333334,173450.6726190476,0.7987170241604685,,,,
2021-01-19,193352.70833333334,174585.82142857142,0.8039442317891958,,,,
2021-01-20,195680.75,175534.86309523808,0.8083144410501834,,,,
2021-01-21,198640.875,174900.55357142858,0.8053935309862225,,,,
2021-01-22,205797.625,174542.82142857142,0.8037462225712418,,,,
2021-01-23,148978.5,174424.875,0.8032030951274767,,,,
2021-01-24,88430.83333333333,174212.6607142857,0.8022258768774078,,,,
2021-01-25,190918.45833333334,173381.4107142857,0.7983980824024242,,,,
2021-01-26,192527.08333333334,172420.35714285713,0.793972559935203,,,,
2021-01-27,194195.25,172330.15476190476,0.7935571901000874,,,,
2021-01-28,192822.125,172549.54761904763,0.7945674647063098,,,,
2021-01-29,199070.25,173730.57142857142,0.8000059205414006,,,,
2021-01-30,148347.08333333334,174930.35714285713,0.8055307724250784,,,,
2021-01-31,89966.58333333333,175938.10119047618,0.8101712982568665,,,,
2021-02-01,199185.625,177334.6666666667,0.816602294483892,,,,
2021-02-02,200925.58333333334,178642.30357142858,0.8226237865973745,0.29,0.29,0.8675932176909067,0.8675932176909067
2021-02-03,201249.45833333334,181905.24404761908,0.8376491887350738,,,,
2021-02-04,202598.08333333334,185972.56547619047,0.8563786569964491,,,,
2021-02-05,208223.70833333334,185788.0773809524,0.8555291141252881,,,,
2021-02-06,171187.66666666666,185659.30952380953,0.8549361554580677,,,,
2021-02-07,118437.83333333333,185872.8154761905,0.8559193216594512,,,,
2021-02-08,197894.20833333334,186206.4583333333,0.8574557021529117,,,,
2021-02-09,200024.20833333334,186347.11904761902,0.8581034258280877,,,,
2021-02-10,202744.0,184858.63095238092,0.8512491383008319,,,,
2021-02-11,204933.58333333334,185741.18452380953,0.8553131788236488,,,,
2021-02-12,209208.33333333334,185699.13095238098,0.8551195277820036,,,,
2021-02-13,160768.25,185753.91666666666,0.8553718086294632,,,,
2021-02-14,124615.70833333333,185495.92857142858,0.8541838081415668,,,,
2021-02-15,197599.83333333334,184852.49404761902,0.8512208786796096,,,,
2021-02-16,200407.70833333334,185136.5416666667,0.8525288797705244,,,,
2021-02-17,200938.08333333334,187573.7261904762,0.863751786783762,,,,
2021-02-18,200429.54166666666,184098.25,0.8477476862606437,,,,
2021-02-19,211196.66666666666,183343.90476190476,0.8442740278731415,,,,
2021-02-20,177828.54166666666,182509.8154761905,0.8404331588692315,,,,
2021-02-21,100287.375,181377.13095238092,0.8352172989448553,,,,
2021-02-22,192319.41666666666,180324.8273809524,0.8303715824976737,0.26,0.26,0.8375932176909067,0.8375932176909067
2021-02-23,194569.08333333334,179625.9583333333,0.8271533845076425,,,,
2021-02-24,193009.29166666666,171443.35714285713,0.7894736063086658,,,,
2021-02-25,193063.41666666666,168552.17857142858,0.7761601177529902,,,,
2021-02-26,206304.58333333334,164916.99404761908,0.7594205818302424,,,,
2021-02-27,120550.33333333333,161799.7976190476,0.7450663114341826,,,,
2021-02-28,80049.125,160464.22619047618,0.7389161845948061,,,,
2021-03-01,166873.125,154205.4345238095,0.7100952905656446,,,,
2021-03-02,172748.70833333334,146890.75,0.6764121519112248,,,,
2021-03-03,183660.29166666666,143651.08333333334,0.6614939225368425,,,,
2021-03-04,149251.875,141667.58333333334,0.6523601717505205,,,,
2021-03-05,155101.79166666666,140505.22619047618,0.647007673405394,0.2,0.2,0.7775932176909066,0.7775932176909066
2021-03-06,97872.66666666667,137366.04166666666,0.6325521507874183,,,,
2021-03-07,66164.625,132906.4107142857,0.6120161499212651,,,,
2021-03-08,158736.625,133094.11309523808,0.6128804941459276,,,,
2021-03-09,150774.41666666666,133435.30952380953,0.614451657820117,,,,
2021-03-10,152442.875,134288.07142857142,0.6183785117239055,,,,
2021-03-11,150565.79166666666,132745.3333333333,0.6112744102414401,,,,
2021-03-12,157490.16666666666,131115.32142857142,0.6037684246014942,,,,
2021-03-13,103842.0,132545.94047619047,0.6103562329458943,,,,
2021-03-14,55365.458333333336,133890.94642857142,0.6165498044987892,,,,
2021-03-15,147326.54166666666,135406.57142857142,0.6235290538234775,,,,
2021-03-16,160788.75,137028.63095238098,0.6309984198184643,,,,
2021-03-17,161857.91666666666,138618.25,0.6383184017827408,,,,
2021-03-18,161175.16666666666,141621.11904761902,0.6521462099626814,,,,
2021-03-19,168844.58333333334,143978.67857142858,0.6630024545577891,,,,
2021-03-20,114969.33333333333,145107.5,0.6682005254480493,,,,
2021-03-21,76385.54166666667,146708.61904761902,0.6755734633659648,,,,
2021-03-22,163829.45833333334,147639.82738095237,0.6798615525249327,,,,
2021-03-23,168690.5,147743.125,0.6803372241706103,,,,
2021-03-24,173065.75,147953.60714285713,0.6813064661357366,,,,
2021-03-25,167693.625,147561.8869047619,0.6795026471124341,,,,
2021-03-26,169567.66666666666,147674.82142857142,0.6800226954087024,,,,
2021-03-27,116442.70833333333,147534.08333333334,0.6793746154046458,,,,
2021-03-28,73643.5,147139.25,0.6775564609963778,,,,
2021-03-29,164620.0,147487.82738095237,0.6791616129637928,,,,
2021-03-30,167705.33333333334,147466.00595238098,0.6790611282194658,,,,
2021-03-31,170301.91666666666,148432.2857142857,0.6835107165910839,,,,
2021-04-01,170133.66666666666,148421.39285714287,0.683460556448662,,,,
2021-04-02,169414.91666666666,141635.41964285713,0.6522120622808063,,,,
2021-04-03,123206.66666666667,140630.24702380953,0.6475833775318195,,,,
2021-04-04,73567.25,141361.83630952382,0.6509522478185136,,,,
2021-04-05,117118.1875,142415.38392857142,0.6558036929376987,,,,
2021-04-06,160669.125,144059.20535714287,0.6633732695778737,,,,
2021-04-07,175423.04166666666,144588.65773809524,0.6658113265987176,,,,
2021-04-08,177508.5,145546.74107142858,0.6702231715189068,,,,
2021-04-09,180921.66666666666,156639.47619047618,0.7213037251443475,,,,
2021-04-10,126912.83333333333,161697.22619047618,0.7445939837979999,,,,
2021-04-11,80273.83333333333,164866.51785714287,0.7591881457604402,,,,
2021-04-12,194767.33333333334,167748.9642857143,0.7724614239724367,,,,
2021-04-13,196073.375,171177.1845238095,0.7882479171891681,0.39,0.39,0.9675932176909067,0.9675932176909067
2021-04-14,197608.08333333334,175611.5773809524,0.8086677000204205,,,,
2021-04-15,197685.625,178598.59523809524,0.8224225155996673,,,,
2021-04-16,204919.20833333334,178556.5,0.8222286726886248,,,,
2021-04-17,157953.58333333334,178810.875,0.8234000353587889,,,,
2021-04-18,101182.95833333333,178780.625,0.8232607381763911,,,,
2021-04-19,194472.66666666666,179128.42857142858,0.8248623268550003,,,,
2021-04-20,197854.0,179153.10714285713,0.8249759683579954,,,,
2021-04-21,197396.33333333334,179458.01785714287,0.8263800411971007,,,,
2021-04-22,200120.25,180961.89285714287,0.8333051833517666,,,,
2021-04-23,205091.95833333334,182482.79166666666,0.8403087178601628,,,,
2021-04-24,160087.95833333334,183682.32142857142,0.8458323911175433,,,,
2021-04-25,111710.08333333333,185093.8630952381,0.8523323506879205,,,,
2021-04-26,205118.95833333334,186735.75595238098,0.8598930465159945,,,,
2021-04-27,206250.70833333334,189514.99404761908,0.8726910642310219,0.29,0.29,0.8675932176909067,0.8675932176909067
2021-04-28,207277.125,192352.3630952381,0.8857567671651161,,,,
2021-04-29,211613.5,195729.84523809524,0.9013096182758342,,,,
2021-04-30,224546.625,195462.32142857145,0.9000777071058833,,,,
2021-05-01,179949.5416666667,195540.23214285713,0.9004364754688123,,,,
2021-05-02,135352.45833333334,195900.8333333333,0.9020969954622887,,,,
2021-05-03,203246.29166666666,195439.01785714287,0.899970397292997,,,,
2021-05-04,206796.08333333334,194272.06547619047,0.8945967384943461,,,,
2021-05-05,209801.33333333334,193529.5595238095,0.8911775984255744,,,,
2021-05-06,208380.79166666666,193253.56547619047,0.8899066829481556,,,,
2021-05-07,216377.95833333334,192474.1845238095,0.8863177384628246,,,,
2021-05-08,174752.0,192096.7857142857,0.8845798676923456,,,,
2021-05-09,133420.5,190860.63690476192,0.8788875686447032,,,,
2021-05-10,197790.625,191278.5833333333,0.8808121557486127,,,,
2021-05-11,204154.29166666666,191436.36904761908,0.8815387377460556,,,,
2021-05-12,201148.29166666666,191960.7916666667,0.8839536333896608,,,,
2021-05-13,211306.41666666666,191600.8511904762,0.8822961558966264,,,,
2021-05-14,217482.45833333334,192381.3273809524,0.8858901438061133,,,,
2021-05-15,178422.95833333334,193010.18452380953,0.8887859463889495,,,,
2021-05-16,130900.91666666667,194549.04166666666,0.8958721766075572,,,,
2021-05-17,203253.95833333334,195066.32142857142,0.8982541803544924,,,,
2021-05-18,208556.29166666666,195466.1726190476,0.900095441320171,,,,
2021-05-19,211920.29166666666,196248.49404761902,0.9036979263029644,,,,
2021-05-20,214927.375,197080.63095238092,0.9075298048551179,,,,
2021-05-21,220281.41666666666,197284.14880952382,0.9084669772209911,,,,
2021-05-22,183899.20833333334,197916.55357142858,0.9113791161125068,,,,
2021-05-23,136725.875,198451.51190476192,0.9138425273037006,,,,
2021-05-24,204678.58333333334,198927.72023809524,0.9160354026447827,,,,
2021-05-25,212983.125,199592.76785714287,0.9190978575040808,,,,
2021-05-26,215665.0,198698.7142857143,0.9149808610276251,,,,
2021-05-27,218260.83333333334,198439.35714285713,0.9137865562595335,,,,
2021-05-28,224936.75,197884.41666666666,0.9112311299874052,,,,
2021-05-29,177640.83333333334,198639.15476190476,0.9147065974292242,,,,
2021-05-30,134910.375,198693.22619047618,0.9149555890870169,,,,
2021-05-31,200794.0,198058.9226190476,0.9120347064329697,,,,
2021-06-01,218266.29166666666,197647.2976190476,0.9101392286576132,,,,
2021-06-02,216043.5,197027.20833333334,0.9072838008779396,,,,
2021-06-03,213820.70833333334,196099.24404761908,0.9030106501220428,,,,
2021-06-04,222055.375,196637.88095238098,0.9054910006400216,,,,
2021-06-05,173300.20833333334,195497.60714285713,0.9002401930754335,,,,
2021-06-06,128414.625,195642.1547619048,0.9009058154243811,,,,
2021-06-07,204564.45833333334,196082.89285714287,0.9029353550885821,,,,
2021-06-08,210284.375,195780.79761904763,0.9015442471387477,,,,
2021-06-09,217055.33333333334,195418.05357142858,0.8998738595762702,,,,
2021-06-10,216905.875,195975.8452380952,0.9024424151971525,,,,
2021-06-11,219940.70833333334,196268.75,0.9037912022399383,,,,
2021-06-12,170761.0,196874.9404761905,0.9065826278706747,,,,
2021-06-13,132319.16666666666,196818.98809523808,0.906324974680092,,,,
2021-06-14,206614.79166666666,195262.59226190476,0.8991579811502023,,,,
2021-06-15,214527.70833333334,191750.85416666666,0.8829868994316554,,,,
2021-06-16,216663.66666666666,191739.66369047618,0.882935368793539,,,,
2021-06-17,206011.10416666666,191356.05059523808,0.881168882072957,,,,
2021-06-18,195358.54166666666,190813.61607142858,0.8786710440299152,,,,
2021-06-19,170682.66666666666,190104.76488095237,0.8754068796142876,,,,
2021-06-20,129633.875,189741.9732142857,0.8737362727724991,,,,
2021-06-21,202817.75,191398.3095238095,0.8813634787566315,0.65,0.45,0.8813634787566315,0.8813634787566315
2021-06-22,209565.75,194962.1547619048,0.8977745068613869,,,,
2021-06-23,214124.125,194069.3630952381,0.8936633212866762,,,,
2021-06-24,217605.45833333334,194099.38095238098,0.8938015494824325,,,,
2021-06-25,220305.45833333334,194224.5892857143,0.8943781170211454,,,,
2021-06-26,164433.125,194097.1130952381,0.8937911063052396,,,,
2021-06-27,129844.0,194063.5,0.8936363225214928,,,,
2021-06-28,203694.20833333334,193352.2380952381,0.8903610570907392,,,,
2021-06-29,208673.41666666666,188697.75,0.8689277652834254,,,,
2021-06-30,213888.83333333334,188467.5119047619,0.8678675498140923,,,,
2021-07-01,212626.625,187519.43452380953,0.8635017809591552,,,,
2021-07-02,187724.0416666667,185816.6666666667,0.8556607639417102,,,,
2021-07-03,162821.45833333334,183857.4107142857,0.8466386537346693,,,,
2021-07-04,123207.45833333333,182717.5357142857,0.841389682634312,,,,
2021-07-05,191774.83333333334,181340.72023809524,0.8350496325015795,,,,
2021-07-06,194958.625,183791.30357142858,0.8463342392309875,,,,
2021-07-07,205909.70833333334,182544.1011904762,0.840591039973248,,,,
2021-07-08,202988.91666666666,181555.80357142858,0.8360400623301443,,,,
2021-07-09,204878.125,183296.2976190476,0.8440548033818351,,,,
2021-07-10,154091.04166666666,183781.9642857143,0.8462912330760913,,,,
2021-07-11,116289.375,182882.9642857143,0.8421514589611917,,,,
2021-07-12,203958.29166666666,182124.39880952382,0.8386583669447403,,,,
2021-07-13,198358.29166666666,181567.625,0.8360944984191333,,,,
2021-07-14,199616.70833333334,182049.49404761902,0.8383134405883264,0.49,0.35,0.7213634787566314,0.7813634787566315
2021-07-15,197678.95833333334,182910.55357142858,0.84227850391208,,,,
2021-07-16,200980.70833333334,180483.5416666667,0.8311024404416835,,,,
2021-07-17,157464.125,180339.2023809524,0.8304377774397222,,,,
2021-07-18,122316.79166666667,181234.88690476192,0.8345622842325842,,,,
2021-07-19,186969.20833333334,181402.3392857143,0.835333379930187,,,,
2021-07-20,197347.91666666666,181319.60119047618,0.8349523821270916,,,,
2021-07-21,205886.5,180473.10119047618,0.8310543634527172,,,,
2021-07-22,198851.125,180163.2619047619,0.8296275952049097,,,,
2021-07-23,200401.54166666666,179943.31547619047,0.8286147714766955,,,,
2021-07-24,151538.625,179334.6845238095,0.8258121077812633,,,,
2021-07-25,120147.91666666667,178164.98809523808,0.8204258130123084,,,,
2021-07-26,185429.58333333334,177801.47023809524,0.818751862161025,,,,
2021-07-27,193087.5,177229.16666666666,0.8161164811700744,,,,
2021-07-28,197698.625,176973.625,0.8149397461567875,,,,
2021-07-29,196306.5,176644.0357142857,0.8134220318146871,0.35,0.25,0.5813634787566314,0.6813634787566314
2021-07-30,196395.41666666666,174441.6488095238,0.8032803362648235,,,,
2021-07-31,149749.83333333334,171489.19047619047,0.7896846626456323,,,,
2021-08-01,117840.79166666667,167926.6607142857,0.7732796921318472,,,,
2021-08-02,170012.875,164334.35714285713,0.7567376172287754,,,,
2021-08-03,172420.29166666666,160209.7619047619,0.7377444107759336,,,,
2021-08-04,172760.91666666666,157342.9404761905,0.7245430835879031,,,,
2021-08-05,171160.375,154534.32142857142,0.7116097705379059,,,,
2021-08-06,167523.25,149144.04166666666,0.6867882570446905,,,,
2021-08-07,129682.08333333333,142903.26785714287,0.6580503328248796,,,,
2021-08-08,98180.45833333333,136191.46428571426,0.627143379889072,,,,
2021-08-09,132280.91666666666,129013.48214285714,0.5940897373170902,,,,
2021-08-10,128734.875,122301.10714285714,0.5631801530295493,,,,
2021-08-11,125778.29166666667,117778.19642857143,0.5423527573688128,,,,
2021-08-12,120914.5,115163.97619047618,0.5303146246966065,,,,
2021-08-13,120536.625,112592.07142857143,0.5184713491022569,,,,
2021-08-14,98021.70833333333,110920.76190476191,0.5107751934797298,,,,
2021-08-15,79880.91666666667,110106.55357142857,0.5070258735882182,,,,
2021-08-16,114277.58333333333,109716.16666666667,0.5052281943856274,,,,
2021-08-17,117035.70833333333,110031.58928571429,0.5066806731326654,,,,
2021-08-18,120078.83333333333,111552.97023809524,0.5136864278440869,,,,
2021-08-19,118181.79166666667,114460.76785714286,0.5270764448793485,,,,
2021-08-20,122744.58333333333,118127.30952380951,0.543960376228478,,,,
2021-08-21,108671.375,122772.18452380951,0.5653494010248566,,,,
2021-08-22,100235.5,127596.4761904762,0.5875646154457607,,,,
2021-08-23,139943.375,132908.31547619047,0.6120249210937104,,,,
2021-08-24,149549.83333333334,138366.07142857142,0.6371571533708027,,,,
2021-08-25,153848.875,142960.1130952381,0.6583120975025458,,,,
2021-08-26,155364.66666666666,145840.3392857143,0.6715751518166606,,,,
2021-08-27,160948.875,151242.29761904763,0.6964504435609317,,,,
2021-08-28,140829.66666666666,156395.0357142857,0.7201781096204687,,,,
2021-08-29,120397.08333333333,162478.8392857143,0.7481932070010403,,,,
2021-08-30,177757.08333333334,168205.85714285713,0.7745653541429399,,,,
2021-08-31,185619.0,174142.48214285713,0.801902713992624,,,,
2021-09-01,196435.5,177478.5119047619,0.817264682463,,,,
2021-09-02,195453.79166666666,179517.0654761905,0.8266519475429069,0.29,0.21,0.5213634787566315,0.6413634787566315
2021-09-03,202505.25,182455.23214285713,0.840181809958844,,,,
2021-09-04,164181.875,185394.63095238092,0.8537173462269567,,,,
2021-09-05,134666.95833333334,187261.45238095237,0.8623138078811725,,,,
2021-09-06,198324.25,189921.25595238098,0.874561845673962,,,,
2021-09-07,206194.79166666666,192586.39880952382,0.8868344701595121,,,,
2021-09-08,209503.25,194985.55357142858,0.8978822552328952,,,,
2021-09-09,214072.41666666666,196907.5833333333,0.9067329438384569,,,,
2021-09-10,221161.25,198891.19642857142,0.9158672154131428,,,,
2021-09-11,180975.95833333334,200424.85714285713,0.922929516776923,,,,
2021-09-12,148121.16666666666,201823.13095238098,0.9293683796492355,,,,
2021-09-13,212209.54166666666,203393.31547619047,0.9365988682446554,,,,
2021-09-14,216930.41666666666,205006.45238095237,0.9440271467787184,,,,
2021-09-15,219291.16666666666,206409.7142857143,0.9504889791588721,,,,
2021-09-16,225063.70833333334,206814.9226190476,0.9523549090470532,,,,
2021-09-17,232453.20833333334,206676.79761904763,0.9517188619951952,,,,
2021-09-18,190798.79166666666,206444.89880952382,0.9506509991598863,,,,
2021-09-19,150957.625,206528.81547619047,0.9510374241259322,,,,
2021-09-20,211242.66666666666,205908.18452380953,0.9481795020440944,,,,
2021-09-21,215307.125,205264.1547619048,0.9452138315907482,,,,
2021-09-22,219878.58333333334,205695.22023809524,0.9471988301448752,,,,
2021-09-23,220719.29166666666,204671.9226190476,0.9424866822080878,,,,
2021-09-24,227945.0,204867.81547619047,0.9433887424742655,,,,
2021-09-25,193816.25,205195.9642857143,0.9448998236172041,,,,
2021-09-26,143794.54166666666,205207.14285714287,0.9449512994354929,,,,
2021-09-27,212613.91666666666,205449.02976190476,0.9460651561063121,0.24,0.21,0.9460651561063121,0.9460651561063121
2021-09-28,217604.16666666666,205378.90476190476,0.9457422399107533,,,,
2021-09-29,219956.83333333334,203683.10119047618,0.9379332924925616,,,,
2021-09-30,222412.5,204204.3511904762,0.9403335786520628,,,,
2021-10-01,227454.125,199578.43154761902,0.9190318407264723,,,,
2021-10-02,181945.625,198923.78869047618,0.9160172983966571,,,,
2021-10-03,147443.29166666666,198733.46726190476,0.9151408938098822,,,,
2021-10-04,180232.47916666666,198507.2767857143,0.9140993170819954,,,,
2021-10-05,213021.66666666666,198981.24107142858,0.9162818588855404,,,,
2021-10-06,218624.58333333334,201328.31845238092,0.9270898346222844,,,,
2021-10-07,220829.16666666666,202062.5148809524,0.9304707104512633,,,,
2021-10-08,230771.875,207749.85714285713,0.9566601568121174,,,,
2021-10-09,198375.16666666666,208717.02976190476,0.9611138566708193,,,,
2021-10-10,152582.66666666666,209217.75,0.9634196060373077,,,,
2021-10-11,220043.875,209761.0833333333,0.9659215829773471,,,,
2021-10-12,219791.875,210065.0476190476,0.9673212976401434,,,,
2021-10-13,222129.625,210535.72023809524,0.9694886817613063,,,,
2021-10-14,224632.5,211145.82142857142,0.9722981157054695,,,,
2021-10-15,232899.625,209888.76785714287,0.9665095530402392,,,,
2021-10-16,201669.875,209550.72619047618,0.9649529166204125,,,,
2021-10-17,156853.375,209592.76785714287,0.96514651284223,,,,
2021-10-18,211244.5,209397.55952380953,0.9642476047161499,,,,
2021-10-19,217425.58333333334,209489.1666666667,0.9646694432909441,,,,
2021-10-20,222423.91666666666,210258.1666666667,0.9682105848864477,,,,
2021-10-21,223266.04166666666,209628.9166666667,0.9653129732492947,,,,
2021-10-22,233540.875,209675.25595238098,0.965526359428942,,,,
2021-10-23,207052.875,209765.00595238098,0.9659396461106019,,,,
2021-10-24,152448.625,209992.25,0.9669860743932474,,,,
2021-10-25,211568.875,209893.0595238095,0.966529315588155,,,,
2021-10-26,218053.83333333334,210266.22619047618,0.968247697909857,,,,
2021-10-27,224014.625,208775.7976190476,0.9613844747506726,,,,
2021-10-28,222571.70833333334,208613.57142857142,0.9606374449574667,,,,
2021-10-29,236153.04166666666,203994.66964285713,0.9393680233203547,,,,
2021-10-30,196619.875,202438.41964285713,0.9322017013333552,,,,
2021-10-31,151313.04166666666,202368.58630952382,0.9318801282235772,,,,
2021-11-01,179236.5625,203158.94345238098,0.9355196165901246,,,,
2021-11-02,207160.08333333334,202921.8541666667,0.9344278523099021,,,,
2021-11-03,223525.79166666666,203995.86607142858,0.939373532713047,,,,
2021-11-04,228104.20833333334,204527.1577380952,0.9418200593972833,,,,
2021-11-05,234493.41666666666,209929.8869047619,0.9666989007254033,,,,
2021-11-06,204137.95833333334,212293.88095238098,0.9775847754374282,,,,
2021-11-07,155032.08333333334,212385.69047619047,0.9780075459492944,,,,
2021-11-08,217055.66666666666,212336.30952380953,0.9777801533036484,,,,
2021-11-09,223708.04166666666,212852.32142857142,0.9801563187389247,,,,
2021-11-10,224168.45833333334,212901.88095238098,0.9803845336819876,,,,
2021-11-11,227758.54166666666,212166.29761904763,0.9769972713430722,,,,
2021-11-12,238105.5,212473.15476190476,0.9784103072240199,,,,
2021-11-13,204484.875,212208.11904761902,0.9771898533980755,,,,
2021-11-14,149883.0,212184.39285714287,0.9770805974813032,,,,
2021-11-15,219203.66666666666,212343.50595238092,0.9778132918895435,,,,
2021-11-16,221852.79166666666,212344.0,0.9778155669123966,,,,
2021-11-17,224002.375,212688.5595238095,0.9794022171879346,,,,
2021-11-18,228872.33333333334,214130.04166666666,0.9860400486251872,,,,
2021-11-19,238108.95833333334,214633.44642857142,0.9883581598628408,0.19,0.21,0.8960651561063122,0.9460651561063121
2021-11-20,206896.79166666666,215328.375,0.9915582124898755,,,,
2021-11-21,159973.375,216227.91666666666,0.9957004809069392,,,,
2021-11-22,222727.5,216773.2023809524,0.9982114482987353,,,,
2021-11-23,226717.29166666666,217340.64285714287,1.0008244353900364,,,,
2021-11-24,230299.16666666666,217275.7797619048,1.000525749558358,,,,
2021-11-25,232689.33333333334,216606.8392857143,0.9974453686153746,,,,
2021-11-26,242081.04166666666,216057.39880952382,0.9949152691036822,,,,
2021-11-27,206442.75,216098.5833333333,0.9951049182978992,,,,
2021-11-28,155290.79166666666,216441.30357142858,0.9966830989100449,,,,
2021-11-29,218881.41666666666,216336.00595238092,0.9961982175332995,,,,
2021-11-30,227005.58333333334,216932.26190476192,0.9989438960177508,,,,
2021-12-01,232698.20833333334,216369.9880952381,0.9963547007317077,,,,
2021-12-02,231952.25,216569.4523809524,0.9972732069462205,,,,
2021-12-03,246254.83333333334,217354.2619047619,1.0008871492730205,,,,
2021-12-04,202506.83333333334,218724.27380952382,1.007195869874175,,,,
2021-12-05,156687.04166666666,218948.57440476192,1.008228743954401,,,,
2021-12-06,224375.08333333334,218946.96130952382,1.0082213158677362,,,,
2021-12-07,236595.66666666666,217711.9494047619,1.0025342521136469,,,,
2021-12-08,234268.3125,217872.0386904762,1.003271441747766,,,,
2021-12-09,231940.95833333334,218592.08035714287,1.0065871368015098,,,,
2021-12-10,237609.75,219547.82440476192,1.0109882096255396,,,,
2021-12-11,203627.45833333334,219228.1101190476,1.0095159683305854,,,,
2021-12-12,161727.33333333334,219639.27976190476,1.0114093492475293,,,,
2021-12-13,231065.29166666666,221635.39880952382,1.020601209051302,,,,
2021-12-14,234357.66666666666,223490.9404761905,1.0291457289186927,,,,
2021-12-15,237146.5,224456.14285714287,1.0335903560958963,0.25,0.21,0.9560651561063122,0.9460651561063121
2021-12-16,245913.79166666666,225334.60119047618,1.0376355385979554,,,,
2021-12-17,250598.54166666666,226199.6369047619,1.0416189117441887,,,,
2021-12-18,210383.875,227511.51785714287,1.0476599471262762,,,,
2021-12-19,167876.54166666666,228655.3392857143,1.0529270909995436,,,,
2021-12-20,237120.54166666666,227435.05357142858,1.0473078393724227,,,,
2021-12-21,243540.83333333334,218198.0416666667,1.0047726416167464,,,,
2021-12-22,245153.25,202788.55357142855,0.9338140209932531,,,,
2021-12-23,237371.79166666666,193586.74404761902,0.8914409254683325,,,,
2021-12-24,185939.45833333334,183613.98809523808,0.845517725306066,,,,
2021-12-25,102517.45833333333,173443.07142857142,0.7986820217004288,,,,
2021-12-26,103463.875,162983.0773809524,0.7505151556266387,,,,
2021-12-27,167311.25,154000.14285714287,0.709149950045432,,,,
2021-12-28,172344.41666666666,149588.01785714287,0.6888327077020489,0.06,0.06,0.7660651561063121,0.7960651561063121
2021-12-29,171933.29166666666,148618.66666666666,0.6843689758148624,,,,
2021-12-30,174491.25,150765.64880952382,0.6942555398862216,,,,
2021-12-31,155054.58333333334,149264.72619047618,0.6873439930488459,,,,
2022-01-01,95732.0,147951.17857142858,0.6812952828908688,,,,
2022-01-02,118492.75,147696.66666666666,0.6801232897926851,,,,
2022-01-03,156804.79166666666,138710.55952380953,0.6387434747273741,,,,
2022-01-04,163149.58333333334,141765.84523809524,0.6528126546090456,,,,
2022-01-05,170151.70833333334,150503.13095238098,0.6930466804538535,,,,
2022-01-06,111588.5,148589.26190476192,0.6842335708402373,,,,
2022-01-07,176441.58333333334,153919.8511904762,0.7087802177169462,,,,
2022-01-08,156893.0,158885.8273809524,0.7316478703182155,,,,
2022-01-09,105095.66666666667,162878.7142857143,0.7500345776063745,,,,
2022-01-10,194118.91666666666,175380.0357142857,0.8076014817799451,,,,
2022-01-11,197911.41666666666,180419.43452380953,0.8308072356690692,,,,
2022-01-12,198101.91666666666,183164.3154761905,0.8434470433611134,,,,
2022-01-13,199097.75,186617.05952380953,0.8593464654230789,,,,
2022-01-14,211717.375,187074.61309523808,0.8614534380940242,,,,
2022-01-15,176107.16666666666,187181.7023809524,0.861946569854851,,,,
2022-01-16,129264.875,187364.10119047618,0.8627864918462359,,,,
2022-01-17,197321.79166666666,187510.88095238098,0.8634623929128928,,,,
2022-01-18,198661.04166666666,186671.0416666667,0.8595950459321633,,,,
2022-01-19,199378.70833333334,186508.94642857142,0.8588486191570629,,,,
2022-01-20,200125.20833333334,186455.0952380952,0.8586006416660841,0.08,0.08,0.7860651561063121,0.8160651561063121
2022-01-21,205838.5,183327.17261904763,0.8441969786051918,,,,
2022-01-22,174972.5,183638.1666666667,0.8456290643762944,,,,
2022-01-23,128887.91666666667,184279.4047619048,0.8485818795800255,,,,
2022-01-24,175426.33333333334,184749.9702380952,0.850748770322738,,,,
2022-01-25,200838.0,185792.05357142858,0.8555474239477677,,,,
2022-01-26,203867.375,186879.16666666666,0.8605534335713885,,,,
2022-01-27,203419.16666666666,188683.8392857143,0.8688637083146604,,,,
2022-01-28,213133.08333333334,192929.6369047619,0.8884150354341662,,,,
2022-01-29,182582.29166666666,194650.8392857143,0.8963409409549341,,,,
2022-01-30,141520.625,195986.51785714287,0.9024915611727606,,,,
2022-01-31,205146.91666666666,197027.05952380953,0.9072831156300923,,,,
2022-02-01,212886.41666666666,198296.3392857143,0.9131279782584564,,,,
2022-02-02,213217.125,198231.9166666667,0.912831320760406,,,,
2022-02-03,210702.95833333334,197458.83333333334,0.9092713759639726,,,,
2022-02-04,222018.04166666666,197557.10714285713,0.9097239136423253,,,,
2022-02-05,182131.33333333334,197813.63095238092,0.9109051712914042,,,,
2022-02-06,136109.04166666666,198465.8988095238,0.9139087770655768,,,,
2022-02-07,205834.83333333334,199907.64285714287,0.9205478145390408,,,,
2022-02-08,214682.08333333334,200395.32738095237,0.9227935361941061,,,,
2022-02-09,217783.0,201690.5357142857,0.9287577964073827,0.18,0.18,0.8860651561063122,0.9160651561063122
2022-02-10,220795.16666666666,203435.57738095237,0.9367934786332869,,,,
2022-02-11,225431.83333333334,205015.7083333333,0.94406976919482,,,,
2022-02-12,191197.79166666666,205241.0357142857,0.9451073714851925,,,,
2022-02-13,148324.33333333334,205714.22023809524,0.9472863225900177,,,,
2022-02-14,216895.75,205883.9880952381,0.9480680807441244,,,,
2022-02-15,216259.375,206466.4166666667,0.950750085998605,,,,
2022-02-16,221095.29166666666,206536.6726190476,0.9510736052122692,,,,
2022-02-17,221983.54166666666,207129.8154761905,0.9538049483117551,,,,
2022-02-18,229508.83333333334,207105.84523809524,0.9536945685885129,,,,
2022-02-19,191689.58333333334,207790.9880952381,0.9568495593171095,,,,
2022-02-20,152476.33333333334,208004.4880952381,0.957832698108579,,,,
2022-02-21,216727.95833333334,208310.2976190476,0.9592409098446817,,,,
2022-02-22,221055.375,209841.45833333334,0.9662916990446275,,,,
2022-02-23,222589.7916666667,210142.1011904762,0.9676761189754723,,,,
2022-02-24,224124.20833333334,209838.97023809524,0.9662802417006208,,,,
2022-02-25,240226.95833333334,209531.9047619048,0.9648662464726869,,,,
2022-02-26,193794.08333333334,209551.0416666667,0.9649543693458489,,,,
2022-02-27,150354.41666666666,210757.22619047618,0.9705086868869601,,,,
2022-02-28,214578.5,211243.625,0.972748488000625,,,,
2022-03-01,221189.33333333334,210352.2142857143,0.9686436615259374,,,,
2022-03-02,231033.08333333334,210732.5833333333,0.9703952098434483,0.21,0.21,0.9160651561063121,0.9460651561063121
2022-03-03,227529.0,210937.5595238095,0.9713390976382247,,,,
2022-03-04,233987.08333333334,211599.1607142857,0.9743856821573795,,,,
2022-03-05,196456.66666666666,214056.11904761902,0.9856996449045655,,,,
2022-03-06,151789.25,213508.625,0.9831785084347158,,,,
2022-03-07,219209.70833333334,213961.43452380953,0.9852636354042894,,,,
2022-03-08,238388.04166666666,214489.0357142857,0.987693167941913,,,,
2022-03-09,227200.625,215252.68452380953,0.991209668024828,,,,
2022-03-10,230698.66666666666,216062.58333333334,0.9949391431386819,,,,
2022-03-11,237680.29166666666,216253.07142857142,0.9958163152030458,,,,
2022-03-12,201802.20833333334,214600.9880952381,0.9882086936023892,,,,
2022-03-13,157458.54166666666,214790.07142857142,0.9890793969270746,,,,
2022-03-14,220543.125,214616.01785714287,0.9882779036349658,,,,
2022-03-15,226823.45833333334,214765.7857142857,0.9889675644783962,,,,
2022-03-16,228524.20833333334,215424.5416666667,0.9920010470587108,,,,
2022-03-17,229480.29166666666,216053.48214285713,0.9948972333803413,,,,
2022-03-18,238728.66666666666,216609.0595238095,0.9974555925132561,,,,
2022-03-19,206413.5,217188.59523809524,1.0001242765495852,,,,
2022-03-20,161861.125,218351.27380952382,1.0054782550300618,,,,
2022-03-21,224432.16666666666,218884.6666666667,1.0079344574139022,0.18,0.19,0.8860651561063122,0.9260651561063122
2022-03-22,230880.20833333334,218958.8869047619,1.0082762316302183,,,,
2022-03-23,236662.95833333334,219004.50595238092,1.0084863012102847,,,,
2022-03-24,233214.04166666666,218501.61904761902,1.0061705746351397,,,,
2022-03-25,239248.20833333334,218222.51785714287,1.0048853511826694,,,,
2022-03-26,206732.83333333334,218348.4107142857,1.0054650708614798,,,,
2022-03-27,158340.91666666666,218201.0892857143,1.004786675492659,,,,
2022-03-28,222478.45833333334,218490.8095238095,1.0061207982315123,,,,
2022-03-29,231761.45833333334,219782.18452380953,1.0120674064602426,,,,
2022-03-30,235631.70833333334,220158.4642857143,1.01380012416691,,,,
2022-03-31,235242.08333333334,220445.19642857142,1.0151204871289896,,,,
2022-04-01,248287.83333333334,220040.14880952382,1.0132552973084836,,,,
2022-04-02,209366.79166666666,219112.6488095238,1.00898428452587,,,,
2022-04-03,160348.04166666666,218139.85714285713,1.0045047097084545,,,,
2022-04-04,219643.125,217599.6726190476,1.0020172326128638,,,,
2022-04-05,225268.95833333334,216516.1488095238,0.9970277511673197,,,,
2022-04-06,228822.16666666666,215484.9761904762,0.9922793399144538,,,,
2022-04-07,231460.79166666666,215847.27976190476,0.9939476991433032,,,,
2022-04-08,240703.16666666666,216886.57142857142,0.9987334975187175,,,,
2022-04-09,202148.58333333334,218168.91666666666,1.004638524908074,,,,
2022-04-10,162884.16666666666,220109.3869047619,1.0135741294268723,,,,
2022-04-11,226918.16666666666,219740.85714285713,1.0118770994280921,,,,
2022-04-12,234245.375,216369.0892857143,0.99635056183471,,,,
2022-04-13,242405.45833333334,212087.4107142857,0.9766340077542647,,,,
2022-04-14,228881.08333333334,206665.80357142858,0.9516682358842371,,,,
2022-04-15,217100.79166666666,192960.52976190476,0.8885572928872645,,,,
2022-04-16,172176.83333333334,188382.2797619048,0.8674750672570763,,,,
2022-04-17,124932.91666666667,186058.34523809524,0.8567736612655432,,,,
2022-04-18,130981.25,186170.94047619047,0.8572921471967196,,,,
2022-04-19,202197.625,189305.7023809524,0.8717273042486738,,,,
2022-04-20,226137.91666666666,193118.90476190476,0.8892865884661824,,,,
2022-04-21,229669.25,196665.44642857142,0.9056179359512542,,,,
2022-04-22,239044.125,199305.04761904763,0.917772944496295,,,,
2022-04-23,198869.25,203370.6666666667,0.9364945735222974,,,,
2022-04-24,149758.70833333334,205026.88095238098,0.9441212176031951,,,,
2022-04-25,149458.45833333334,206067.27380952382,0.9489120868126794,,,,
2022-04-26,230656.95833333334,206372.35714285713,0.9503169545392873,,,,
2022-04-27,237731.41666666666,207296.64285714287,0.9545731659683993,,,,
2022-04-28,236952.0,208146.3869047619,0.9584861230458445,,,,
2022-04-29,241179.70833333334,219494.63095238092,1.0107432609300457,,,,
2022-04-30,205339.25,219995.3392857143,1.0130489554767064,,,,
2022-05-01,155706.91666666666,219710.0238095238,1.0117351160741328,,,,
2022-05-02,228896.16666666666,220343.9702380952,1.0146543541333464,,,,
2022-05-03,234161.91666666666,220756.39880952382,1.0165535322470785,,,,
2022-05-04,235734.20833333334,221168.5297619048,1.018451339865116,,,,
2022-05-05,241389.625,222613.6369047619,1.0251058639399284,,,,
2022-05-06,244066.70833333334,222049.76785714287,1.0225093227969626,,,,
2022-05-07,208224.16666666666,222536.64880952382,1.0247513441136527,,,,
2022-05-08,165822.66666666666,223357.44642857142,1.0285310067798423,,,,
2022-05-09,224949.08333333334,223854.6547619048,1.0308205842971345,0.12,0.15,0.8260651561063121,0.8860651561063122
2022-05-10,237570.08333333334,224927.3869047619,1.0357603715687926,,,,
2022-05-11,241479.79166666666,225161.2083333333,1.0368370878062887,,,,
2022-05-12,244870.08333333334,224903.22023809524,1.0356490873183923,,,,
2022-05-13,251575.83333333334,225148.4107142857,1.0367781564914214,,,,
2022-05-14,209860.91666666666,224920.26785714287,1.0357275893117783,,,,
2022-05-15,164016.75,222964.08333333334,1.0267196226203057,,,,
2022-05-16,226665.41666666666,222739.1369047619,1.0256837745644223,,,,
2022-05-17,235973.08333333334,223029.05357142858,1.027018801830434,,,,
2022-05-18,227786.5,222243.77380952382,1.0234026941204366,,,,
2022-05-19,243295.45833333334,221671.8273809524,1.0207689577243195,,,,
2022-05-20,253605.25,221911.2142857143,1.0218713022313042,,,,
2022-05-21,204363.95833333334,222003.50595238098,1.0222962929461958,,,,
2022-05-22,160013.125,223845.60119047618,1.030778893818105,,,,
2022-05-23,228341.125,224296.1607142857,1.0328536598402276,,,,
2022-05-24,236619.125,223888.60714285713,1.030976930445973,,,,
2022-05-25,240681.16666666666,223876.31547619047,1.0309203289737865,,,,
2022-05-26,246449.375,223560.5,1.0294660411724317,,,,
2022-05-27,250752.375,223248.60119047618,1.0280297890944177,,,,
2022-05-28,204277.91666666666,222053.35119047618,1.0225258235651253,,,,
2022-05-29,157802.41666666666,222454.80357142858,1.024374457797641,,,,
2022-05-30,226157.83333333334,219914.24702380953,1.0126755365148021,,,,
2022-05-31,228252.375,214640.99702380953,0.9883929293386126,,,,
2022-06-01,243491.33333333334,211758.5267857143,0.9751195414869605,,,,
2022-06-02,228665.4791666667,211169.3898809524,0.972406645259524,,,,
2022-06-03,213839.625,211499.6398809524,0.9739274021020664,,,,
2022-06-04,184100.625,212196.3601190476,0.9771357051131824,,,,
2022-06-05,153678.45833333334,210948.4375,0.971389189255862,,,,
2022-06-06,228469.58333333334,212385.3869047619,0.9780061480436859,,,,
2022-06-07,233129.41666666666,216848.42857142858,0.9985578547904993,,,,
2022-06-08,234755.875,217473.72619047618,1.001437266244828,,,,
2022-06-09,238724.125,216777.99404761908,0.9982335132794182,,,,
2022-06-10,245080.91666666666,214726.3392857143,0.9887859189790356,,,,
2022-06-11,188477.70833333334,212365.0773809524,0.9779126254174874,,,,
2022-06-12,148808.33333333334,211151.79761904763,0.9723256352590169,,,,
2022-06-13,214108.0,210204.80357142858,0.9679648550084081,,,,
2022-06-14,216600.58333333334,208457.64285714287,0.9599194148531583,,,,
2022-06-15,226262.91666666666,207382.45833333334,0.9549683346969766,,,,
2022-06-16,232095.16666666666,206291.66666666666,0.9499453857465707,,,,
2022-06-17,232850.79166666666,205941.15476190476,0.9483313255571408,,,,
2022-06-18,180951.41666666666,206721.69642857142,0.9519256149756806,,,,
2022-06-19,141172.79166666666,206828.50595238092,0.9524174584705541,0.08,0.09,0.7860651561063121,0.8260651561063121
2022-06-20,211654.41666666666,205919.75595238098,0.9482327869167001,,,,
2022-06-21,222064.375,205837.38095238092,0.9478534611183518,,,,
2022-06-22,227010.58333333334,205423.42857142858,0.9459472660666638,,,,
2022-06-23,225733.91666666666,205974.49404761908,0.9484848484848487,,,,
2022-06-24,232274.16666666666,206073.3988095238,0.9489402916140739,,,,
2022-06-25,178053.75,205684.2142857143,0.9471481492140893,,,,
2022-06-26,145030.25,204857.24404761908,0.9433400624671939,,,,
2022-06-27,212346.75,204060.4583333333,0.9396709713936433,,,,
2022-06-28,219340.08333333334,,,,,,
2022-06-29,221221.79166666666,,,0.06,0.06,0.7660651561063121,0.7960651561063121
2022-06-30,220156.41666666666,,,,,,
