DATA,ALTRO,DEGENZA CHIR GENERALE NO COVID,DEGENZA CHIR SPECIALISTICA NO COVID,DEGENZA COVID BASSA INTENSITA,DEGENZA MED GENERALE NO COVID,DEGENZA MED SPECIALISTICA NO COVID,DEGENZA ORDINARIA COVID,DOMICILIO/STRUTTURA ISOLAMENTO,EMERGENZA-URGENZA,ORTOPEDIA,SOSPETTI COVID,SUB INTENSIVA COVID,SUB INTENSIVA NO COVID,TERAPIA INTENSIVA COVID,TERAPIA INTENSIVA NO COVID
2020-02-01,429.0,100.0,325.0,0.0,649.0,406.0,0.0,0.0,26.0,58.0,0.0,0.0,65.0,0.0,82.0
2020-02-02,439.0,99.0,322.0,0.0,682.0,428.0,0.0,0.0,31.0,57.0,0.0,0.0,66.0,0.0,83.0
2020-02-03,450.0,117.0,367.0,0.0,671.0,432.0,0.0,0.0,24.0,56.0,0.0,0.0,65.0,0.0,86.0
2020-02-04,441.0,124.0,362.0,0.0,669.0,431.0,0.0,0.0,32.0,62.0,0.0,0.0,68.0,0.0,87.0
2020-02-05,449.0,133.0,376.0,0.0,648.0,435.0,0.0,0.0,32.0,57.0,0.0,0.0,65.0,0.0,83.0
2020-02-06,439.0,125.0,366.0,0.0,646.0,423.0,0.0,0.0,30.0,57.0,0.0,0.0,66.0,0.0,83.0
2020-02-07,428.0,112.0,366.0,0.0,635.0,393.0,0.0,0.0,20.0,58.0,0.0,0.0,62.0,0.0,78.0
2020-02-08,408.0,94.0,317.0,0.0,644.0,383.0,0.0,0.0,29.0,61.0,0.0,0.0,67.0,0.0,74.0
2020-02-09,431.0,95.0,318.0,0.0,702.0,404.0,0.0,0.0,37.0,64.0,0.0,0.0,67.0,0.0,80.0
2020-02-10,435.0,110.0,357.0,0.0,692.0,426.0,0.0,0.0,33.0,65.0,0.0,0.0,66.0,0.0,85.0
2020-02-11,438.0,128.0,379.0,0.0,661.0,414.0,0.0,0.0,35.0,61.0,0.0,0.0,67.0,0.0,77.0
2020-02-12,425.0,123.0,382.0,0.0,659.0,423.0,0.0,0.0,31.0,61.0,0.0,0.0,68.0,0.0,89.0
2020-02-13,429.0,117.0,368.0,0.0,646.0,413.0,0.0,0.0,35.0,62.0,0.0,0.0,67.0,0.0,83.0
2020-02-14,405.0,117.0,368.0,0.0,632.0,387.0,0.0,0.0,29.0,67.0,0.0,0.0,67.0,0.0,85.0
2020-02-15,410.0,98.0,309.0,0.0,649.0,377.0,0.0,0.0,32.0,67.0,0.0,0.0,68.0,0.0,80.0
2020-02-16,420.0,98.0,310.0,0.0,687.0,397.0,0.0,0.0,42.0,67.0,0.0,0.0,68.0,0.0,80.0
2020-02-17,423.0,116.0,357.0,0.0,683.0,414.0,0.0,0.0,31.0,70.0,0.0,0.0,70.0,0.0,81.0
2020-02-18,430.0,114.0,372.0,0.0,685.0,428.0,0.0,0.0,20.0,69.0,0.0,0.0,70.0,0.0,79.0
2020-02-19,447.0,117.0,399.0,0.0,678.0,438.0,0.0,0.0,31.0,57.0,0.0,0.0,68.0,0.0,84.0
2020-02-20,452.0,131.0,371.0,0.0,674.0,431.0,0.0,0.0,26.0,64.0,0.0,0.0,68.0,0.0,84.0
2020-02-21,441.0,114.0,367.0,0.0,627.0,404.0,0.0,0.0,28.0,64.0,0.0,0.0,67.0,0.0,88.0
2020-02-22,409.0,99.0,308.0,0.0,639.0,398.0,0.0,0.0,34.0,63.0,0.0,0.0,67.0,0.0,84.0
2020-02-23,399.0,103.0,294.0,0.0,669.0,402.0,0.0,0.0,32.0,65.0,0.0,0.0,67.0,0.0,88.0
2020-02-24,404.0,115.0,350.0,0.0,654.0,413.0,0.0,0.0,24.0,71.0,0.0,0.0,65.0,0.0,81.0
2020-02-25,411.0,127.0,341.0,0.0,616.0,406.0,0.0,0.0,22.0,67.0,0.0,0.0,63.0,0.0,87.0
2020-02-26,408.0,138.0,354.0,0.0,617.0,409.0,0.0,0.0,21.0,62.0,0.0,0.0,61.0,0.0,83.0
2020-02-27,402.0,118.0,370.0,0.0,602.0,397.0,0.0,0.0,24.0,66.0,0.0,0.0,63.0,0.0,80.0
2020-02-28,395.0,114.0,357.0,0.0,581.0,385.0,0.0,0.0,23.0,60.0,0.0,0.0,63.0,0.0,78.0
2020-02-29,384.0,97.0,307.0,0.0,601.0,360.0,0.0,0.0,24.0,62.0,0.0,0.0,61.0,0.0,78.0
2020-03-01,381.0,97.0,297.0,0.0,642.0,373.0,0.0,0.0,33.0,66.0,0.0,0.0,62.0,0.0,78.0
2020-03-02,382.0,118.0,355.0,0.0,631.0,392.0,0.0,0.0,32.0,64.0,0.0,0.0,71.0,0.0,77.0
2020-03-03,403.0,119.0,347.0,0.0,634.0,408.0,0.0,0.0,33.0,67.0,0.0,0.0,66.0,0.0,76.0
2020-03-04,420.0,127.0,355.0,0.0,599.0,404.0,0.0,0.0,31.0,66.0,0.0,0.0,64.0,3.0,70.0
2020-03-05,406.0,134.0,314.0,0.0,592.0,391.0,0.0,0.0,26.0,63.0,0.0,0.0,66.0,3.0,72.0
2020-03-06,363.0,116.0,310.0,0.0,555.0,381.0,0.0,0.0,24.0,57.0,0.0,0.0,65.0,3.0,68.0
2020-03-07,345.0,109.0,254.0,0.0,538.0,341.0,7.0,0.0,25.0,54.0,18.0,0.0,66.0,9.0,61.0
2020-03-08,356.0,105.0,248.0,0.0,569.0,325.0,15.0,0.0,34.0,56.0,10.0,0.0,71.0,14.0,62.0
2020-03-09,347.0,101.0,241.0,0.0,538.0,322.0,19.0,0.0,34.0,49.0,19.0,0.0,62.0,25.0,58.0
2020-03-10,346.0,98.0,222.0,6.0,514.0,317.0,20.0,0.0,34.0,42.0,24.0,0.0,61.0,24.0,55.0
2020-03-11,365.0,89.0,219.0,7.0,520.0,301.0,32.0,0.0,31.0,39.0,25.0,0.0,54.0,33.0,50.0
2020-03-12,351.0,79.0,199.0,10.0,503.0,293.0,52.0,0.0,25.0,39.0,26.0,0.0,52.0,38.0,43.0
2020-03-13,324.0,72.0,208.0,11.0,474.0,280.0,81.0,0.0,19.0,38.0,30.0,0.0,45.0,38.0,47.0
2020-03-14,315.0,77.0,183.0,15.0,483.0,274.0,96.0,0.0,19.0,34.0,50.0,6.0,42.0,42.0,47.0
2020-03-15,322.0,69.0,171.0,16.0,530.0,277.0,124.0,0.0,22.0,33.0,56.0,7.0,47.0,51.0,41.0
2020-03-16,332.0,65.0,130.0,18.0,520.0,264.0,150.0,0.0,21.0,36.0,52.0,8.0,51.0,60.0,39.0
2020-03-17,337.0,68.0,141.0,30.0,485.0,267.0,172.0,0.0,16.0,33.0,64.0,7.0,47.0,74.0,36.0
2020-03-18,330.0,81.0,141.0,36.0,456.0,255.0,178.0,0.0,12.0,30.0,77.0,10.0,47.0,84.0,35.0
2020-03-19,320.0,79.0,157.0,42.0,387.0,273.0,261.0,0.0,14.0,28.0,78.0,15.0,47.0,90.0,36.0
2020-03-20,299.0,70.0,161.0,54.0,396.0,256.0,263.0,0.0,13.0,25.0,79.0,18.0,40.0,90.0,28.0
2020-03-21,280.0,54.0,141.0,56.0,413.0,247.0,272.0,0.0,16.0,24.0,72.0,16.0,40.0,93.0,24.0
2020-03-22,275.0,46.0,126.0,59.0,455.0,229.0,270.0,0.0,13.0,25.0,66.0,17.0,41.0,97.0,21.0
2020-03-23,263.0,37.0,152.0,56.0,432.0,220.0,294.0,0.0,19.0,24.0,73.0,21.0,39.0,98.0,20.0
2020-03-24,269.0,43.0,162.0,48.0,415.0,216.0,305.0,0.0,17.0,21.0,80.0,26.0,38.0,101.0,22.0
2020-03-25,279.0,44.0,149.0,46.0,406.0,202.0,316.0,0.0,16.0,20.0,57.0,30.0,42.0,105.0,23.0
2020-03-26,277.0,41.0,147.0,72.0,367.0,188.0,306.0,0.0,19.0,21.0,52.0,31.0,40.0,111.0,24.0
2020-03-27,277.0,38.0,145.0,80.0,363.0,189.0,305.0,0.0,17.0,21.0,70.0,33.0,32.0,109.0,21.0
2020-03-28,284.0,34.0,125.0,92.0,372.0,190.0,326.0,0.0,19.0,21.0,62.0,29.0,29.0,110.0,24.0
2020-03-29,279.0,35.0,114.0,91.0,382.0,187.0,335.0,0.0,20.0,21.0,61.0,33.0,31.0,115.0,27.0
2020-03-30,278.0,36.0,129.0,93.0,373.0,182.0,337.0,0.0,16.0,23.0,71.0,39.0,33.0,117.0,26.0
2020-03-31,280.0,39.0,137.0,94.0,363.0,187.0,354.0,0.0,17.0,23.0,66.0,42.0,40.0,112.0,24.0
2020-04-01,288.0,45.0,140.0,160.0,357.0,183.0,414.0,0.0,19.0,25.0,65.0,41.0,45.0,129.0,22.0
2020-04-02,275.0,45.0,152.0,181.0,364.0,173.0,426.0,0.0,19.0,24.0,53.0,40.0,36.0,127.0,30.0
2020-04-03,265.0,40.0,138.0,202.0,348.0,171.0,424.0,0.0,19.0,22.0,67.0,41.0,32.0,129.0,28.0
2020-04-04,258.0,36.0,128.0,217.0,335.0,179.0,446.0,0.0,16.0,23.0,61.0,44.0,36.0,123.0,27.0
2020-04-05,263.0,35.0,122.0,221.0,349.0,179.0,468.0,0.0,16.0,24.0,64.0,46.0,37.0,122.0,25.0
2020-04-06,262.0,33.0,128.0,234.0,346.0,187.0,473.0,0.0,14.0,26.0,60.0,44.0,38.0,125.0,24.0
2020-04-07,279.0,41.0,148.0,240.0,331.0,188.0,469.0,0.0,14.0,26.0,54.0,43.0,36.0,118.0,27.0
2020-04-08,272.0,42.0,144.0,244.0,324.0,181.0,462.0,0.0,18.0,27.0,65.0,42.0,39.0,120.0,26.0
2020-04-09,273.0,47.0,141.0,245.0,321.0,181.0,468.0,0.0,20.0,32.0,60.0,42.0,38.0,116.0,28.0
2020-04-10,254.0,46.0,130.0,243.0,310.0,182.0,452.0,0.0,19.0,31.0,67.0,41.0,41.0,112.0,29.0
2020-04-11,238.0,40.0,111.0,253.0,312.0,169.0,460.0,0.0,13.0,28.0,70.0,37.0,39.0,107.0,25.0
2020-04-12,236.0,41.0,111.0,254.0,339.0,166.0,464.0,0.0,11.0,29.0,59.0,39.0,38.0,107.0,24.0
2020-04-13,229.0,42.0,116.0,252.0,354.0,164.0,489.0,0.0,13.0,35.0,57.0,42.0,41.0,109.0,22.0
2020-04-14,239.0,44.0,127.0,255.0,357.0,173.0,471.0,0.0,15.0,38.0,74.0,37.0,42.0,107.0,22.0
2020-04-15,261.0,43.0,140.0,246.0,360.0,179.0,474.0,0.0,17.0,38.0,76.0,34.0,41.0,107.0,29.0
2020-04-16,268.0,45.0,144.0,251.0,356.0,182.0,481.0,0.0,18.0,40.0,69.0,34.0,47.0,102.0,28.0
2020-04-17,259.0,42.0,137.0,255.0,357.0,172.0,464.0,0.0,18.0,42.0,65.0,34.0,44.0,96.0,27.0
2020-04-18,252.0,42.0,130.0,247.0,362.0,177.0,453.0,0.0,16.0,43.0,70.0,36.0,44.0,97.0,29.0
2020-04-19,250.0,41.0,145.0,255.0,393.0,183.0,445.0,0.0,16.0,49.0,82.0,38.0,47.0,94.0,27.0
2020-04-20,260.0,45.0,163.0,249.0,394.0,190.0,449.0,0.0,17.0,42.0,88.0,31.0,47.0,96.0,26.0
2020-04-21,281.0,51.0,160.0,264.0,392.0,200.0,432.0,0.0,19.0,40.0,86.0,31.0,46.0,89.0,27.0
2020-04-22,281.0,62.0,169.0,267.0,384.0,196.0,426.0,0.0,16.0,37.0,85.0,32.0,45.0,91.0,31.0
2020-04-23,282.0,68.0,161.0,273.0,390.0,193.0,411.0,0.0,16.0,40.0,95.0,32.0,52.0,93.0,32.0
2020-04-24,289.0,60.0,158.0,269.0,374.0,188.0,393.0,0.0,17.0,34.0,97.0,33.0,47.0,89.0,33.0
2020-04-25,269.0,65.0,143.0,266.0,409.0,188.0,379.0,0.0,17.0,35.0,82.0,32.0,53.0,84.0,32.0
2020-04-26,256.0,66.0,140.0,266.0,433.0,198.0,384.0,0.0,17.0,37.0,77.0,29.0,58.0,88.0,31.0
2020-04-27,295.0,66.0,145.0,267.0,431.0,197.0,363.0,0.0,22.0,35.0,89.0,33.0,56.0,79.0,36.0
2020-04-28,290.0,76.0,159.0,250.0,434.0,196.0,370.0,0.0,23.0,33.0,83.0,30.0,56.0,78.0,35.0
2020-04-29,278.0,76.0,171.0,249.0,419.0,201.0,352.0,0.0,22.0,31.0,98.0,26.0,56.0,73.0,37.0
2020-04-30,280.0,71.0,170.0,240.0,392.0,201.0,335.0,0.0,21.0,26.0,95.0,29.0,52.0,66.0,35.0
2020-05-01,273.0,66.0,152.0,263.0,421.0,191.0,342.0,0.0,19.0,26.0,87.0,22.0,52.0,66.0,38.0
2020-05-02,264.0,68.0,137.0,263.0,425.0,180.0,325.0,0.0,20.0,27.0,92.0,24.0,52.0,66.0,40.0
2020-05-03,282.0,67.0,135.0,278.0,447.0,198.0,313.0,0.0,19.0,28.0,100.0,25.0,54.0,69.0,41.0
2020-05-04,321.0,65.0,159.0,270.0,432.0,211.0,287.0,0.0,19.0,27.0,100.0,25.0,56.0,68.0,42.0
2020-05-05,330.0,68.0,167.0,260.0,418.0,215.0,270.0,0.0,16.0,28.0,122.0,23.0,59.0,63.0,48.0
2020-05-06,324.0,72.0,183.0,256.0,405.0,215.0,255.0,0.0,21.0,27.0,124.0,22.0,59.0,58.0,46.0
2020-05-07,339.0,74.0,184.0,256.0,403.0,208.0,257.0,0.0,18.0,30.0,110.0,18.0,55.0,54.0,46.0
2020-05-08,327.0,68.0,179.0,248.0,393.0,196.0,253.0,0.0,16.0,34.0,110.0,22.0,53.0,52.0,50.0
2020-05-09,311.0,59.0,160.0,251.0,406.0,199.0,249.0,0.0,17.0,35.0,108.0,16.0,55.0,55.0,52.0
2020-05-10,308.0,57.0,151.0,251.0,436.0,205.0,248.0,0.0,18.0,35.0,103.0,19.0,57.0,53.0,54.0
2020-05-11,321.0,60.0,158.0,242.0,442.0,207.0,237.0,0.0,17.0,38.0,108.0,19.0,63.0,54.0,53.0
2020-05-12,357.0,63.0,161.0,253.0,443.0,216.0,227.0,0.0,21.0,37.0,102.0,19.0,59.0,51.0,54.0
2020-05-13,342.0,71.0,154.0,246.0,435.0,214.0,212.0,0.0,17.0,29.0,106.0,20.0,60.0,37.0,58.0
2020-05-14,346.0,78.0,158.0,236.0,438.0,212.0,205.0,0.0,16.0,29.0,104.0,20.0,59.0,36.0,54.0
2020-05-15,337.0,68.0,164.0,230.0,427.0,209.0,204.0,0.0,16.0,28.0,93.0,17.0,59.0,38.0,56.0
2020-05-16,331.0,67.0,149.0,220.0,433.0,209.0,184.0,0.0,18.0,28.0,91.0,13.0,60.0,38.0,57.0
2020-05-17,330.0,68.0,148.0,217.0,451.0,207.0,183.0,0.0,18.0,29.0,92.0,15.0,60.0,37.0,56.0
2020-05-18,324.0,73.0,184.0,213.0,440.0,203.0,173.0,0.0,16.0,31.0,97.0,13.0,62.0,36.0,60.0
2020-05-19,331.0,76.0,192.0,190.0,429.0,217.0,156.0,0.0,16.0,32.0,94.0,12.0,62.0,34.0,62.0
2020-05-20,328.0,81.0,190.0,216.0,442.0,220.0,147.0,0.0,16.0,32.0,90.0,11.0,64.0,32.0,63.0
2020-05-21,327.0,89.0,184.0,216.0,453.0,220.0,141.0,0.0,16.0,37.0,85.0,12.0,69.0,30.0,64.0
2020-05-22,320.0,85.0,186.0,207.0,444.0,197.0,140.0,0.0,15.0,35.0,82.0,9.0,71.0,28.0,57.0
2020-05-23,297.0,82.0,170.0,205.0,462.0,196.0,144.0,0.0,16.0,41.0,83.0,8.0,72.0,27.0,52.0
2020-05-24,302.0,69.0,169.0,201.0,499.0,200.0,152.0,0.0,12.0,43.0,83.0,10.0,72.0,25.0,57.0
2020-05-25,321.0,70.0,182.0,191.0,503.0,208.0,158.0,0.0,13.0,41.0,89.0,9.0,68.0,21.0,56.0
2020-05-26,335.0,76.0,191.0,181.0,508.0,217.0,139.0,0.0,13.0,39.0,79.0,9.0,65.0,20.0,56.0
2020-05-27,340.0,83.0,200.0,177.0,507.0,224.0,138.0,0.0,14.0,42.0,75.0,10.0,65.0,20.0,63.0
2020-05-28,343.0,93.0,201.0,174.0,498.0,224.0,129.0,0.0,15.0,44.0,76.0,10.0,63.0,18.0,63.0
2020-05-29,326.0,85.0,190.0,190.0,476.0,227.0,118.0,0.0,18.0,43.0,70.0,7.0,58.0,20.0,64.0
2020-05-30,304.0,64.0,177.0,184.0,483.0,225.0,119.0,0.0,14.0,41.0,66.0,6.0,56.0,19.0,66.0
2020-05-31,320.0,65.0,181.0,183.0,516.0,232.0,119.0,0.0,15.0,44.0,66.0,7.0,55.0,18.0,62.0
2020-06-01,333.0,65.0,173.0,173.0,512.0,242.0,113.0,0.0,17.0,49.0,68.0,6.0,64.0,13.0,61.0
2020-06-02,325.0,79.0,183.0,172.0,536.0,245.0,111.0,0.0,19.0,58.0,76.0,7.0,63.0,13.0,63.0
2020-06-03,321.0,80.0,201.0,167.0,535.0,253.0,109.0,0.0,18.0,55.0,73.0,6.0,62.0,12.0,69.0
2020-06-04,338.0,83.0,213.0,163.0,531.0,251.0,110.0,0.0,20.0,58.0,80.0,5.0,66.0,10.0,71.0
2020-06-05,322.0,83.0,206.0,156.0,526.0,225.0,109.0,0.0,19.0,49.0,78.0,4.0,63.0,7.0,67.0
2020-06-06,304.0,69.0,168.0,164.0,531.0,224.0,100.0,0.0,22.0,51.0,78.0,3.0,60.0,9.0,61.0
2020-06-07,308.0,66.0,184.0,163.0,565.0,233.0,103.0,0.0,23.0,59.0,75.0,4.0,62.0,9.0,62.0
2020-06-08,326.0,62.0,202.0,56.0,562.0,261.0,101.0,0.0,19.0,57.0,78.0,5.0,66.0,7.0,69.0
2020-06-09,342.0,70.0,215.0,55.0,531.0,274.0,99.0,0.0,19.0,52.0,77.0,5.0,66.0,7.0,63.0
2020-06-10,348.0,74.0,225.0,52.0,540.0,271.0,97.0,0.0,18.0,53.0,74.0,4.0,65.0,9.0,64.0
2020-06-11,316.0,74.0,237.0,50.0,566.0,274.0,86.0,0.0,17.0,52.0,73.0,4.0,63.0,9.0,66.0
2020-06-12,311.0,78.0,239.0,47.0,548.0,256.0,74.0,0.0,20.0,46.0,71.0,3.0,64.0,10.0,58.0
2020-06-13,286.0,66.0,214.0,46.0,562.0,247.0,68.0,0.0,22.0,46.0,67.0,3.0,61.0,10.0,60.0
2020-06-14,289.0,65.0,234.0,46.0,593.0,254.0,68.0,0.0,38.0,49.0,78.0,3.0,63.0,10.0,61.0
2020-06-15,319.0,69.0,245.0,43.0,586.0,280.0,72.0,0.0,33.0,53.0,74.0,2.0,60.0,8.0,66.0
2020-06-16,338.0,79.0,261.0,41.0,596.0,285.0,70.0,0.0,35.0,48.0,70.0,1.0,65.0,9.0,66.0
2020-06-17,335.0,86.0,272.0,41.0,598.0,284.0,65.0,0.0,34.0,55.0,65.0,1.0,65.0,9.0,71.0
2020-06-18,340.0,90.0,270.0,36.0,570.0,281.0,66.0,0.0,33.0,58.0,65.0,1.0,66.0,10.0,75.0
2020-06-19,325.0,86.0,265.0,33.0,554.0,274.0,64.0,0.0,27.0,53.0,51.0,2.0,64.0,8.0,76.0
2020-06-20,287.0,70.0,231.0,32.0,557.0,268.0,58.0,0.0,29.0,55.0,58.0,2.0,66.0,9.0,71.0
2020-06-21,295.0,68.0,244.0,32.0,590.0,274.0,57.0,0.0,30.0,55.0,63.0,1.0,67.0,11.0,71.0
2020-06-22,305.0,77.0,267.0,31.0,606.0,289.0,52.0,0.0,32.0,55.0,60.0,0.0,62.0,9.0,73.0
2020-06-23,316.0,92.0,278.0,30.0,611.0,277.0,53.0,0.0,31.0,61.0,58.0,0.0,65.0,9.0,75.0
2020-06-24,323.0,95.0,284.0,29.0,608.0,299.0,41.0,0.0,33.0,61.0,63.0,1.0,69.0,10.0,73.0
2020-06-25,326.0,97.0,280.0,30.0,585.0,303.0,39.0,0.0,32.0,58.0,71.0,0.0,67.0,9.0,72.0
2020-06-26,311.0,90.0,260.0,31.0,581.0,281.0,36.0,0.0,31.0,61.0,64.0,2.0,61.0,10.0,74.0
2020-06-27,310.0,78.0,237.0,32.0,604.0,278.0,34.0,0.0,35.0,63.0,58.0,2.0,60.0,11.0,69.0
2020-06-28,296.0,84.0,246.0,32.0,634.0,280.0,34.0,0.0,40.0,70.0,63.0,2.0,60.0,12.0,72.0
2020-06-29,314.0,86.0,271.0,34.0,634.0,303.0,32.0,0.0,40.0,72.0,57.0,2.0,55.0,9.0,69.0
2020-06-30,337.0,91.0,268.0,33.0,623.0,296.0,34.0,0.0,37.0,71.0,42.0,3.0,55.0,12.0,79.0
2020-07-01,324.0,99.0,264.0,32.0,621.0,305.0,30.0,0.0,30.0,65.0,38.0,3.0,60.0,8.0,77.0
2020-07-02,312.0,88.0,267.0,31.0,610.0,314.0,31.0,0.0,32.0,68.0,39.0,2.0,57.0,9.0,82.0
2020-07-03,296.0,98.0,280.0,30.0,578.0,289.0,29.0,0.0,31.0,71.0,32.0,2.0,59.0,7.0,79.0
2020-07-04,289.0,84.0,246.0,30.0,574.0,276.0,30.0,0.0,33.0,72.0,38.0,1.0,60.0,8.0,75.0
2020-07-05,303.0,85.0,246.0,30.0,626.0,286.0,32.0,0.0,31.0,81.0,41.0,4.0,60.0,6.0,78.0
2020-07-06,330.0,89.0,257.0,30.0,616.0,311.0,30.0,0.0,36.0,85.0,37.0,4.0,60.0,5.0,77.0
2020-07-07,349.0,95.0,262.0,30.0,624.0,308.0,32.0,0.0,27.0,81.0,32.0,4.0,59.0,5.0,82.0
2020-07-08,327.0,106.0,266.0,29.0,602.0,310.0,29.0,0.0,26.0,77.0,25.0,3.0,59.0,6.0,78.0
2020-07-09,326.0,112.0,255.0,29.0,598.0,302.0,29.0,0.0,24.0,77.0,23.0,1.0,61.0,5.0,78.0
2020-07-10,310.0,100.0,264.0,29.0,572.0,296.0,28.0,0.0,26.0,75.0,23.0,1.0,63.0,5.0,80.0
2020-07-11,290.0,82.0,225.0,29.0,577.0,279.0,29.0,0.0,28.0,68.0,27.0,1.0,63.0,5.0,77.0
2020-07-12,301.0,83.0,229.0,29.0,624.0,275.0,29.0,0.0,29.0,72.0,29.0,1.0,64.0,5.0,81.0
2020-07-13,324.0,93.0,260.0,27.0,633.0,294.0,29.0,0.0,34.0,69.0,28.0,1.0,63.0,5.0,81.0
2020-07-14,332.0,96.0,281.0,26.0,631.0,300.0,27.0,0.0,33.0,75.0,26.0,1.0,60.0,6.0,75.0
2020-07-15,328.0,104.0,272.0,26.0,626.0,291.0,24.0,0.0,32.0,72.0,19.0,1.0,64.0,6.0,86.0
2020-07-16,316.0,110.0,295.0,27.0,638.0,309.0,26.0,0.0,27.0,66.0,21.0,2.0,62.0,4.0,82.0
2020-07-17,300.0,102.0,279.0,26.0,621.0,294.0,33.0,0.0,27.0,69.0,25.0,3.0,57.0,7.0,79.0
2020-07-18,289.0,94.0,256.0,26.0,630.0,290.0,28.0,0.0,35.0,71.0,27.0,1.0,57.0,6.0,76.0
2020-07-19,296.0,91.0,244.0,26.0,667.0,292.0,32.0,0.0,35.0,73.0,25.0,1.0,61.0,8.0,79.0
2020-07-20,344.0,95.0,268.0,25.0,673.0,310.0,30.0,0.0,28.0,68.0,21.0,1.0,57.0,9.0,86.0
2020-07-21,352.0,91.0,249.0,25.0,679.0,323.0,33.0,0.0,29.0,60.0,17.0,2.0,57.0,12.0,86.0
2020-07-22,339.0,95.0,251.0,25.0,665.0,322.0,35.0,0.0,31.0,59.0,21.0,2.0,62.0,9.0,86.0
2020-07-23,323.0,92.0,269.0,25.0,655.0,312.0,31.0,0.0,28.0,58.0,21.0,2.0,61.0,10.0,85.0
2020-07-24,295.0,86.0,246.0,25.0,631.0,296.0,32.0,0.0,25.0,56.0,22.0,2.0,57.0,12.0,88.0
2020-07-25,290.0,79.0,212.0,25.0,625.0,296.0,31.0,0.0,21.0,58.0,17.0,2.0,58.0,12.0,87.0
2020-07-26,294.0,76.0,223.0,25.0,672.0,300.0,33.0,0.0,33.0,61.0,25.0,3.0,60.0,12.0,87.0
2020-07-27,323.0,81.0,238.0,22.0,666.0,319.0,32.0,0.0,22.0,58.0,22.0,3.0,62.0,11.0,87.0
2020-07-28,338.0,78.0,233.0,21.0,672.0,322.0,33.0,0.0,24.0,59.0,20.0,4.0,63.0,9.0,78.0
2020-07-29,330.0,76.0,217.0,21.0,670.0,304.0,34.0,0.0,26.0,58.0,16.0,3.0,59.0,9.0,87.0
2020-07-30,328.0,76.0,227.0,21.0,652.0,287.0,35.0,0.0,32.0,55.0,16.0,3.0,58.0,6.0,87.0
2020-07-31,306.0,76.0,227.0,21.0,627.0,262.0,37.0,0.0,22.0,55.0,14.0,2.0,63.0,8.0,83.0
2020-08-01,292.0,70.0,206.0,21.0,635.0,260.0,36.0,0.0,22.0,61.0,15.0,3.0,61.0,8.0,78.0
2020-08-02,298.0,70.0,205.0,21.0,670.0,275.0,34.0,0.0,26.0,66.0,19.0,4.0,60.0,9.0,83.0
2020-08-03,307.0,71.0,215.0,21.0,661.0,280.0,34.0,0.0,33.0,66.0,21.0,3.0,59.0,9.0,82.0
2020-08-04,315.0,80.0,222.0,20.0,646.0,280.0,35.0,0.0,26.0,61.0,21.0,3.0,58.0,9.0,83.0
2020-08-05,316.0,75.0,234.0,20.0,638.0,283.0,34.0,0.0,24.0,57.0,21.0,2.0,59.0,9.0,82.0
2020-08-06,327.0,82.0,227.0,21.0,600.0,274.0,30.0,0.0,31.0,59.0,21.0,1.0,58.0,9.0,83.0
2020-08-07,303.0,74.0,214.0,21.0,587.0,256.0,28.0,0.0,24.0,60.0,20.0,0.0,57.0,10.0,75.0
2020-08-08,299.0,63.0,191.0,20.0,587.0,255.0,30.0,0.0,24.0,67.0,23.0,0.0,55.0,11.0,72.0
2020-08-09,294.0,68.0,189.0,20.0,626.0,263.0,29.0,0.0,28.0,72.0,23.0,0.0,57.0,11.0,77.0
2020-08-10,283.0,70.0,207.0,20.0,623.0,256.0,31.0,0.0,25.0,73.0,18.0,1.0,61.0,10.0,80.0
2020-08-11,277.0,74.0,202.0,20.0,627.0,263.0,32.0,0.0,27.0,74.0,14.0,1.0,60.0,9.0,81.0
2020-08-12,276.0,75.0,204.0,20.0,618.0,255.0,31.0,0.0,27.0,68.0,22.0,1.0,57.0,8.0,80.0
2020-08-13,265.0,67.0,213.0,20.0,611.0,244.0,30.0,0.0,29.0,62.0,20.0,1.0,56.0,10.0,80.0
2020-08-14,252.0,63.0,197.0,20.0,580.0,226.0,31.0,0.0,21.0,56.0,18.0,1.0,55.0,12.0,85.0
2020-08-15,257.0,70.0,168.0,20.0,612.0,232.0,32.0,0.0,30.0,61.0,16.0,2.0,56.0,12.0,80.0
2020-08-16,256.0,73.0,178.0,20.0,647.0,240.0,34.0,0.0,29.0,66.0,22.0,0.0,60.0,9.0,82.0
2020-08-17,258.0,74.0,191.0,19.0,633.0,244.0,31.0,0.0,25.0,67.0,19.0,1.0,60.0,11.0,76.0
2020-08-18,264.0,77.0,185.0,20.0,627.0,243.0,28.0,0.0,20.0,64.0,17.0,1.0,61.0,10.0,81.0
2020-08-19,269.0,75.0,209.0,20.0,633.0,258.0,25.0,0.0,26.0,62.0,14.0,1.0,59.0,10.0,77.0
2020-08-20,279.0,76.0,228.0,20.0,618.0,267.0,26.0,0.0,23.0,63.0,18.0,1.0,58.0,10.0,76.0
2020-08-21,276.0,78.0,222.0,20.0,601.0,257.0,25.0,0.0,30.0,62.0,13.0,0.0,57.0,10.0,77.0
2020-08-22,261.0,70.0,202.0,22.0,607.0,259.0,24.0,0.0,29.0,65.0,12.0,0.0,55.0,9.0,75.0
2020-08-23,269.0,70.0,206.0,22.0,662.0,273.0,25.0,0.0,33.0,64.0,20.0,0.0,56.0,12.0,73.0
2020-08-24,283.0,72.0,222.0,23.0,664.0,315.0,26.0,0.0,30.0,59.0,23.0,0.0,59.0,10.0,73.0
2020-08-25,293.0,81.0,222.0,23.0,652.0,327.0,31.0,0.0,29.0,59.0,22.0,1.0,57.0,10.0,76.0
2020-08-26,278.0,78.0,220.0,23.0,629.0,315.0,30.0,0.0,26.0,50.0,20.0,1.0,60.0,10.0,77.0
2020-08-27,283.0,84.0,209.0,22.0,613.0,317.0,29.0,0.0,24.0,44.0,22.0,3.0,60.0,13.0,77.0
2020-08-28,272.0,74.0,210.0,22.0,602.0,316.0,25.0,0.0,25.0,42.0,25.0,4.0,54.0,14.0,73.0
2020-08-29,272.0,69.0,179.0,5.0,608.0,315.0,14.0,0.0,28.0,47.0,22.0,3.0,59.0,13.0,72.0
2020-08-30,279.0,65.0,185.0,5.0,650.0,327.0,17.0,0.0,32.0,48.0,23.0,4.0,60.0,11.0,72.0
2020-08-31,313.0,63.0,228.0,5.0,657.0,329.0,15.0,0.0,30.0,50.0,20.0,2.0,57.0,10.0,75.0
2020-09-01,326.0,71.0,232.0,22.0,647.0,328.0,25.0,0.0,26.0,51.0,24.0,0.0,60.0,11.0,79.0
2020-09-02,311.0,79.0,211.0,22.0,647.0,342.0,25.0,0.0,26.0,52.0,20.0,1.0,61.0,10.0,77.0
2020-09-03,316.0,86.0,235.0,22.0,631.0,333.0,28.0,0.0,27.0,56.0,20.0,1.0,60.0,11.0,73.0
2020-09-04,299.0,83.0,218.0,5.0,617.0,305.0,17.0,0.0,25.0,57.0,18.0,1.0,60.0,8.0,73.0
2020-09-05,281.0,74.0,200.0,5.0,632.0,313.0,18.0,0.0,29.0,56.0,17.0,1.0,58.0,10.0,74.0
2020-09-06,283.0,75.0,204.0,5.0,656.0,324.0,17.0,0.0,37.0,66.0,16.0,2.0,60.0,11.0,80.0
2020-09-07,279.0,83.0,240.0,4.0,637.0,350.0,18.0,0.0,27.0,75.0,16.0,3.0,57.0,10.0,79.0
2020-09-08,296.0,86.0,241.0,4.0,623.0,361.0,17.0,0.0,31.0,77.0,19.0,2.0,57.0,11.0,81.0
2020-09-09,304.0,83.0,257.0,5.0,627.0,365.0,16.0,0.0,30.0,74.0,19.0,2.0,60.0,11.0,84.0
2020-09-10,310.0,89.0,265.0,4.0,635.0,372.0,16.0,0.0,30.0,69.0,23.0,0.0,58.0,14.0,84.0
2020-09-11,310.0,91.0,249.0,4.0,617.0,360.0,16.0,0.0,28.0,68.0,24.0,1.0,58.0,11.0,82.0
2020-09-12,293.0,80.0,225.0,5.0,634.0,342.0,17.0,0.0,31.0,72.0,22.0,1.0,58.0,13.0,86.0
2020-09-13,295.0,80.0,235.0,5.0,677.0,351.0,17.0,0.0,33.0,78.0,23.0,2.0,61.0,14.0,89.0
2020-09-14,311.0,95.0,261.0,5.0,677.0,357.0,17.0,0.0,39.0,77.0,21.0,4.0,60.0,15.0,93.0
2020-09-15,312.0,92.0,287.0,5.0,674.0,361.0,16.0,0.0,40.0,77.0,20.0,4.0,59.0,15.0,86.0
2020-09-16,304.0,90.0,273.0,7.0,676.0,363.0,17.0,0.0,35.0,79.0,21.0,2.0,63.0,13.0,87.0
2020-09-17,318.0,97.0,291.0,8.0,667.0,372.0,16.0,0.0,29.0,76.0,21.0,2.0,64.0,13.0,87.0
2020-09-18,295.0,93.0,277.0,9.0,648.0,358.0,18.0,0.0,23.0,82.0,27.0,2.0,61.0,13.0,92.0
2020-09-19,268.0,76.0,243.0,9.0,657.0,362.0,17.0,0.0,28.0,80.0,28.0,2.0,62.0,13.0,85.0
2020-09-20,269.0,84.0,237.0,9.0,682.0,372.0,16.0,0.0,35.0,82.0,30.0,3.0,64.0,13.0,86.0
2020-09-21,270.0,90.0,254.0,10.0,663.0,383.0,13.0,0.0,30.0,75.0,26.0,2.0,64.0,12.0,92.0
2020-09-22,297.0,100.0,271.0,10.0,666.0,379.0,14.0,0.0,28.0,73.0,23.0,4.0,62.0,13.0,94.0
2020-09-23,305.0,103.0,285.0,10.0,670.0,371.0,19.0,0.0,30.0,73.0,18.0,5.0,64.0,10.0,95.0
2020-09-24,312.0,103.0,281.0,9.0,666.0,393.0,16.0,0.0,36.0,74.0,19.0,2.0,65.0,10.0,88.0
2020-09-25,294.0,102.0,273.0,8.0,649.0,357.0,20.0,0.0,37.0,72.0,15.0,0.0,67.0,8.0,84.0
2020-09-26,291.0,84.0,252.0,7.0,664.0,358.0,24.0,0.0,36.0,63.0,16.0,1.0,67.0,8.0,84.0
2020-09-27,283.0,82.0,252.0,7.0,694.0,358.0,23.0,0.0,44.0,64.0,19.0,1.0,67.0,8.0,90.0
2020-09-28,285.0,96.0,265.0,5.0,689.0,370.0,23.0,0.0,31.0,65.0,18.0,1.0,65.0,8.0,90.0
2020-09-29,300.0,103.0,274.0,22.0,690.0,371.0,36.0,0.0,35.0,74.0,15.0,1.0,65.0,9.0,89.0
2020-09-30,309.0,104.0,270.0,25.0,689.0,372.0,36.0,0.0,32.0,73.0,10.0,0.0,67.0,10.0,96.0
2020-10-01,320.0,101.0,280.0,9.0,686.0,380.0,28.0,0.0,28.0,76.0,11.0,1.0,67.0,9.0,91.0
2020-10-02,300.0,94.0,268.0,9.0,657.0,354.0,25.0,0.0,30.0,74.0,12.0,2.0,66.0,9.0,92.0
2020-10-03,295.0,80.0,233.0,9.0,663.0,348.0,32.0,0.0,36.0,72.0,12.0,2.0,67.0,9.0,89.0
2020-10-04,285.0,83.0,228.0,10.0,692.0,350.0,36.0,0.0,39.0,78.0,16.0,3.0,68.0,8.0,90.0
2020-10-05,289.0,95.0,262.0,10.0,685.0,368.0,36.0,0.0,33.0,72.0,22.0,5.0,65.0,8.0,93.0
2020-10-06,307.0,98.0,282.0,10.0,700.0,373.0,43.0,0.0,32.0,74.0,14.0,3.0,65.0,7.0,97.0
2020-10-07,309.0,102.0,285.0,10.0,696.0,380.0,42.0,0.0,32.0,71.0,15.0,1.0,64.0,13.0,90.0
2020-10-08,305.0,101.0,308.0,8.0,687.0,368.0,41.0,0.0,33.0,74.0,19.0,2.0,63.0,14.0,95.0
2020-10-09,291.0,101.0,300.0,21.0,665.0,349.0,39.0,0.0,33.0,74.0,18.0,2.0,61.0,16.0,94.0
2020-10-10,273.0,97.0,263.0,28.0,652.0,345.0,39.0,0.0,39.0,75.0,16.0,0.0,64.0,19.0,92.0
2020-10-11,261.0,96.0,273.0,27.0,686.0,347.0,47.0,0.0,42.0,76.0,16.0,0.0,66.0,19.0,93.0
2020-10-12,280.0,105.0,285.0,23.0,680.0,355.0,46.0,0.0,34.0,80.0,20.0,2.0,68.0,22.0,91.0
2020-10-13,299.0,109.0,290.0,28.0,679.0,367.0,53.0,0.0,33.0,88.0,18.0,2.0,65.0,23.0,91.0
2020-10-14,299.0,112.0,284.0,28.0,676.0,375.0,63.0,0.0,26.0,74.0,17.0,0.0,67.0,30.0,90.0
2020-10-15,291.0,104.0,302.0,27.0,668.0,384.0,63.0,0.0,20.0,65.0,19.0,0.0,68.0,34.0,93.0
2020-10-16,262.0,98.0,284.0,30.0,653.0,355.0,68.0,0.0,30.0,59.0,15.0,0.0,66.0,33.0,87.0
2020-10-17,226.0,81.0,250.0,39.0,638.0,350.0,68.0,0.0,27.0,61.0,16.0,0.0,68.0,33.0,89.0
2020-10-18,224.0,83.0,260.0,43.0,673.0,360.0,75.0,0.0,31.0,65.0,22.0,0.0,69.0,36.0,87.0
2020-10-19,247.0,90.0,295.0,44.0,669.0,366.0,80.0,0.0,31.0,71.0,24.0,0.0,64.0,37.0,82.0
2020-10-20,260.0,103.0,303.0,44.0,677.0,369.0,87.0,0.0,31.0,67.0,24.0,0.0,66.0,36.0,84.0
2020-10-21,258.0,109.0,299.0,57.0,669.0,348.0,83.0,0.0,28.0,67.0,19.0,0.0,67.0,38.0,84.0
2020-10-22,263.0,105.0,289.0,65.0,658.0,340.0,102.0,0.0,28.0,65.0,26.0,0.0,69.0,39.0,86.0
2020-10-23,229.0,103.0,285.0,73.0,639.0,330.0,109.0,0.0,30.0,62.0,24.0,1.0,64.0,39.0,86.0
2020-10-24,204.0,86.0,241.0,83.0,641.0,334.0,117.0,0.0,34.0,62.0,28.0,1.0,62.0,40.0,92.0
2020-10-25,214.0,82.0,254.0,84.0,682.0,341.0,125.0,0.0,35.0,65.0,26.0,1.0,64.0,41.0,88.0
2020-10-26,251.0,93.0,277.0,81.0,688.0,345.0,124.0,0.0,34.0,66.0,35.0,1.0,64.0,42.0,87.0
2020-10-27,174.0,98.0,296.0,85.0,663.0,364.0,174.0,93.0,27.0,65.0,41.0,0.0,66.0,46.0,84.0
2020-10-28,181.0,93.0,280.0,92.0,648.0,358.0,191.0,93.0,33.0,61.0,32.0,0.0,65.0,48.0,90.0
2020-10-29,192.0,97.0,281.0,106.0,635.0,350.0,208.0,93.0,27.0,62.0,31.0,1.0,63.0,46.0,93.0
2020-10-30,184.0,90.0,287.0,105.0,612.0,331.0,212.0,93.0,27.0,59.0,32.0,1.0,65.0,45.0,78.0
2020-10-31,173.0,79.0,274.0,131.0,618.0,317.0,199.0,93.0,25.0,58.0,32.0,9.0,64.0,50.0,66.0
2020-11-01,168.0,84.0,270.0,136.0,637.0,317.0,222.0,93.0,27.0,61.0,35.0,12.0,65.0,49.0,69.0
2020-11-02,163.0,95.0,272.0,137.0,618.0,333.0,237.0,93.0,22.0,61.0,32.0,24.0,60.0,53.0,78.0
2020-11-03,173.0,93.0,259.0,142.0,594.0,345.0,234.0,0.0,22.0,61.0,36.0,41.0,58.0,36.0,76.0
2020-11-04,164.0,128.0,277.0,136.0,622.0,342.0,238.0,71.0,22.0,52.0,34.0,40.0,57.0,44.0,72.0
2020-11-05,161.0,126.0,308.0,132.0,602.0,340.0,255.0,71.0,21.0,57.0,36.0,34.0,60.0,51.0,71.0
2020-11-06,152.0,128.0,295.0,132.0,578.0,322.0,281.0,71.0,22.0,57.0,32.0,39.0,56.0,46.0,76.0
2020-11-07,139.0,119.0,251.0,136.0,548.0,315.0,280.0,122.0,20.0,54.0,42.0,40.0,57.0,48.0,71.0
2020-11-08,156.0,123.0,292.0,134.0,580.0,342.0,315.0,122.0,22.0,60.0,48.0,40.0,59.0,48.0,75.0
2020-11-09,163.0,118.0,278.0,156.0,570.0,354.0,316.0,122.0,23.0,57.0,46.0,40.0,62.0,47.0,72.0
2020-11-10,185.0,125.0,293.0,190.0,545.0,341.0,343.0,122.0,32.0,65.0,46.0,35.0,59.0,52.0,67.0
2020-11-11,184.0,119.0,311.0,192.0,546.0,335.0,349.0,122.0,26.0,70.0,40.0,38.0,61.0,57.0,64.0
2020-11-12,170.0,133.0,318.0,193.0,522.0,322.0,350.0,122.0,22.0,70.0,46.0,40.0,59.0,57.0,65.0
2020-11-13,90.0,47.0,285.0,193.0,391.0,258.0,338.0,122.0,19.0,63.0,30.0,43.0,27.0,50.0,31.0
2020-11-14,149.0,105.0,256.0,211.0,508.0,287.0,367.0,122.0,20.0,61.0,11.0,42.0,58.0,62.0,67.0
2020-11-15,143.0,112.0,252.0,219.0,520.0,297.0,378.0,102.0,22.0,64.0,8.0,41.0,59.0,62.0,68.0
2020-11-16,162.0,116.0,287.0,199.0,513.0,304.0,405.0,92.0,23.0,69.0,8.0,48.0,62.0,56.0,67.0
2020-11-17,211.0,120.0,297.0,228.0,514.0,293.0,374.0,89.0,27.0,65.0,8.0,46.0,59.0,55.0,69.0
2020-11-18,174.0,121.0,301.0,229.0,508.0,310.0,407.0,73.0,27.0,65.0,10.0,39.0,57.0,61.0,77.0
2020-11-19,179.0,126.0,318.0,225.0,512.0,312.0,419.0,73.0,28.0,66.0,8.0,46.0,57.0,63.0,78.0
2020-11-20,172.0,119.0,335.0,222.0,533.0,314.0,429.0,70.0,32.0,73.0,10.0,50.0,58.0,60.0,80.0
2020-11-21,172.0,113.0,299.0,222.0,541.0,303.0,422.0,119.0,27.0,63.0,12.0,45.0,60.0,60.0,74.0
2020-11-22,170.0,105.0,301.0,236.0,561.0,310.0,450.0,120.0,23.0,64.0,11.0,46.0,60.0,60.0,80.0
2020-11-23,186.0,100.0,301.0,233.0,552.0,315.0,455.0,120.0,19.0,74.0,7.0,44.0,59.0,48.0,76.0
2020-11-24,176.0,102.0,316.0,234.0,549.0,309.0,440.0,115.0,23.0,71.0,5.0,47.0,58.0,57.0,77.0
2020-11-25,172.0,124.0,351.0,229.0,551.0,313.0,436.0,113.0,16.0,77.0,7.0,47.0,61.0,57.0,83.0
2020-11-26,163.0,119.0,334.0,230.0,553.0,320.0,404.0,125.0,18.0,78.0,7.0,57.0,61.0,61.0,72.0
2020-11-27,162.0,109.0,297.0,194.0,554.0,300.0,431.0,129.0,20.0,79.0,6.0,50.0,60.0,63.0,73.0
2020-11-28,153.0,98.0,261.0,207.0,548.0,298.0,424.0,125.0,14.0,73.0,7.0,47.0,59.0,64.0,70.0
2020-11-29,153.0,113.0,290.0,208.0,578.0,307.0,443.0,117.0,19.0,71.0,6.0,53.0,61.0,63.0,70.0
2020-11-30,133.0,109.0,290.0,210.0,577.0,320.0,421.0,123.0,17.0,70.0,7.0,51.0,58.0,64.0,72.0
2020-12-01,135.0,118.0,296.0,203.0,570.0,330.0,404.0,123.0,17.0,71.0,7.0,50.0,59.0,63.0,77.0
2020-12-02,146.0,116.0,313.0,198.0,577.0,335.0,389.0,118.0,13.0,69.0,6.0,47.0,59.0,64.0,74.0
2020-12-03,162.0,119.0,349.0,197.0,555.0,337.0,401.0,117.0,13.0,68.0,7.0,51.0,64.0,63.0,80.0
2020-12-04,147.0,106.0,305.0,208.0,543.0,299.0,382.0,117.0,16.0,66.0,8.0,46.0,57.0,63.0,78.0
2020-12-05,139.0,100.0,277.0,208.0,538.0,297.0,399.0,118.0,12.0,65.0,8.0,49.0,60.0,64.0,72.0
2020-12-06,142.0,100.0,283.0,211.0,569.0,316.0,417.0,118.0,9.0,65.0,12.0,49.0,62.0,65.0,69.0
2020-12-07,139.0,88.0,304.0,210.0,564.0,333.0,413.0,118.0,12.0,63.0,11.0,48.0,56.0,64.0,79.0
2020-12-08,132.0,89.0,288.0,214.0,587.0,334.0,422.0,110.0,15.0,70.0,11.0,50.0,60.0,64.0,80.0
2020-12-09,141.0,101.0,304.0,205.0,593.0,329.0,404.0,109.0,18.0,66.0,11.0,48.0,60.0,64.0,81.0
2020-12-10,132.0,108.0,307.0,199.0,596.0,325.0,413.0,120.0,23.0,66.0,13.0,49.0,61.0,65.0,79.0
2020-12-11,128.0,110.0,317.0,194.0,560.0,321.0,410.0,123.0,18.0,63.0,12.0,46.0,60.0,66.0,87.0
2020-12-12,125.0,104.0,281.0,199.0,558.0,316.0,408.0,126.0,18.0,61.0,11.0,49.0,60.0,64.0,81.0
2020-12-13,138.0,100.0,276.0,200.0,579.0,321.0,420.0,125.0,20.0,63.0,10.0,51.0,60.0,64.0,85.0
2020-12-14,154.0,112.0,306.0,201.0,580.0,328.0,407.0,128.0,16.0,56.0,8.0,47.0,59.0,66.0,83.0
2020-12-15,163.0,117.0,305.0,196.0,588.0,323.0,422.0,133.0,17.0,55.0,6.0,45.0,60.0,62.0,82.0
2020-12-16,159.0,117.0,306.0,198.0,592.0,330.0,414.0,134.0,20.0,61.0,3.0,44.0,61.0,58.0,80.0
2020-12-17,148.0,109.0,319.0,195.0,592.0,329.0,401.0,128.0,15.0,58.0,6.0,41.0,60.0,62.0,81.0
2020-12-18,127.0,112.0,291.0,199.0,583.0,305.0,385.0,128.0,19.0,59.0,7.0,39.0,61.0,62.0,81.0
2020-12-19,125.0,102.0,253.0,194.0,568.0,294.0,403.0,128.0,16.0,61.0,5.0,44.0,59.0,62.0,82.0
2020-12-20,130.0,103.0,259.0,195.0,589.0,310.0,416.0,130.0,18.0,64.0,7.0,47.0,62.0,62.0,84.0
2020-12-21,128.0,108.0,297.0,191.0,586.0,319.0,416.0,133.0,16.0,62.0,8.0,44.0,61.0,65.0,80.0
2020-12-22,148.0,109.0,302.0,195.0,557.0,275.0,416.0,135.0,14.0,57.0,6.0,46.0,62.0,60.0,79.0
2020-12-23,139.0,112.0,286.0,191.0,577.0,256.0,409.0,135.0,13.0,52.0,3.0,45.0,58.0,59.0,77.0
2020-12-24,131.0,99.0,236.0,189.0,539.0,226.0,404.0,141.0,15.0,44.0,2.0,45.0,53.0,62.0,76.0
2020-12-25,123.0,94.0,216.0,192.0,547.0,239.0,420.0,140.0,11.0,45.0,5.0,44.0,56.0,64.0,75.0
2020-12-26,109.0,97.0,210.0,192.0,551.0,244.0,418.0,144.0,14.0,44.0,2.0,49.0,60.0,61.0,78.0
2020-12-27,111.0,98.0,216.0,199.0,562.0,258.0,448.0,144.0,15.0,45.0,0.0,53.0,63.0,62.0,75.0
2020-12-28,127.0,93.0,250.0,198.0,579.0,275.0,434.0,139.0,17.0,45.0,2.0,53.0,64.0,58.0,77.0
2020-12-29,132.0,97.0,257.0,196.0,576.0,273.0,448.0,140.0,17.0,47.0,5.0,52.0,62.0,58.0,77.0
2020-12-30,131.0,93.0,263.0,187.0,576.0,282.0,440.0,143.0,19.0,48.0,5.0,48.0,63.0,60.0,81.0
2020-12-31,139.0,84.0,228.0,188.0,555.0,251.0,425.0,142.0,13.0,42.0,5.0,50.0,62.0,67.0,71.0
2021-01-01,119.0,76.0,206.0,181.0,568.0,270.0,442.0,142.0,13.0,42.0,6.0,50.0,59.0,67.0,74.0
2021-01-02,121.0,78.0,190.0,179.0,580.0,270.0,443.0,135.0,16.0,44.0,6.0,56.0,62.0,66.0,71.0
2021-01-03,126.0,95.0,200.0,173.0,614.0,282.0,454.0,135.0,17.0,45.0,7.0,49.0,64.0,66.0,73.0
2021-01-04,123.0,104.0,244.0,171.0,597.0,301.0,448.0,136.0,20.0,50.0,7.0,53.0,66.0,63.0,80.0
2021-01-05,132.0,100.0,254.0,133.0,587.0,297.0,470.0,134.0,14.0,56.0,3.0,52.0,58.0,63.0,78.0
2021-01-06,119.0,102.0,252.0,132.0,610.0,308.0,478.0,132.0,14.0,59.0,3.0,54.0,56.0,64.0,79.0
2021-01-07,121.0,116.0,266.0,131.0,604.0,306.0,487.0,131.0,20.0,53.0,4.0,52.0,63.0,66.0,78.0
2021-01-08,132.0,121.0,288.0,130.0,586.0,288.0,473.0,130.0,20.0,55.0,3.0,52.0,59.0,65.0,75.0
2021-01-09,141.0,113.0,249.0,134.0,583.0,279.0,457.0,132.0,23.0,55.0,4.0,51.0,58.0,61.0,72.0
2021-01-10,144.0,118.0,243.0,133.0,613.0,288.0,472.0,130.0,25.0,57.0,4.0,51.0,58.0,64.0,72.0
2021-01-11,154.0,115.0,271.0,157.0,606.0,321.0,448.0,129.0,24.0,55.0,5.0,54.0,56.0,65.0,78.0
2021-01-12,152.0,120.0,297.0,159.0,598.0,336.0,436.0,129.0,21.0,57.0,5.0,52.0,55.0,61.0,74.0
2021-01-13,145.0,129.0,307.0,156.0,576.0,335.0,432.0,120.0,17.0,57.0,5.0,51.0,59.0,60.0,81.0
2021-01-14,151.0,131.0,324.0,161.0,578.0,336.0,414.0,116.0,18.0,60.0,4.0,51.0,58.0,60.0,79.0
2021-01-15,143.0,131.0,326.0,164.0,573.0,313.0,400.0,112.0,16.0,59.0,2.0,44.0,58.0,61.0,77.0
2021-01-16,130.0,116.0,292.0,163.0,577.0,311.0,402.0,112.0,16.0,55.0,4.0,43.0,57.0,60.0,75.0
2021-01-17,122.0,116.0,290.0,168.0,608.0,309.0,406.0,111.0,19.0,59.0,4.0,45.0,60.0,59.0,76.0
2021-01-18,141.0,121.0,319.0,164.0,608.0,331.0,416.0,69.0,12.0,60.0,6.0,44.0,61.0,57.0,81.0
2021-01-19,151.0,127.0,337.0,161.0,608.0,322.0,388.0,74.0,11.0,63.0,4.0,44.0,64.0,55.0,88.0
2021-01-20,138.0,126.0,356.0,161.0,613.0,333.0,361.0,76.0,11.0,58.0,3.0,45.0,63.0,52.0,88.0
2021-01-21,151.0,133.0,353.0,159.0,597.0,321.0,342.0,75.0,12.0,59.0,2.0,43.0,63.0,52.0,89.0
2021-01-22,155.0,128.0,333.0,161.0,603.0,325.0,309.0,66.0,8.0,58.0,5.0,43.0,60.0,51.0,85.0
2021-01-23,144.0,122.0,298.0,159.0,609.0,329.0,284.0,66.0,8.0,57.0,4.0,39.0,60.0,47.0,82.0
2021-01-24,140.0,131.0,288.0,160.0,647.0,330.0,283.0,67.0,11.0,58.0,6.0,37.0,62.0,54.0,86.0
2021-01-25,146.0,140.0,311.0,168.0,635.0,331.0,285.0,62.0,17.0,55.0,3.0,40.0,64.0,51.0,90.0
2021-01-26,161.0,148.0,322.0,170.0,649.0,334.0,273.0,62.0,19.0,57.0,0.0,43.0,67.0,51.0,90.0
2021-01-27,163.0,144.0,326.0,172.0,611.0,334.0,276.0,58.0,18.0,57.0,3.0,31.0,63.0,51.0,94.0
2021-01-28,150.0,143.0,339.0,175.0,633.0,325.0,269.0,76.0,24.0,55.0,3.0,35.0,66.0,50.0,91.0
2021-01-29,147.0,127.0,331.0,179.0,628.0,321.0,266.0,77.0,26.0,51.0,4.0,35.0,65.0,54.0,88.0
2021-01-30,148.0,126.0,283.0,177.0,621.0,314.0,269.0,78.0,25.0,53.0,5.0,32.0,65.0,57.0,89.0
2021-01-31,146.0,124.0,278.0,176.0,654.0,327.0,287.0,79.0,24.0,55.0,4.0,33.0,65.0,56.0,84.0
2021-02-01,142.0,138.0,306.0,172.0,687.0,349.0,285.0,78.0,23.0,59.0,4.0,32.0,66.0,55.0,85.0
2021-02-02,139.0,135.0,341.0,173.0,693.0,345.0,283.0,80.0,19.0,60.0,3.0,31.0,66.0,53.0,86.0
2021-02-03,136.0,134.0,340.0,165.0,710.0,335.0,280.0,80.0,16.0,60.0,2.0,32.0,67.0,50.0,90.0
2021-02-04,138.0,142.0,341.0,161.0,692.0,339.0,276.0,76.0,14.0,66.0,4.0,36.0,63.0,49.0,86.0
2021-02-05,143.0,131.0,327.0,158.0,684.0,326.0,267.0,75.0,17.0,62.0,8.0,37.0,61.0,49.0,90.0
2021-02-06,131.0,119.0,283.0,158.0,681.0,301.0,273.0,75.0,18.0,64.0,7.0,34.0,62.0,49.0,90.0
2021-02-07,130.0,124.0,282.0,161.0,709.0,302.0,287.0,76.0,21.0,65.0,9.0,38.0,64.0,50.0,89.0
2021-02-08,135.0,130.0,334.0,159.0,709.0,323.0,295.0,74.0,25.0,64.0,7.0,38.0,65.0,49.0,86.0
2021-02-09,138.0,123.0,336.0,170.0,708.0,335.0,292.0,74.0,24.0,67.0,5.0,39.0,65.0,53.0,93.0
2021-02-10,134.0,130.0,347.0,173.0,683.0,330.0,288.0,70.0,23.0,61.0,4.0,38.0,67.0,53.0,91.0
2021-02-11,154.0,134.0,355.0,168.0,688.0,336.0,292.0,63.0,28.0,63.0,9.0,37.0,67.0,55.0,89.0
2021-02-12,144.0,135.0,353.0,181.0,670.0,342.0,290.0,66.0,30.0,61.0,7.0,34.0,64.0,53.0,87.0
2021-02-13,143.0,126.0,296.0,181.0,667.0,325.0,296.0,65.0,29.0,64.0,5.0,37.0,66.0,54.0,86.0
2021-02-14,125.0,120.0,289.0,185.0,697.0,339.0,298.0,65.0,32.0,69.0,3.0,39.0,67.0,54.0,88.0
2021-02-15,132.0,123.0,329.0,190.0,689.0,356.0,302.0,65.0,31.0,71.0,5.0,38.0,65.0,57.0,90.0
2021-02-16,146.0,128.0,348.0,188.0,674.0,352.0,311.0,68.0,27.0,65.0,6.0,41.0,67.0,60.0,88.0
2021-02-17,141.0,136.0,346.0,194.0,640.0,359.0,326.0,74.0,30.0,62.0,7.0,40.0,66.0,60.0,88.0
2021-02-18,142.0,136.0,342.0,196.0,638.0,348.0,340.0,73.0,32.0,61.0,6.0,41.0,65.0,57.0,91.0
2021-02-19,137.0,140.0,347.0,193.0,642.0,330.0,349.0,94.0,36.0,63.0,7.0,39.0,63.0,58.0,89.0
2021-02-20,130.0,125.0,298.0,193.0,635.0,332.0,363.0,89.0,27.0,64.0,7.0,41.0,64.0,60.0,88.0
2021-02-21,137.0,129.0,301.0,195.0,659.0,337.0,386.0,84.0,38.0,64.0,6.0,43.0,68.0,61.0,89.0
2021-02-22,145.0,136.0,325.0,194.0,653.0,333.0,403.0,77.0,38.0,69.0,8.0,43.0,65.0,61.0,88.0
2021-02-23,169.0,129.0,326.0,202.0,623.0,340.0,405.0,82.0,30.0,70.0,6.0,43.0,66.0,64.0,92.0
2021-02-24,143.0,133.0,337.0,203.0,599.0,337.0,417.0,84.0,35.0,66.0,5.0,48.0,64.0,59.0,92.0
2021-02-25,137.0,135.0,330.0,212.0,587.0,342.0,440.0,80.0,31.0,69.0,6.0,49.0,64.0,63.0,90.0
2021-02-26,146.0,129.0,327.0,209.0,545.0,329.0,462.0,81.0,30.0,72.0,5.0,50.0,63.0,67.0,84.0
2021-02-27,113.0,116.0,280.0,209.0,550.0,331.0,489.0,85.0,27.0,71.0,5.0,49.0,64.0,69.0,82.0
2021-02-28,120.0,118.0,273.0,207.0,570.0,345.0,536.0,85.0,27.0,74.0,5.0,50.0,66.0,74.0,84.0
2021-03-01,130.0,124.0,271.0,214.0,572.0,365.0,555.0,93.0,24.0,66.0,6.0,53.0,65.0,79.0,83.0
2021-03-02,153.0,124.0,276.0,224.0,566.0,355.0,566.0,96.0,23.0,48.0,6.0,57.0,66.0,80.0,85.0
2021-03-03,152.0,116.0,295.0,219.0,550.0,347.0,587.0,100.0,18.0,50.0,4.0,57.0,70.0,86.0,85.0
2021-03-04,141.0,107.0,275.0,223.0,546.0,345.0,597.0,108.0,13.0,47.0,3.0,56.0,67.0,89.0,81.0
2021-03-05,126.0,107.0,257.0,232.0,514.0,337.0,615.0,127.0,18.0,49.0,6.0,57.0,64.0,89.0,79.0
2021-03-06,117.0,95.0,238.0,240.0,518.0,319.0,643.0,120.0,12.0,52.0,5.0,68.0,63.0,97.0,67.0
2021-03-07,143.0,92.0,217.0,248.0,545.0,320.0,658.0,120.0,16.0,53.0,4.0,74.0,62.0,99.0,71.0
2021-03-08,132.0,90.0,238.0,260.0,545.0,310.0,648.0,121.0,16.0,54.0,3.0,83.0,64.0,100.0,70.0
2021-03-09,137.0,113.0,240.0,270.0,545.0,313.0,683.0,120.0,15.0,44.0,5.0,95.0,60.0,102.0,71.0
2021-03-10,133.0,105.0,240.0,279.0,519.0,306.0,708.0,120.0,19.0,46.0,5.0,88.0,56.0,114.0,73.0
2021-03-11,149.0,115.0,235.0,258.0,504.0,296.0,765.0,121.0,18.0,40.0,3.0,79.0,61.0,118.0,55.0
2021-03-12,132.0,121.0,223.0,260.0,483.0,296.0,768.0,127.0,16.0,36.0,3.0,88.0,59.0,123.0,57.0
2021-03-13,128.0,118.0,205.0,260.0,479.0,299.0,794.0,136.0,10.0,34.0,6.0,92.0,57.0,125.0,60.0
2021-03-14,123.0,128.0,212.0,261.0,505.0,325.0,827.0,135.0,13.0,38.0,5.0,98.0,59.0,129.0,66.0
2021-03-15,122.0,118.0,214.0,263.0,500.0,343.0,844.0,139.0,14.0,35.0,5.0,90.0,59.0,131.0,54.0
2021-03-16,131.0,120.0,213.0,266.0,488.0,315.0,861.0,139.0,22.0,44.0,4.0,93.0,55.0,131.0,59.0
2021-03-17,138.0,123.0,225.0,265.0,470.0,300.0,840.0,140.0,21.0,42.0,3.0,90.0,59.0,131.0,60.0
2021-03-18,131.0,126.0,225.0,266.0,453.0,305.0,840.0,138.0,24.0,44.0,4.0,94.0,60.0,131.0,63.0
2021-03-19,137.0,124.0,223.0,266.0,441.0,304.0,822.0,137.0,26.0,46.0,5.0,94.0,62.0,136.0,56.0
2021-03-20,131.0,122.0,195.0,296.0,430.0,306.0,840.0,137.0,19.0,43.0,9.0,96.0,59.0,132.0,59.0
2021-03-21,135.0,126.0,205.0,297.0,453.0,318.0,881.0,137.0,23.0,44.0,9.0,98.0,59.0,131.0,60.0
2021-03-22,151.0,126.0,242.0,291.0,460.0,310.0,877.0,141.0,29.0,47.0,5.0,96.0,63.0,136.0,57.0
2021-03-23,159.0,129.0,270.0,293.0,452.0,318.0,850.0,142.0,20.0,44.0,5.0,97.0,59.0,138.0,59.0
2021-03-24,145.0,115.0,278.0,289.0,441.0,322.0,815.0,142.0,16.0,45.0,6.0,89.0,60.0,141.0,59.0
2021-03-25,148.0,110.0,277.0,294.0,444.0,325.0,796.0,141.0,17.0,48.0,9.0,93.0,56.0,137.0,60.0
2021-03-26,137.0,116.0,277.0,291.0,444.0,301.0,757.0,134.0,24.0,47.0,9.0,88.0,58.0,136.0,58.0
2021-03-27,130.0,117.0,246.0,302.0,457.0,323.0,762.0,134.0,23.0,48.0,9.0,85.0,59.0,132.0,54.0
2021-03-28,130.0,124.0,245.0,302.0,476.0,336.0,772.0,113.0,23.0,47.0,5.0,93.0,61.0,134.0,57.0
2021-03-29,141.0,128.0,280.0,294.0,480.0,344.0,766.0,103.0,19.0,53.0,8.0,91.0,60.0,127.0,60.0
2021-03-30,149.0,120.0,286.0,291.0,479.0,337.0,750.0,100.0,24.0,55.0,6.0,87.0,62.0,129.0,58.0
2021-03-31,142.0,116.0,307.0,282.0,469.0,345.0,699.0,100.0,20.0,55.0,6.0,90.0,64.0,120.0,58.0
2021-04-01,146.0,127.0,322.0,296.0,479.0,344.0,680.0,102.0,16.0,57.0,5.0,86.0,65.0,121.0,57.0
2021-04-02,132.0,116.0,304.0,299.0,469.0,309.0,690.0,105.0,15.0,59.0,7.0,87.0,61.0,114.0,53.0
2021-04-03,119.0,102.0,274.0,288.0,478.0,312.0,660.0,104.0,18.0,57.0,6.0,84.0,60.0,109.0,51.0
2021-04-04,119.0,101.0,272.0,289.0,514.0,315.0,668.0,104.0,18.0,62.0,7.0,80.0,61.0,114.0,53.0
2021-04-05,128.0,117.0,251.0,292.0,551.0,315.0,683.0,104.0,17.0,62.0,5.0,85.0,62.0,110.0,58.0
2021-04-06,136.0,121.0,263.0,296.0,559.0,327.0,669.0,104.0,21.0,56.0,8.0,87.0,60.0,100.0,57.0
2021-04-07,162.0,124.0,294.0,296.0,554.0,343.0,623.0,102.0,27.0,59.0,8.0,89.0,59.0,92.0,45.0
2021-04-08,165.0,128.0,280.0,286.0,519.0,346.0,593.0,102.0,26.0,58.0,6.0,88.0,60.0,100.0,61.0
2021-04-09,142.0,127.0,269.0,280.0,536.0,336.0,571.0,102.0,24.0,60.0,6.0,80.0,62.0,96.0,63.0
2021-04-10,123.0,117.0,253.0,270.0,544.0,348.0,568.0,104.0,27.0,60.0,5.0,72.0,61.0,98.0,65.0
2021-04-11,128.0,109.0,258.0,268.0,582.0,350.0,582.0,104.0,28.0,59.0,5.0,75.0,61.0,99.0,60.0
2021-04-12,124.0,106.0,308.0,255.0,571.0,363.0,539.0,96.0,23.0,53.0,6.0,68.0,61.0,99.0,65.0
2021-04-13,131.0,122.0,319.0,247.0,588.0,370.0,484.0,94.0,27.0,52.0,4.0,67.0,63.0,95.0,65.0
2021-04-14,131.0,134.0,326.0,243.0,585.0,372.0,477.0,96.0,24.0,55.0,3.0,64.0,63.0,91.0,64.0
2021-04-15,134.0,143.0,326.0,236.0,587.0,351.0,421.0,98.0,30.0,52.0,3.0,57.0,65.0,88.0,62.0
2021-04-16,140.0,130.0,332.0,229.0,590.0,346.0,406.0,95.0,32.0,54.0,4.0,54.0,66.0,86.0,64.0
2021-04-17,134.0,123.0,297.0,237.0,579.0,335.0,398.0,95.0,30.0,49.0,3.0,54.0,66.0,82.0,70.0
2021-04-18,125.0,134.0,289.0,241.0,623.0,346.0,395.0,105.0,27.0,51.0,3.0,55.0,68.0,80.0,65.0
2021-04-19,127.0,138.0,324.0,210.0,624.0,362.0,385.0,92.0,26.0,57.0,1.0,44.0,65.0,86.0,65.0
2021-04-20,139.0,140.0,339.0,199.0,616.0,364.0,377.0,93.0,24.0,59.0,2.0,39.0,59.0,80.0,67.0
2021-04-21,138.0,138.0,353.0,180.0,597.0,357.0,343.0,91.0,24.0,56.0,3.0,36.0,57.0,78.0,72.0
2021-04-22,150.0,132.0,336.0,172.0,600.0,354.0,304.0,106.0,19.0,53.0,2.0,37.0,60.0,75.0,74.0
2021-04-23,146.0,130.0,318.0,165.0,609.0,336.0,296.0,106.0,17.0,53.0,2.0,39.0,57.0,70.0,72.0
2021-04-24,154.0,129.0,290.0,161.0,617.0,323.0,291.0,106.0,21.0,52.0,2.0,40.0,63.0,68.0,74.0
2021-04-25,154.0,126.0,293.0,161.0,647.0,349.0,291.0,106.0,27.0,52.0,4.0,40.0,63.0,71.0,74.0
2021-04-26,145.0,147.0,346.0,161.0,659.0,360.0,282.0,106.0,29.0,61.0,4.0,41.0,61.0,63.0,81.0
2021-04-27,139.0,149.0,359.0,160.0,658.0,363.0,275.0,104.0,26.0,63.0,6.0,38.0,62.0,65.0,80.0
2021-04-28,148.0,153.0,376.0,152.0,660.0,371.0,274.0,105.0,25.0,65.0,4.0,37.0,62.0,62.0,86.0
2021-04-29,165.0,143.0,397.0,136.0,657.0,369.0,261.0,89.0,26.0,60.0,6.0,33.0,63.0,58.0,76.0
2021-04-30,151.0,144.0,378.0,129.0,628.0,334.0,248.0,82.0,23.0,68.0,3.0,32.0,65.0,58.0,76.0
2021-05-01,137.0,133.0,333.0,132.0,660.0,327.0,242.0,82.0,24.0,74.0,3.0,36.0,61.0,63.0,74.0
2021-05-02,121.0,147.0,332.0,132.0,693.0,325.0,251.0,82.0,26.0,77.0,2.0,38.0,62.0,66.0,79.0
2021-05-03,119.0,150.0,362.0,131.0,683.0,346.0,233.0,82.0,34.0,80.0,3.0,34.0,62.0,70.0,80.0
2021-05-04,142.0,161.0,389.0,137.0,673.0,362.0,219.0,80.0,30.0,87.0,0.0,29.0,67.0,71.0,79.0
2021-05-05,154.0,152.0,398.0,136.0,663.0,369.0,211.0,60.0,27.0,87.0,1.0,27.0,62.0,63.0,87.0
2021-05-06,149.0,157.0,402.0,131.0,659.0,364.0,191.0,60.0,19.0,80.0,2.0,28.0,64.0,58.0,87.0
2021-05-07,139.0,150.0,384.0,129.0,664.0,357.0,183.0,59.0,21.0,82.0,4.0,26.0,63.0,58.0,80.0
2021-05-08,142.0,148.0,340.0,128.0,653.0,339.0,169.0,59.0,15.0,78.0,2.0,34.0,61.0,56.0,81.0
2021-05-09,136.0,157.0,337.0,129.0,673.0,356.0,175.0,59.0,25.0,79.0,3.0,35.0,62.0,58.0,87.0
2021-05-10,147.0,171.0,364.0,121.0,677.0,378.0,173.0,58.0,33.0,84.0,3.0,22.0,59.0,57.0,82.0
2021-05-11,151.0,176.0,384.0,111.0,664.0,378.0,173.0,58.0,27.0,89.0,3.0,26.0,61.0,56.0,87.0
2021-05-12,145.0,186.0,396.0,103.0,694.0,376.0,163.0,58.0,27.0,92.0,4.0,24.0,64.0,54.0,91.0
2021-05-13,160.0,185.0,392.0,86.0,695.0,366.0,152.0,57.0,31.0,83.0,4.0,14.0,68.0,37.0,97.0
2021-05-14,126.0,174.0,376.0,79.0,674.0,367.0,135.0,56.0,32.0,82.0,1.0,17.0,61.0,51.0,93.0
2021-05-15,132.0,155.0,346.0,79.0,680.0,365.0,126.0,73.0,29.0,82.0,3.0,22.0,66.0,51.0,89.0
2021-05-16,133.0,158.0,345.0,79.0,720.0,370.0,126.0,73.0,31.0,83.0,4.0,24.0,65.0,52.0,91.0
2021-05-17,134.0,162.0,379.0,76.0,736.0,383.0,125.0,69.0,32.0,92.0,3.0,20.0,65.0,50.0,92.0
2021-05-18,148.0,161.0,398.0,62.0,734.0,384.0,115.0,69.0,31.0,91.0,6.0,22.0,65.0,47.0,92.0
2021-05-19,156.0,175.0,405.0,59.0,739.0,375.0,114.0,69.0,32.0,97.0,5.0,21.0,61.0,43.0,94.0
2021-05-20,165.0,182.0,414.0,56.0,728.0,383.0,118.0,69.0,29.0,93.0,2.0,19.0,66.0,40.0,88.0
2021-05-21,146.0,179.0,399.0,52.0,709.0,351.0,94.0,68.0,31.0,93.0,1.0,18.0,62.0,42.0,92.0
2021-05-22,146.0,183.0,350.0,53.0,746.0,344.0,95.0,73.0,35.0,95.0,4.0,17.0,63.0,42.0,89.0
2021-05-23,146.0,183.0,350.0,53.0,746.0,344.0,95.0,73.0,35.0,95.0,4.0,17.0,63.0,42.0,89.0
2021-05-24,153.0,180.0,401.0,55.0,731.0,370.0,81.0,73.0,34.0,95.0,2.0,15.0,64.0,39.0,98.0
2021-05-25,169.0,175.0,411.0,57.0,722.0,362.0,62.0,73.0,34.0,92.0,0.0,12.0,64.0,41.0,98.0
2021-05-26,179.0,169.0,412.0,53.0,713.0,369.0,55.0,73.0,32.0,90.0,0.0,1.0,64.0,42.0,92.0
2021-05-27,166.0,168.0,415.0,48.0,699.0,369.0,50.0,68.0,31.0,85.0,1.0,5.0,64.0,42.0,91.0
2021-05-28,160.0,157.0,399.0,41.0,671.0,363.0,53.0,66.0,27.0,86.0,1.0,5.0,64.0,31.0,91.0
2021-05-29,146.0,141.0,356.0,41.0,669.0,348.0,49.0,66.0,28.0,91.0,1.0,6.0,63.0,40.0,85.0
2021-05-30,149.0,147.0,356.0,41.0,718.0,349.0,50.0,66.0,28.0,96.0,1.0,6.0,65.0,39.0,87.0
2021-05-31,144.0,152.0,401.0,45.0,714.0,354.0,48.0,66.0,30.0,93.0,2.0,6.0,61.0,37.0,93.0
2021-06-01,144.0,152.0,391.0,43.0,708.0,357.0,51.0,57.0,36.0,87.0,1.0,7.0,63.0,35.0,90.0
2021-06-02,135.0,150.0,382.0,43.0,745.0,364.0,47.0,56.0,40.0,93.0,2.0,7.0,61.0,34.0,94.0
2021-06-03,140.0,164.0,413.0,39.0,740.0,365.0,44.0,54.0,34.0,87.0,3.0,8.0,63.0,29.0,94.0
2021-06-04,143.0,159.0,395.0,34.0,720.0,347.0,45.0,53.0,31.0,80.0,1.0,7.0,62.0,26.0,93.0
2021-06-05,140.0,149.0,379.0,34.0,718.0,348.0,39.0,48.0,23.0,77.0,0.0,6.0,59.0,26.0,89.0
2021-06-06,138.0,159.0,365.0,34.0,749.0,356.0,40.0,48.0,23.0,84.0,1.0,5.0,63.0,27.0,90.0
2021-06-07,153.0,160.0,378.0,34.0,731.0,370.0,37.0,43.0,30.0,87.0,1.0,3.0,61.0,29.0,97.0
2021-06-08,169.0,175.0,408.0,31.0,740.0,370.0,32.0,43.0,35.0,86.0,1.0,2.0,62.0,27.0,89.0
2021-06-09,169.0,173.0,435.0,28.0,742.0,371.0,29.0,43.0,33.0,79.0,1.0,0.0,61.0,24.0,96.0
2021-06-10,160.0,166.0,439.0,26.0,740.0,371.0,32.0,42.0,38.0,75.0,1.0,0.0,65.0,25.0,92.0
2021-06-11,205.0,159.0,417.0,7.0,699.0,347.0,28.0,43.0,45.0,69.0,1.0,0.0,62.0,21.0,84.0
2021-06-12,200.0,151.0,387.0,7.0,711.0,346.0,23.0,43.0,42.0,65.0,1.0,0.0,62.0,22.0,84.0
2021-06-13,192.0,158.0,379.0,7.0,754.0,357.0,23.0,43.0,44.0,68.0,1.0,0.0,64.0,22.0,88.0
2021-06-14,194.0,169.0,407.0,7.0,744.0,370.0,19.0,43.0,39.0,69.0,1.0,0.0,62.0,21.0,89.0
2021-06-15,204.0,161.0,414.0,7.0,748.0,374.0,21.0,43.0,39.0,68.0,0.0,0.0,63.0,20.0,90.0
2021-06-16,203.0,170.0,432.0,7.0,748.0,381.0,20.0,43.0,34.0,69.0,0.0,0.0,63.0,19.0,93.0
2021-06-17,209.0,163.0,433.0,7.0,730.0,370.0,23.0,43.0,32.0,67.0,0.0,0.0,59.0,16.0,93.0
2021-06-18,139.0,161.0,409.0,7.0,724.0,345.0,21.0,43.0,31.0,69.0,1.0,0.0,59.0,14.0,102.0
2021-06-19,130.0,153.0,371.0,7.0,725.0,341.0,22.0,43.0,31.0,68.0,1.0,0.0,59.0,14.0,100.0
2021-06-20,188.0,149.0,370.0,0.0,756.0,347.0,21.0,0.0,41.0,74.0,1.0,0.0,60.0,12.0,96.0
2021-06-21,136.0,159.0,408.0,4.0,751.0,360.0,23.0,47.0,27.0,71.0,0.0,0.0,59.0,13.0,104.0
2021-06-22,224.0,166.0,421.0,0.0,858.0,350.0,28.0,0.0,38.0,63.0,0.0,0.0,58.0,12.0,107.0
2021-06-23,153.0,163.0,439.0,2.0,730.0,351.0,19.0,47.0,31.0,70.0,1.0,0.0,61.0,13.0,105.0
2021-06-24,148.0,174.0,441.0,0.0,733.0,359.0,17.0,47.0,36.0,67.0,1.0,0.0,61.0,8.0,113.0
2021-06-25,143.0,159.0,438.0,0.0,730.0,339.0,17.0,47.0,34.0,57.0,0.0,0.0,60.0,6.0,106.0
2021-06-26,206.0,151.0,390.0,0.0,792.0,331.0,18.0,0.0,41.0,58.0,0.0,0.0,57.0,4.0,110.0
2021-06-27,215.0,160.0,386.0,0.0,820.0,348.0,17.0,0.0,43.0,61.0,0.0,0.0,56.0,4.0,113.0
2021-06-28,157.0,164.0,416.0,0.0,741.0,352.0,16.0,46.0,29.0,62.0,0.0,0.0,63.0,6.0,114.0
2021-06-29,175.0,169.0,429.0,0.0,733.0,357.0,18.0,43.0,32.0,65.0,0.0,0.0,62.0,6.0,118.0
2021-06-30,170.0,154.0,433.0,0.0,736.0,355.0,16.0,41.0,31.0,70.0,1.0,0.0,66.0,6.0,117.0
2021-07-01,161.0,157.0,431.0,0.0,719.0,365.0,14.0,41.0,34.0,71.0,2.0,0.0,64.0,6.0,113.0
2021-07-02,158.0,140.0,413.0,0.0,700.0,341.0,15.0,41.0,30.0,65.0,1.0,0.0,63.0,7.0,113.0
2021-07-03,160.0,129.0,363.0,0.0,693.0,351.0,15.0,42.0,34.0,61.0,2.0,0.0,61.0,7.0,109.0
2021-07-04,153.0,140.0,370.0,0.0,724.0,354.0,15.0,42.0,32.0,62.0,3.0,0.0,63.0,7.0,106.0
2021-07-05,149.0,149.0,415.0,0.0,726.0,364.0,16.0,42.0,38.0,70.0,3.0,0.0,61.0,5.0,108.0
2021-07-06,148.0,172.0,421.0,0.0,716.0,364.0,14.0,42.0,35.0,70.0,3.0,0.0,64.0,5.0,112.0
2021-07-07,157.0,174.0,437.0,0.0,701.0,364.0,11.0,42.0,36.0,80.0,4.0,0.0,65.0,5.0,111.0
2021-07-08,145.0,180.0,439.0,0.0,699.0,354.0,12.0,42.0,35.0,78.0,2.0,0.0,63.0,3.0,103.0
2021-07-09,131.0,175.0,414.0,0.0,679.0,321.0,8.0,42.0,38.0,79.0,4.0,0.0,64.0,3.0,92.0
2021-07-10,128.0,145.0,363.0,0.0,675.0,313.0,10.0,42.0,40.0,85.0,3.0,0.0,64.0,3.0,97.0
2021-07-11,134.0,152.0,364.0,0.0,712.0,326.0,10.0,42.0,45.0,86.0,3.0,0.0,64.0,3.0,104.0
2021-07-12,143.0,153.0,392.0,0.0,721.0,350.0,14.0,42.0,41.0,91.0,3.0,0.0,60.0,5.0,112.0
2021-07-13,148.0,174.0,407.0,0.0,717.0,359.0,13.0,42.0,34.0,91.0,6.0,0.0,60.0,5.0,109.0
2021-07-14,151.0,176.0,407.0,0.0,706.0,359.0,12.0,42.0,36.0,91.0,2.0,0.0,59.0,5.0,108.0
2021-07-15,143.0,168.0,416.0,0.0,688.0,356.0,14.0,42.0,30.0,86.0,3.0,0.0,58.0,4.0,113.0
2021-07-16,138.0,175.0,399.0,0.0,672.0,327.0,11.0,42.0,32.0,79.0,2.0,0.0,61.0,4.0,109.0
2021-07-17,133.0,159.0,356.0,0.0,678.0,332.0,13.0,42.0,31.0,74.0,2.0,0.0,62.0,4.0,107.0
2021-07-18,187.0,157.0,327.0,0.0,704.0,314.0,14.0,42.0,33.0,76.0,2.0,0.0,62.0,4.0,111.0
2021-07-19,147.0,154.0,384.0,0.0,712.0,341.0,14.0,42.0,32.0,78.0,0.0,0.0,65.0,4.0,115.0
2021-07-20,153.0,158.0,392.0,0.0,708.0,345.0,13.0,42.0,30.0,76.0,0.0,0.0,62.0,4.0,114.0
2021-07-21,155.0,158.0,404.0,0.0,704.0,352.0,11.0,42.0,35.0,76.0,0.0,0.0,62.0,4.0,114.0
2021-07-22,146.0,154.0,400.0,0.0,677.0,372.0,15.0,42.0,29.0,79.0,0.0,0.0,64.0,5.0,104.0
2021-07-23,154.0,149.0,385.0,0.0,667.0,354.0,17.0,42.0,35.0,74.0,0.0,0.0,60.0,5.0,100.0
2021-07-24,137.0,144.0,337.0,0.0,693.0,337.0,18.0,42.0,31.0,69.0,0.0,0.0,64.0,3.0,99.0
2021-07-25,136.0,149.0,335.0,0.0,732.0,344.0,21.0,42.0,34.0,68.0,0.0,0.0,61.0,3.0,101.0
2021-07-26,134.0,157.0,363.0,0.0,724.0,364.0,22.0,42.0,24.0,62.0,0.0,0.0,60.0,4.0,100.0
2021-07-27,133.0,156.0,371.0,0.0,714.0,370.0,22.0,42.0,31.0,68.0,0.0,0.0,54.0,4.0,97.0
2021-07-28,135.0,166.0,385.0,0.0,688.0,371.0,27.0,42.0,33.0,61.0,0.0,0.0,57.0,5.0,97.0
2021-07-29,178.0,161.0,363.0,0.0,679.0,337.0,26.0,42.0,29.0,62.0,0.0,0.0,51.0,6.0,61.0
2021-07-30,169.0,141.0,346.0,0.0,664.0,297.0,25.0,0.0,35.0,59.0,0.0,0.0,50.0,6.0,66.0
2021-07-31,136.0,132.0,315.0,0.0,662.0,293.0,31.0,0.0,32.0,63.0,0.0,0.0,53.0,7.0,92.0
2021-08-01,138.0,139.0,298.0,0.0,708.0,297.0,34.0,0.0,32.0,66.0,0.0,0.0,54.0,9.0,91.0
2021-08-02,154.0,124.0,318.0,0.0,722.0,283.0,37.0,0.0,36.0,69.0,0.0,0.0,54.0,9.0,93.0
2021-08-03,162.0,131.0,330.0,0.0,712.0,281.0,38.0,39.0,39.0,66.0,0.0,0.0,51.0,9.0,95.0
2021-08-04,147.0,130.0,335.0,0.0,699.0,286.0,42.0,39.0,35.0,62.0,0.0,0.0,54.0,9.0,95.0
2021-08-06,135.0,120.0,329.0,4.0,689.0,276.0,47.0,37.0,32.0,56.0,5.0,0.0,54.0,9.0,95.0
2021-08-07,139.0,120.0,293.0,6.0,676.0,277.0,47.0,27.0,26.0,59.0,5.0,0.0,52.0,11.0,97.0
2021-08-08,142.0,120.0,293.0,6.0,701.0,289.0,50.0,23.0,36.0,60.0,6.0,0.0,53.0,11.0,95.0
2021-08-09,135.0,125.0,315.0,7.0,689.0,291.0,52.0,22.0,33.0,69.0,6.0,0.0,49.0,13.0,99.0
2021-08-10,147.0,132.0,338.0,6.0,685.0,286.0,53.0,22.0,33.0,65.0,7.0,0.0,51.0,13.0,100.0
2021-08-11,146.0,126.0,332.0,7.0,681.0,289.0,46.0,18.0,35.0,63.0,5.0,0.0,52.0,14.0,94.0
2021-08-12,134.0,130.0,321.0,10.0,668.0,286.0,47.0,18.0,27.0,59.0,7.0,0.0,50.0,13.0,92.0
2021-08-13,127.0,119.0,293.0,11.0,655.0,271.0,44.0,18.0,26.0,57.0,4.0,0.0,49.0,13.0,90.0
2021-08-14,129.0,104.0,273.0,11.0,662.0,270.0,53.0,18.0,28.0,58.0,3.0,0.0,51.0,14.0,85.0
2021-08-15,141.0,107.0,274.0,13.0,700.0,278.0,57.0,18.0,30.0,57.0,5.0,0.0,51.0,15.0,91.0
2021-08-16,141.0,114.0,305.0,14.0,699.0,278.0,58.0,18.0,28.0,65.0,4.0,0.0,50.0,16.0,92.0
2021-08-17,133.0,106.0,311.0,14.0,690.0,299.0,59.0,18.0,26.0,62.0,1.0,0.0,53.0,15.0,87.0
2021-08-18,122.0,113.0,302.0,15.0,692.0,284.0,56.0,18.0,37.0,63.0,1.0,0.0,52.0,15.0,93.0
2021-08-19,128.0,110.0,306.0,14.0,679.0,284.0,63.0,18.0,34.0,63.0,1.0,0.0,54.0,14.0,95.0
2021-08-20,126.0,107.0,287.0,15.0,670.0,289.0,58.0,18.0,37.0,60.0,2.0,0.0,49.0,14.0,93.0
2021-08-21,115.0,100.0,265.0,14.0,670.0,281.0,67.0,18.0,30.0,62.0,2.0,0.0,49.0,15.0,91.0
2021-08-22,115.0,109.0,266.0,13.0,704.0,290.0,66.0,18.0,31.0,64.0,1.0,0.0,50.0,15.0,89.0
2021-08-23,126.0,125.0,299.0,14.0,687.0,323.0,63.0,18.0,32.0,64.0,1.0,0.0,50.0,16.0,87.0
2021-08-24,141.0,139.0,308.0,13.0,690.0,326.0,59.0,18.0,39.0,62.0,1.0,0.0,46.0,15.0,92.0
2021-08-25,145.0,139.0,296.0,7.0,671.0,337.0,55.0,18.0,33.0,62.0,0.0,0.0,51.0,16.0,84.0
2021-08-26,128.0,141.0,297.0,17.0,660.0,333.0,61.0,18.0,29.0,63.0,1.0,0.0,50.0,17.0,87.0
2021-08-27,130.0,125.0,291.0,16.0,655.0,317.0,65.0,18.0,30.0,63.0,1.0,0.0,49.0,18.0,92.0
2021-08-28,130.0,119.0,273.0,18.0,668.0,326.0,64.0,18.0,36.0,66.0,4.0,0.0,48.0,19.0,95.0
2021-08-29,136.0,126.0,272.0,19.0,700.0,327.0,64.0,18.0,27.0,69.0,3.0,0.0,50.0,18.0,100.0
2021-08-30,142.0,121.0,321.0,18.0,689.0,341.0,71.0,18.0,33.0,69.0,2.0,0.0,49.0,18.0,97.0
2021-08-31,145.0,129.0,340.0,15.0,689.0,356.0,64.0,18.0,34.0,73.0,1.0,0.0,47.0,17.0,96.0
2021-09-01,148.0,138.0,340.0,17.0,695.0,371.0,59.0,18.0,33.0,70.0,2.0,0.0,47.0,16.0,101.0
2021-09-02,140.0,149.0,350.0,18.0,691.0,360.0,58.0,18.0,29.0,75.0,2.0,0.0,43.0,14.0,94.0
2021-09-03,134.0,141.0,348.0,17.0,682.0,343.0,51.0,18.0,33.0,73.0,2.0,0.0,48.0,15.0,96.0
2021-09-04,126.0,127.0,307.0,16.0,694.0,344.0,51.0,18.0,32.0,76.0,1.0,0.0,45.0,17.0,90.0
2021-09-05,151.0,140.0,283.0,16.0,713.0,340.0,56.0,18.0,33.0,82.0,2.0,0.0,50.0,17.0,75.0
2021-09-06,141.0,155.0,344.0,14.0,697.0,350.0,57.0,18.0,34.0,82.0,4.0,0.0,49.0,17.0,100.0
2021-09-07,159.0,150.0,370.0,14.0,706.0,369.0,58.0,18.0,38.0,79.0,7.0,0.0,50.0,17.0,99.0
2021-09-08,158.0,154.0,381.0,16.0,706.0,347.0,55.0,18.0,39.0,74.0,6.0,0.0,53.0,17.0,99.0
2021-09-09,174.0,166.0,375.0,16.0,706.0,345.0,56.0,18.0,33.0,78.0,7.0,0.0,59.0,16.0,103.0
2021-09-10,143.0,154.0,375.0,18.0,694.0,348.0,55.0,18.0,37.0,80.0,10.0,0.0,63.0,15.0,97.0
2021-09-12,141.0,157.0,334.0,21.0,735.0,359.0,64.0,18.0,41.0,84.0,8.0,0.0,64.0,15.0,98.0
2021-09-13,174.0,164.0,378.0,28.0,729.0,364.0,61.0,18.0,37.0,94.0,8.0,0.0,63.0,16.0,74.0
2021-09-14,158.0,169.0,409.0,30.0,730.0,386.0,63.0,18.0,36.0,90.0,9.0,0.0,69.0,16.0,103.0
2021-09-15,164.0,175.0,415.0,31.0,737.0,386.0,60.0,18.0,38.0,89.0,6.0,0.0,68.0,15.0,105.0
2021-09-16,166.0,188.0,422.0,31.0,712.0,381.0,54.0,18.0,37.0,88.0,4.0,0.0,69.0,16.0,99.0
2021-09-17,163.0,173.0,407.0,31.0,701.0,364.0,51.0,18.0,34.0,82.0,3.0,1.0,66.0,16.0,105.0
2021-09-18,153.0,157.0,361.0,31.0,702.0,364.0,54.0,18.0,28.0,83.0,2.0,0.0,68.0,18.0,105.0
2021-09-20,154.0,162.0,401.0,28.0,726.0,377.0,54.0,18.0,36.0,86.0,3.0,0.0,73.0,18.0,111.0
2021-09-21,169.0,160.0,407.0,27.0,714.0,396.0,55.0,18.0,33.0,85.0,2.0,0.0,71.0,17.0,117.0
2021-09-23,149.0,152.0,426.0,30.0,713.0,399.0,39.0,18.0,28.0,79.0,3.0,0.0,67.0,18.0,110.0
2021-09-24,124.0,157.0,405.0,29.0,685.0,375.0,38.0,18.0,37.0,72.0,2.0,0.0,67.0,18.0,108.0
2021-09-25,132.0,145.0,347.0,29.0,675.0,362.0,34.0,18.0,43.0,68.0,4.0,0.0,70.0,19.0,102.0
2021-09-26,143.0,151.0,354.0,29.0,718.0,371.0,37.0,18.0,43.0,69.0,4.0,0.0,71.0,19.0,98.0
2021-09-27,163.0,146.0,405.0,27.0,719.0,376.0,39.0,18.0,38.0,76.0,3.0,0.0,71.0,19.0,107.0
2021-09-28,168.0,164.0,437.0,30.0,717.0,385.0,44.0,18.0,40.0,79.0,2.0,0.0,67.0,17.0,107.0
2021-09-29,166.0,155.0,434.0,29.0,718.0,393.0,41.0,18.0,32.0,82.0,1.0,0.0,71.0,16.0,103.0
2021-09-30,157.0,164.0,445.0,28.0,710.0,377.0,38.0,18.0,27.0,83.0,0.0,0.0,69.0,17.0,106.0
2021-10-01,164.0,156.0,398.0,31.0,693.0,367.0,32.0,18.0,34.0,75.0,1.0,0.0,65.0,18.0,104.0
2021-10-02,147.0,145.0,347.0,31.0,678.0,364.0,33.0,18.0,35.0,73.0,0.0,0.0,70.0,18.0,101.0
2021-10-03,144.0,134.0,324.0,31.0,711.0,355.0,36.0,18.0,37.0,75.0,1.0,0.0,74.0,18.0,99.0
2021-10-04,145.0,136.0,340.0,31.0,739.0,362.0,38.0,18.0,33.0,78.0,0.0,0.0,74.0,17.0,101.0
2021-10-05,164.0,169.0,387.0,29.0,746.0,378.0,37.0,18.0,33.0,78.0,0.0,0.0,70.0,17.0,108.0
2021-10-06,157.0,180.0,381.0,30.0,751.0,367.0,36.0,18.0,41.0,75.0,2.0,0.0,73.0,20.0,109.0
2021-10-07,143.0,184.0,398.0,29.0,739.0,377.0,40.0,18.0,38.0,75.0,2.0,0.0,69.0,18.0,106.0
2021-10-08,135.0,179.0,405.0,31.0,723.0,382.0,40.0,18.0,31.0,84.0,0.0,0.0,70.0,17.0,100.0
2021-10-09,137.0,168.0,347.0,31.0,721.0,375.0,45.0,18.0,31.0,81.0,1.0,0.0,72.0,18.0,98.0
2021-10-10,142.0,175.0,338.0,31.0,756.0,378.0,46.0,18.0,35.0,81.0,0.0,0.0,73.0,19.0,101.0
2021-10-11,145.0,180.0,390.0,31.0,742.0,399.0,50.0,18.0,37.0,86.0,0.0,0.0,71.0,17.0,110.0
2021-10-12,160.0,176.0,425.0,30.0,736.0,411.0,40.0,18.0,37.0,76.0,1.0,0.0,71.0,17.0,111.0
2021-10-13,157.0,178.0,453.0,30.0,735.0,398.0,41.0,18.0,40.0,74.0,2.0,0.0,76.0,14.0,116.0
2021-10-14,155.0,175.0,431.0,30.0,744.0,398.0,34.0,18.0,40.0,82.0,2.0,0.0,70.0,13.0,116.0
2021-10-15,143.0,168.0,394.0,31.0,721.0,365.0,36.0,18.0,38.0,87.0,2.0,0.0,73.0,12.0,108.0
2021-10-16,130.0,163.0,350.0,29.0,720.0,370.0,36.0,18.0,30.0,79.0,2.0,0.0,74.0,12.0,101.0
2021-10-17,139.0,166.0,350.0,28.0,748.0,381.0,39.0,18.0,33.0,82.0,1.0,0.0,76.0,13.0,106.0
2021-10-18,156.0,176.0,391.0,31.0,758.0,399.0,39.0,18.0,32.0,84.0,2.0,0.0,77.0,13.0,114.0
2021-10-19,186.0,173.0,417.0,30.0,773.0,398.0,44.0,18.0,34.0,90.0,1.0,0.0,75.0,13.0,116.0
2021-10-20,166.0,176.0,438.0,28.0,766.0,401.0,42.0,18.0,45.0,88.0,1.0,0.0,75.0,13.0,118.0
2021-10-21,197.0,186.0,414.0,31.0,765.0,393.0,39.0,18.0,41.0,87.0,1.0,0.0,76.0,13.0,110.0
2021-10-22,156.0,175.0,420.0,31.0,767.0,364.0,42.0,18.0,38.0,87.0,1.0,0.0,74.0,13.0,115.0
2021-10-23,151.0,159.0,372.0,31.0,769.0,371.0,40.0,18.0,42.0,89.0,2.0,0.0,76.0,16.0,108.0
2021-10-24,146.0,161.0,376.0,31.0,806.0,387.0,43.0,18.0,47.0,92.0,3.0,0.0,76.0,19.0,110.0
2021-10-25,173.0,175.0,430.0,31.0,772.0,407.0,40.0,18.0,35.0,90.0,3.0,0.0,75.0,18.0,118.0
2021-10-26,156.0,165.0,461.0,31.0,782.0,410.0,43.0,18.0,38.0,86.0,2.0,0.0,73.0,17.0,111.0
2021-10-27,156.0,164.0,456.0,31.0,783.0,405.0,50.0,18.0,37.0,88.0,1.0,0.0,73.0,17.0,113.0
2021-10-28,142.0,166.0,465.0,31.0,779.0,396.0,50.0,18.0,32.0,90.0,1.0,0.0,72.0,15.0,110.0
2021-10-29,152.0,162.0,438.0,31.0,741.0,384.0,37.0,18.0,29.0,85.0,3.0,0.0,71.0,17.0,105.0
2021-10-30,159.0,142.0,375.0,31.0,720.0,377.0,42.0,18.0,30.0,80.0,6.0,0.0,68.0,16.0,105.0
2021-10-31,155.0,143.0,360.0,31.0,751.0,385.0,59.0,18.0,29.0,86.0,4.0,0.0,71.0,16.0,105.0
2021-11-01,147.0,150.0,366.0,31.0,780.0,388.0,55.0,18.0,30.0,97.0,5.0,0.0,73.0,15.0,109.0
2021-11-02,151.0,167.0,405.0,31.0,779.0,390.0,59.0,18.0,36.0,105.0,4.0,0.0,70.0,16.0,116.0
2021-11-03,149.0,172.0,416.0,31.0,771.0,408.0,57.0,18.0,42.0,100.0,3.0,0.0,72.0,17.0,117.0
2021-11-04,173.0,164.0,429.0,31.0,751.0,415.0,64.0,18.0,43.0,103.0,4.0,0.0,74.0,17.0,113.0
2021-11-05,156.0,153.0,401.0,31.0,708.0,398.0,81.0,18.0,40.0,98.0,4.0,0.0,71.0,15.0,116.0
2021-11-06,143.0,137.0,366.0,31.0,697.0,399.0,77.0,18.0,30.0,99.0,3.0,0.0,73.0,16.0,105.0
2021-11-07,129.0,149.0,383.0,31.0,735.0,414.0,76.0,18.0,29.0,100.0,5.0,0.0,74.0,16.0,104.0
2021-11-08,144.0,160.0,408.0,31.0,725.0,413.0,76.0,18.0,30.0,103.0,5.0,0.0,74.0,15.0,112.0
2021-11-09,142.0,156.0,444.0,31.0,719.0,416.0,77.0,18.0,30.0,97.0,5.0,0.0,74.0,15.0,110.0
2021-11-10,149.0,152.0,451.0,31.0,717.0,407.0,84.0,18.0,32.0,93.0,5.0,0.0,76.0,16.0,102.0
2021-11-11,147.0,160.0,475.0,30.0,702.0,404.0,79.0,18.0,33.0,91.0,3.0,0.0,75.0,18.0,113.0
2021-11-12,133.0,156.0,432.0,38.0,678.0,391.0,83.0,18.0,31.0,89.0,2.0,1.0,77.0,18.0,105.0
2021-11-13,139.0,142.0,365.0,35.0,687.0,381.0,87.0,18.0,35.0,86.0,2.0,0.0,76.0,17.0,98.0
2021-11-14,140.0,152.0,359.0,35.0,706.0,387.0,95.0,18.0,45.0,90.0,2.0,0.0,75.0,17.0,99.0
2021-11-15,134.0,166.0,414.0,40.0,715.0,398.0,99.0,18.0,43.0,98.0,4.0,0.0,75.0,17.0,102.0
2021-11-16,145.0,174.0,431.0,39.0,704.0,406.0,98.0,18.0,40.0,94.0,3.0,0.0,75.0,19.0,106.0
2021-11-17,152.0,170.0,448.0,41.0,699.0,404.0,99.0,18.0,41.0,92.0,2.0,0.0,74.0,18.0,111.0
2021-11-18,156.0,173.0,446.0,38.0,701.0,401.0,106.0,18.0,37.0,82.0,1.0,0.0,74.0,17.0,113.0
2021-11-19,140.0,156.0,416.0,41.0,666.0,391.0,102.0,18.0,30.0,75.0,4.0,0.0,76.0,17.0,111.0
2021-11-20,159.0,145.0,380.0,49.0,685.0,393.0,108.0,18.0,34.0,81.0,4.0,0.0,73.0,18.0,109.0
2021-11-21,162.0,153.0,368.0,49.0,721.0,408.0,114.0,18.0,39.0,83.0,3.0,0.0,74.0,21.0,110.0
2021-11-22,196.0,159.0,417.0,49.0,731.0,411.0,96.0,18.0,42.0,85.0,2.0,0.0,75.0,23.0,119.0
2021-11-24,151.0,173.0,440.0,49.0,712.0,387.0,124.0,18.0,33.0,82.0,4.0,0.0,74.0,22.0,115.0
2021-11-25,163.0,173.0,474.0,49.0,688.0,404.0,128.0,18.0,36.0,79.0,4.0,0.0,74.0,23.0,112.0
2021-11-26,157.0,161.0,458.0,49.0,671.0,400.0,139.0,18.0,32.0,76.0,2.0,0.0,73.0,23.0,112.0
2021-11-27,145.0,144.0,399.0,46.0,664.0,387.0,144.0,18.0,36.0,74.0,5.0,0.0,72.0,24.0,104.0
2021-11-28,144.0,143.0,397.0,49.0,710.0,389.0,153.0,18.0,37.0,74.0,4.0,0.0,69.0,24.0,109.0
2021-11-29,151.0,148.0,418.0,49.0,702.0,393.0,157.0,18.0,47.0,77.0,4.0,0.0,70.0,27.0,111.0
2021-11-30,175.0,182.0,441.0,49.0,694.0,400.0,149.0,18.0,42.0,79.0,5.0,0.0,68.0,27.0,114.0
2021-12-01,170.0,180.0,448.0,63.0,687.0,395.0,146.0,18.0,40.0,84.0,3.0,0.0,70.0,25.0,112.0
2021-12-02,173.0,182.0,455.0,64.0,663.0,397.0,147.0,18.0,37.0,82.0,4.0,0.0,68.0,27.0,106.0
2021-12-03,171.0,170.0,429.0,74.0,639.0,392.0,142.0,18.0,47.0,85.0,4.0,1.0,68.0,25.0,106.0
2021-12-04,165.0,152.0,378.0,78.0,649.0,379.0,148.0,18.0,39.0,77.0,5.0,1.0,67.0,25.0,103.0
2021-12-05,152.0,158.0,376.0,83.0,674.0,387.0,157.0,18.0,37.0,78.0,5.0,1.0,70.0,24.0,105.0
2021-12-06,152.0,162.0,413.0,89.0,665.0,406.0,156.0,45.0,35.0,84.0,7.0,1.0,67.0,25.0,117.0
2021-12-07,169.0,160.0,395.0,89.0,659.0,397.0,159.0,45.0,42.0,71.0,7.0,1.0,66.0,25.0,112.0
2021-12-08,157.0,160.0,403.0,93.0,687.0,404.0,167.0,45.0,42.0,76.0,7.0,1.0,68.0,26.0,111.0
2021-12-09,156.0,164.0,409.0,97.0,670.0,412.0,168.0,39.0,46.0,79.0,6.0,4.0,67.0,26.0,116.0
2021-12-10,164.0,165.0,410.0,97.0,645.0,390.0,168.0,39.0,38.0,81.0,5.0,5.0,68.0,26.0,110.0
2021-12-11,162.0,156.0,364.0,98.0,619.0,393.0,177.0,39.0,43.0,80.0,4.0,4.0,66.0,27.0,107.0
2021-12-12,161.0,155.0,362.0,102.0,641.0,398.0,183.0,39.0,41.0,87.0,4.0,5.0,68.0,27.0,107.0
2021-12-13,163.0,149.0,405.0,101.0,641.0,398.0,184.0,44.0,46.0,93.0,5.0,4.0,68.0,28.0,117.0
2021-12-14,160.0,150.0,419.0,99.0,654.0,397.0,190.0,43.0,45.0,91.0,4.0,3.0,66.0,30.0,109.0
2021-12-15,150.0,152.0,410.0,98.0,659.0,379.0,173.0,43.0,51.0,93.0,4.0,4.0,67.0,33.0,103.0
2021-12-16,152.0,160.0,414.0,95.0,650.0,381.0,170.0,43.0,50.0,95.0,4.0,6.0,67.0,31.0,99.0
2021-12-17,150.0,158.0,399.0,92.0,656.0,371.0,153.0,43.0,50.0,98.0,4.0,6.0,70.0,31.0,108.0
2021-12-18,140.0,142.0,356.0,95.0,669.0,376.0,159.0,43.0,53.0,91.0,5.0,13.0,67.0,31.0,108.0
2021-12-19,141.0,147.0,353.0,92.0,696.0,376.0,163.0,43.0,52.0,97.0,5.0,11.0,67.0,34.0,107.0
2021-12-20,152.0,145.0,373.0,115.0,694.0,380.0,167.0,19.0,48.0,101.0,8.0,14.0,68.0,34.0,99.0
2021-12-21,165.0,148.0,404.0,110.0,690.0,387.0,174.0,19.0,41.0,95.0,8.0,12.0,68.0,34.0,98.0
2021-12-22,166.0,154.0,389.0,118.0,697.0,383.0,164.0,13.0,26.0,87.0,7.0,13.0,63.0,35.0,104.0
2021-12-23,143.0,150.0,380.0,122.0,675.0,351.0,163.0,13.0,29.0,86.0,9.0,13.0,60.0,33.0,99.0
2021-12-24,128.0,142.0,322.0,122.0,634.0,315.0,172.0,13.0,27.0,75.0,6.0,11.0,55.0,32.0,96.0
2021-12-25,137.0,137.0,292.0,123.0,657.0,306.0,167.0,13.0,27.0,75.0,6.0,11.0,57.0,32.0,99.0
2021-12-26,140.0,137.0,301.0,123.0,699.0,316.0,181.0,13.0,28.0,75.0,6.0,13.0,57.0,32.0,103.0
2021-12-27,151.0,135.0,338.0,131.0,692.0,361.0,184.0,13.0,34.0,75.0,5.0,15.0,56.0,34.0,102.0
2021-12-28,161.0,139.0,376.0,131.0,687.0,369.0,180.0,13.0,33.0,72.0,4.0,14.0,59.0,31.0,96.0
2021-12-29,160.0,143.0,363.0,127.0,683.0,370.0,178.0,13.0,33.0,76.0,5.0,13.0,59.0,32.0,102.0
2021-12-30,153.0,133.0,365.0,124.0,668.0,355.0,196.0,13.0,36.0,72.0,7.0,15.0,58.0,30.0,92.0
2021-12-31,141.0,134.0,293.0,129.0,644.0,323.0,195.0,13.0,31.0,67.0,4.0,15.0,56.0,31.0,94.0
2022-01-01,145.0,132.0,281.0,132.0,668.0,330.0,208.0,13.0,33.0,69.0,3.0,16.0,55.0,30.0,94.0
2022-01-02,142.0,138.0,284.0,133.0,700.0,343.0,222.0,13.0,30.0,72.0,3.0,16.0,54.0,33.0,94.0
2022-01-03,145.0,133.0,324.0,132.0,688.0,362.0,227.0,13.0,26.0,73.0,4.0,17.0,58.0,34.0,96.0
2022-01-04,146.0,132.0,326.0,129.0,668.0,381.0,240.0,13.0,31.0,67.0,3.0,17.0,58.0,35.0,102.0
2022-01-05,143.0,130.0,307.0,128.0,648.0,368.0,249.0,13.0,29.0,67.0,4.0,14.0,56.0,33.0,99.0
2022-01-06,146.0,131.0,286.0,130.0,658.0,368.0,269.0,13.0,36.0,69.0,2.0,15.0,58.0,33.0,99.0
2022-01-07,135.0,130.0,281.0,130.0,633.0,358.0,269.0,13.0,30.0,64.0,2.0,18.0,56.0,33.0,101.0
2022-01-08,137.0,127.0,263.0,131.0,610.0,358.0,290.0,13.0,31.0,59.0,2.0,19.0,53.0,33.0,93.0
2022-01-09,142.0,128.0,270.0,134.0,625.0,367.0,310.0,13.0,37.0,60.0,2.0,19.0,56.0,32.0,98.0
2022-01-10,150.0,130.0,306.0,135.0,600.0,382.0,312.0,54.0,38.0,65.0,2.0,18.0,58.0,32.0,94.0
2022-01-11,165.0,133.0,320.0,139.0,605.0,343.0,314.0,54.0,39.0,64.0,1.0,18.0,58.0,29.0,104.0
2022-01-12,147.0,132.0,321.0,137.0,589.0,346.0,323.0,60.0,29.0,67.0,1.0,16.0,58.0,29.0,99.0
2022-01-13,149.0,138.0,326.0,142.0,575.0,353.0,332.0,60.0,27.0,66.0,2.0,18.0,57.0,29.0,99.0
2022-01-14,136.0,140.0,321.0,141.0,570.0,337.0,321.0,81.0,33.0,66.0,2.0,17.0,54.0,31.0,98.0
2022-01-15,128.0,132.0,281.0,150.0,595.0,331.0,322.0,81.0,33.0,64.0,1.0,18.0,57.0,31.0,92.0
2022-01-16,124.0,132.0,262.0,153.0,622.0,331.0,345.0,81.0,33.0,69.0,1.0,19.0,59.0,30.0,95.0
2022-01-17,120.0,128.0,281.0,155.0,635.0,344.0,329.0,81.0,30.0,70.0,2.0,18.0,61.0,34.0,95.0
2022-01-18,136.0,129.0,314.0,161.0,623.0,338.0,336.0,81.0,37.0,74.0,1.0,17.0,58.0,33.0,104.0
2022-01-19,138.0,122.0,327.0,161.0,610.0,350.0,344.0,81.0,34.0,76.0,0.0,19.0,57.0,36.0,98.0
2022-01-20,145.0,130.0,353.0,160.0,594.0,348.0,348.0,81.0,27.0,70.0,3.0,19.0,59.0,39.0,97.0
2022-01-21,140.0,128.0,347.0,159.0,582.0,322.0,356.0,81.0,34.0,73.0,2.0,19.0,58.0,38.0,102.0
2022-01-22,147.0,128.0,307.0,161.0,587.0,329.0,363.0,81.0,35.0,74.0,1.0,22.0,59.0,36.0,102.0
2022-01-23,134.0,140.0,309.0,162.0,622.0,332.0,377.0,81.0,36.0,81.0,0.0,20.0,59.0,38.0,101.0
2022-01-24,150.0,147.0,329.0,159.0,614.0,348.0,364.0,81.0,30.0,77.0,1.0,22.0,64.0,36.0,96.0
2022-01-25,149.0,154.0,340.0,162.0,627.0,369.0,361.0,81.0,40.0,68.0,1.0,17.0,59.0,38.0,98.0
2022-01-26,144.0,146.0,367.0,158.0,625.0,379.0,367.0,81.0,40.0,75.0,1.0,22.0,60.0,37.0,95.0
2022-01-27,144.0,151.0,383.0,161.0,595.0,363.0,368.0,81.0,33.0,75.0,2.0,19.0,60.0,32.0,95.0
2022-01-28,142.0,135.0,310.0,159.0,587.0,335.0,364.0,81.0,29.0,70.0,2.0,17.0,59.0,33.0,101.0
2022-01-29,134.0,116.0,294.0,161.0,587.0,330.0,363.0,81.0,19.0,65.0,0.0,19.0,59.0,35.0,95.0
2022-01-30,136.0,120.0,313.0,162.0,624.0,323.0,377.0,81.0,21.0,65.0,0.0,20.0,62.0,34.0,92.0
2022-01-31,143.0,136.0,358.0,159.0,618.0,344.0,358.0,81.0,28.0,66.0,1.0,18.0,58.0,37.0,93.0
2022-02-01,137.0,141.0,365.0,160.0,617.0,348.0,353.0,81.0,25.0,69.0,2.0,17.0,55.0,38.0,98.0
2022-02-02,136.0,152.0,369.0,151.0,611.0,356.0,347.0,81.0,29.0,69.0,3.0,16.0,59.0,36.0,100.0
2022-02-03,148.0,153.0,377.0,155.0,616.0,357.0,329.0,44.0,25.0,69.0,2.0,14.0,60.0,32.0,97.0
2022-02-04,148.0,189.0,352.0,153.0,609.0,340.0,300.0,44.0,27.0,65.0,3.0,9.0,63.0,34.0,97.0
2022-02-05,136.0,180.0,297.0,153.0,609.0,348.0,309.0,44.0,30.0,64.0,3.0,9.0,62.0,35.0,96.0
2022-02-06,148.0,185.0,301.0,155.0,629.0,345.0,318.0,44.0,34.0,69.0,2.0,9.0,62.0,34.0,99.0
2022-02-07,155.0,193.0,349.0,159.0,631.0,360.0,314.0,44.0,34.0,73.0,2.0,10.0,61.0,35.0,99.0
2022-02-08,164.0,181.0,368.0,155.0,621.0,357.0,309.0,44.0,39.0,75.0,2.0,13.0,60.0,31.0,97.0
2022-02-09,151.0,181.0,376.0,175.0,631.0,354.0,306.0,44.0,30.0,71.0,1.0,8.0,68.0,30.0,99.0
2022-02-10,137.0,176.0,375.0,179.0,625.0,349.0,297.0,44.0,29.0,72.0,2.0,7.0,64.0,31.0,105.0
2022-02-11,136.0,170.0,384.0,170.0,637.0,344.0,274.0,44.0,32.0,72.0,2.0,7.0,64.0,31.0,100.0
2022-02-12,139.0,166.0,334.0,166.0,632.0,334.0,280.0,44.0,26.0,74.0,2.0,8.0,63.0,27.0,95.0
2022-02-13,187.0,149.0,320.0,168.0,635.0,341.0,298.0,44.0,25.0,77.0,2.0,12.0,67.0,23.0,95.0
2022-02-14,118.0,165.0,345.0,170.0,671.0,347.0,288.0,44.0,25.0,75.0,2.0,10.0,61.0,24.0,99.0
2022-02-15,134.0,163.0,374.0,165.0,657.0,339.0,280.0,44.0,34.0,82.0,2.0,9.0,64.0,22.0,93.0
2022-02-16,143.0,157.0,390.0,164.0,650.0,358.0,275.0,44.0,30.0,79.0,1.0,5.0,68.0,23.0,102.0
2022-02-17,148.0,166.0,389.0,154.0,646.0,359.0,266.0,17.0,36.0,86.0,1.0,4.0,66.0,19.0,104.0
2022-02-18,151.0,154.0,371.0,147.0,630.0,338.0,243.0,19.0,38.0,90.0,2.0,9.0,60.0,20.0,107.0
2022-02-19,129.0,150.0,324.0,145.0,639.0,337.0,247.0,19.0,36.0,85.0,1.0,9.0,65.0,21.0,103.0
2022-02-20,128.0,151.0,326.0,142.0,665.0,351.0,250.0,19.0,38.0,87.0,2.0,9.0,65.0,21.0,102.0
2022-02-21,127.0,172.0,366.0,129.0,663.0,355.0,216.0,17.0,41.0,84.0,1.0,6.0,64.0,24.0,103.0
2022-02-22,153.0,177.0,382.0,125.0,661.0,368.0,210.0,18.0,34.0,80.0,1.0,3.0,67.0,25.0,105.0
2022-02-23,139.0,180.0,387.0,123.0,672.0,364.0,209.0,18.0,28.0,73.0,2.0,3.0,68.0,22.0,99.0
2022-02-24,148.0,184.0,399.0,103.0,656.0,369.0,178.0,18.0,34.0,74.0,3.0,3.0,62.0,19.0,101.0
2022-02-25,144.0,176.0,391.0,102.0,638.0,353.0,160.0,18.0,32.0,76.0,3.0,3.0,65.0,19.0,98.0
2022-02-26,160.0,156.0,344.0,96.0,648.0,360.0,159.0,18.0,32.0,82.0,2.0,2.0,65.0,18.0,89.0
2022-02-27,156.0,156.0,343.0,95.0,672.0,353.0,163.0,18.0,31.0,85.0,3.0,2.0,68.0,19.0,93.0
2022-02-28,172.0,177.0,371.0,78.0,674.0,366.0,143.0,18.0,30.0,88.0,2.0,2.0,65.0,17.0,101.0
2022-03-01,160.0,171.0,394.0,75.0,677.0,374.0,156.0,18.0,30.0,85.0,0.0,1.0,64.0,16.0,100.0
2022-03-02,157.0,185.0,411.0,69.0,678.0,378.0,155.0,11.0,27.0,86.0,0.0,1.0,69.0,13.0,113.0
2022-03-03,157.0,182.0,416.0,65.0,670.0,368.0,154.0,11.0,21.0,84.0,2.0,0.0,66.0,13.0,114.0
2022-03-04,161.0,181.0,371.0,61.0,631.0,346.0,127.0,11.0,27.0,82.0,2.0,0.0,66.0,13.0,108.0
2022-03-05,144.0,164.0,316.0,69.0,640.0,342.0,123.0,11.0,25.0,81.0,2.0,0.0,67.0,13.0,112.0
2022-03-06,169.0,153.0,296.0,71.0,670.0,357.0,92.0,11.0,24.0,82.0,2.0,0.0,69.0,14.0,118.0
2022-03-07,146.0,168.0,347.0,70.0,683.0,382.0,123.0,11.0,29.0,85.0,3.0,0.0,68.0,15.0,117.0
2022-03-08,166.0,174.0,373.0,69.0,677.0,379.0,118.0,11.0,29.0,83.0,2.0,0.0,69.0,14.0,120.0
2022-03-09,150.0,187.0,394.0,68.0,682.0,394.0,108.0,11.0,21.0,84.0,1.0,0.0,67.0,15.0,114.0
2022-03-10,154.0,185.0,391.0,67.0,664.0,398.0,113.0,11.0,22.0,85.0,3.0,0.0,67.0,15.0,115.0
2022-03-11,141.0,179.0,381.0,66.0,641.0,374.0,113.0,11.0,27.0,81.0,2.0,0.0,66.0,17.0,110.0
2022-03-12,134.0,166.0,325.0,66.0,658.0,368.0,116.0,11.0,32.0,85.0,2.0,0.0,66.0,18.0,105.0
2022-03-13,125.0,164.0,314.0,66.0,693.0,385.0,122.0,11.0,39.0,86.0,1.0,0.0,66.0,17.0,107.0
2022-03-14,143.0,185.0,368.0,46.0,693.0,384.0,122.0,11.0,37.0,98.0,0.0,3.0,66.0,12.0,108.0
2022-03-15,161.0,176.0,387.0,18.0,696.0,386.0,130.0,11.0,33.0,95.0,1.0,2.0,66.0,9.0,114.0
2022-03-16,152.0,175.0,385.0,19.0,688.0,389.0,120.0,11.0,32.0,94.0,1.0,2.0,69.0,8.0,113.0
2022-03-17,162.0,174.0,392.0,19.0,693.0,390.0,110.0,11.0,30.0,88.0,1.0,2.0,67.0,2.0,107.0
2022-03-18,163.0,178.0,385.0,25.0,663.0,367.0,117.0,11.0,23.0,88.0,1.0,1.0,66.0,7.0,104.0
2022-03-19,148.0,157.0,325.0,27.0,669.0,359.0,120.0,11.0,29.0,82.0,1.0,1.0,66.0,7.0,105.0
2022-03-20,143.0,167.0,320.0,29.0,690.0,362.0,121.0,11.0,31.0,82.0,0.0,1.0,68.0,8.0,101.0
2022-03-21,152.0,177.0,366.0,29.0,692.0,380.0,129.0,11.0,31.0,81.0,1.0,1.0,68.0,8.0,105.0
2022-03-22,154.0,181.0,390.0,27.0,694.0,378.0,123.0,11.0,24.0,80.0,1.0,2.0,68.0,9.0,103.0
2022-03-23,144.0,181.0,406.0,24.0,687.0,372.0,131.0,11.0,26.0,71.0,0.0,4.0,65.0,8.0,108.0
2022-03-24,159.0,190.0,403.0,23.0,683.0,379.0,130.0,11.0,22.0,70.0,0.0,4.0,68.0,7.0,113.0
2022-03-25,160.0,180.0,381.0,24.0,673.0,365.0,135.0,11.0,22.0,72.0,0.0,4.0,68.0,7.0,117.0
2022-03-26,156.0,166.0,330.0,26.0,664.0,366.0,139.0,11.0,21.0,76.0,0.0,5.0,66.0,7.0,107.0
2022-03-27,164.0,163.0,319.0,26.0,700.0,359.0,146.0,11.0,27.0,81.0,0.0,5.0,69.0,7.0,113.0
2022-03-28,166.0,178.0,360.0,54.0,698.0,352.0,147.0,11.0,30.0,83.0,0.0,5.0,69.0,7.0,115.0
2022-03-29,173.0,178.0,380.0,55.0,678.0,363.0,151.0,13.0,29.0,80.0,0.0,6.0,68.0,7.0,114.0
2022-03-30,174.0,176.0,386.0,59.0,670.0,369.0,149.0,13.0,36.0,78.0,1.0,6.0,68.0,7.0,111.0
2022-03-31,166.0,170.0,402.0,61.0,671.0,380.0,152.0,16.0,34.0,77.0,1.0,5.0,65.0,7.0,112.0
2022-04-01,162.0,166.0,377.0,69.0,658.0,360.0,143.0,16.0,30.0,81.0,2.0,4.0,63.0,8.0,105.0
2022-04-02,152.0,148.0,324.0,69.0,660.0,348.0,143.0,16.0,36.0,77.0,2.0,5.0,65.0,7.0,103.0
2022-04-03,139.0,150.0,315.0,69.0,696.0,354.0,155.0,16.0,38.0,84.0,0.0,5.0,68.0,7.0,107.0
2022-04-04,143.0,157.0,370.0,72.0,692.0,401.0,149.0,16.0,40.0,92.0,0.0,5.0,67.0,7.0,108.0
2022-04-05,170.0,164.0,379.0,65.0,686.0,397.0,146.0,16.0,36.0,91.0,0.0,3.0,66.0,8.0,113.0
2022-04-06,161.0,168.0,424.0,66.0,673.0,374.0,143.0,16.0,35.0,91.0,0.0,3.0,64.0,8.0,102.0
2022-04-07,150.0,173.0,416.0,63.0,672.0,388.0,139.0,16.0,33.0,91.0,0.0,2.0,66.0,9.0,109.0
2022-04-08,151.0,163.0,370.0,66.0,629.0,370.0,133.0,16.0,28.0,98.0,2.0,1.0,64.0,9.0,97.0
2022-04-09,138.0,147.0,318.0,65.0,637.0,357.0,135.0,16.0,35.0,93.0,1.0,1.0,68.0,9.0,98.0
2022-04-10,155.0,151.0,326.0,67.0,653.0,374.0,137.0,16.0,40.0,101.0,0.0,1.0,68.0,11.0,105.0
2022-04-11,135.0,170.0,368.0,65.0,666.0,397.0,134.0,2.0,39.0,102.0,0.0,0.0,67.0,11.0,105.0
2022-04-12,157.0,178.0,391.0,63.0,665.0,394.0,124.0,2.0,44.0,91.0,0.0,0.0,69.0,10.0,105.0
2022-04-13,152.0,172.0,437.0,63.0,661.0,403.0,126.0,2.0,35.0,94.0,0.0,0.0,70.0,10.0,103.0
2022-04-14,142.0,175.0,438.0,60.0,644.0,404.0,127.0,2.0,33.0,91.0,0.0,2.0,69.0,9.0,105.0
2022-04-15,140.0,160.0,389.0,77.0,610.0,360.0,128.0,2.0,30.0,88.0,0.0,0.0,60.0,8.0,106.0
2022-04-16,129.0,134.0,307.0,78.0,597.0,332.0,127.0,2.0,35.0,84.0,1.0,1.0,56.0,8.0,108.0
2022-04-17,128.0,129.0,284.0,79.0,630.0,337.0,132.0,2.0,41.0,84.0,0.0,0.0,62.0,8.0,101.0
2022-04-18,137.0,141.0,282.0,79.0,671.0,349.0,137.0,2.0,37.0,97.0,0.0,1.0,61.0,8.0,103.0
2022-04-19,146.0,151.0,337.0,78.0,685.0,376.0,140.0,2.0,40.0,102.0,0.0,1.0,66.0,8.0,107.0
2022-04-20,143.0,167.0,368.0,82.0,686.0,390.0,131.0,2.0,39.0,106.0,1.0,0.0,65.0,5.0,106.0
2022-04-21,152.0,159.0,397.0,79.0,667.0,390.0,138.0,2.0,40.0,102.0,0.0,3.0,67.0,6.0,105.0
2022-04-22,146.0,152.0,382.0,81.0,657.0,374.0,129.0,2.0,35.0,95.0,0.0,2.0,64.0,6.0,111.0
2022-04-23,141.0,144.0,324.0,80.0,628.0,361.0,127.0,2.0,39.0,92.0,1.0,0.0,62.0,8.0,108.0
2022-04-24,126.0,141.0,303.0,80.0,664.0,370.0,133.0,2.0,31.0,92.0,0.0,0.0,63.0,9.0,101.0
2022-04-25,120.0,153.0,313.0,82.0,692.0,379.0,139.0,2.0,33.0,95.0,1.0,0.0,61.0,9.0,109.0
2022-04-26,126.0,160.0,348.0,80.0,694.0,384.0,136.0,2.0,30.0,97.0,1.0,0.0,64.0,9.0,115.0
2022-04-27,116.0,180.0,390.0,83.0,684.0,381.0,140.0,2.0,39.0,95.0,0.0,0.0,65.0,9.0,114.0
2022-04-28,127.0,170.0,415.0,82.0,680.0,375.0,127.0,2.0,43.0,95.0,0.0,0.0,65.0,7.0,112.0
2022-04-29,141.0,141.0,384.0,79.0,669.0,356.0,119.0,2.0,29.0,90.0,0.0,0.0,63.0,6.0,108.0
2022-04-30,131.0,124.0,339.0,78.0,654.0,358.0,121.0,2.0,31.0,92.0,0.0,0.0,64.0,6.0,110.0
2022-05-01,117.0,138.0,355.0,80.0,677.0,363.0,121.0,2.0,36.0,95.0,0.0,0.0,66.0,6.0,111.0
2022-05-02,122.0,164.0,378.0,78.0,668.0,384.0,122.0,2.0,37.0,101.0,0.0,0.0,67.0,6.0,115.0
2022-05-03,142.0,172.0,396.0,78.0,664.0,404.0,119.0,2.0,39.0,99.0,0.0,0.0,69.0,8.0,119.0
2022-05-04,160.0,164.0,417.0,77.0,668.0,416.0,119.0,2.0,42.0,100.0,0.0,1.0,64.0,6.0,120.0
2022-05-05,155.0,166.0,411.0,79.0,666.0,410.0,121.0,2.0,42.0,99.0,0.0,2.0,67.0,5.0,120.0
2022-05-06,138.0,160.0,389.0,78.0,653.0,376.0,124.0,2.0,37.0,92.0,0.0,2.0,65.0,5.0,113.0
2022-05-07,124.0,135.0,356.0,77.0,632.0,374.0,121.0,2.0,38.0,88.0,1.0,2.0,68.0,6.0,109.0
2022-05-08,125.0,137.0,348.0,77.0,666.0,383.0,122.0,2.0,42.0,85.0,1.0,2.0,69.0,5.0,111.0
2022-05-09,141.0,165.0,359.0,77.0,658.0,399.0,121.0,2.0,40.0,93.0,1.0,2.0,68.0,6.0,114.0
2022-05-10,143.0,176.0,370.0,74.0,647.0,407.0,118.0,2.0,36.0,86.0,1.0,2.0,67.0,3.0,115.0
2022-05-11,135.0,176.0,377.0,74.0,651.0,404.0,122.0,2.0,38.0,92.0,1.0,2.0,66.0,4.0,111.0
2022-05-12,138.0,182.0,387.0,74.0,662.0,397.0,118.0,2.0,35.0,88.0,1.0,2.0,64.0,4.0,116.0
2022-05-13,144.0,172.0,376.0,73.0,653.0,369.0,111.0,2.0,30.0,87.0,1.0,3.0,65.0,4.0,112.0
2022-05-14,146.0,144.0,314.0,72.0,658.0,362.0,113.0,2.0,35.0,83.0,0.0,3.0,60.0,4.0,110.0
2022-05-15,144.0,146.0,315.0,72.0,689.0,369.0,107.0,2.0,30.0,84.0,0.0,3.0,60.0,5.0,107.0
2022-05-16,160.0,161.0,372.0,72.0,674.0,400.0,105.0,2.0,26.0,86.0,0.0,1.0,61.0,6.0,87.0
2022-05-17,165.0,177.0,394.0,68.0,671.0,414.0,108.0,2.0,25.0,86.0,0.0,2.0,66.0,3.0,115.0
2022-05-18,157.0,181.0,399.0,67.0,653.0,412.0,104.0,2.0,27.0,79.0,0.0,2.0,66.0,4.0,115.0
2022-05-19,142.0,190.0,399.0,71.0,648.0,412.0,100.0,2.0,36.0,78.0,0.0,2.0,63.0,4.0,118.0
2022-05-20,133.0,171.0,393.0,68.0,645.0,394.0,96.0,2.0,34.0,74.0,0.0,2.0,66.0,4.0,119.0
2022-05-21,128.0,150.0,348.0,68.0,650.0,380.0,99.0,2.0,42.0,71.0,0.0,2.0,67.0,5.0,119.0
2022-05-22,129.0,150.0,340.0,68.0,685.0,391.0,98.0,2.0,34.0,75.0,0.0,2.0,66.0,3.0,121.0
2022-05-23,133.0,175.0,371.0,69.0,682.0,394.0,89.0,0.0,37.0,87.0,0.0,1.0,67.0,2.0,126.0
2022-05-24,144.0,184.0,414.0,64.0,682.0,390.0,89.0,0.0,36.0,91.0,0.0,1.0,66.0,3.0,121.0
2022-05-25,147.0,186.0,414.0,68.0,676.0,406.0,91.0,0.0,33.0,87.0,0.0,1.0,63.0,3.0,124.0
2022-05-26,154.0,179.0,394.0,63.0,664.0,396.0,90.0,0.0,32.0,91.0,0.0,1.0,66.0,4.0,124.0
2022-05-27,153.0,172.0,369.0,61.0,660.0,367.0,81.0,0.0,28.0,91.0,0.0,1.0,64.0,5.0,120.0
2022-05-28,155.0,160.0,323.0,61.0,670.0,370.0,79.0,0.0,37.0,85.0,0.0,1.0,60.0,6.0,117.0
2022-05-29,153.0,161.0,314.0,61.0,703.0,382.0,82.0,0.0,38.0,86.0,0.0,1.0,64.0,6.0,121.0
2022-05-30,145.0,192.0,361.0,55.0,695.0,410.0,61.0,0.0,42.0,86.0,1.0,1.0,60.0,4.0,125.0
2022-05-31,173.0,191.0,399.0,47.0,709.0,402.0,50.0,0.0,37.0,87.0,0.0,1.0,60.0,4.0,127.0
2022-06-01,150.0,189.0,410.0,48.0,699.0,382.0,42.0,0.0,29.0,80.0,0.0,1.0,60.0,5.0,120.0
2022-06-02,143.0,188.0,377.0,48.0,728.0,384.0,47.0,0.0,33.0,85.0,0.0,1.0,64.0,5.0,123.0
2022-06-03,132.0,190.0,389.0,48.0,716.0,371.0,45.0,0.0,35.0,83.0,1.0,1.0,63.0,4.0,123.0
2022-06-04,132.0,172.0,343.0,48.0,721.0,373.0,47.0,0.0,31.0,76.0,3.0,0.0,65.0,5.0,117.0
2022-06-05,127.0,170.0,343.0,48.0,751.0,384.0,49.0,0.0,34.0,79.0,2.0,0.0,65.0,5.0,122.0
2022-06-06,151.0,194.0,363.0,48.0,746.0,398.0,44.0,0.0,33.0,81.0,2.0,0.0,66.0,5.0,130.0
2022-06-07,166.0,210.0,379.0,42.0,741.0,405.0,47.0,0.0,30.0,82.0,2.0,0.0,66.0,6.0,127.0
2022-06-08,156.0,201.0,395.0,50.0,717.0,408.0,48.0,0.0,34.0,81.0,0.0,0.0,65.0,5.0,132.0
2022-06-09,149.0,195.0,391.0,46.0,710.0,380.0,40.0,0.0,35.0,83.0,0.0,0.0,66.0,5.0,133.0
2022-06-10,161.0,186.0,397.0,51.0,709.0,356.0,43.0,0.0,31.0,81.0,0.0,0.0,66.0,4.0,117.0
2022-06-11,146.0,165.0,330.0,51.0,696.0,353.0,44.0,0.0,23.0,76.0,0.0,0.0,64.0,5.0,112.0
2022-06-12,144.0,166.0,315.0,51.0,731.0,356.0,52.0,0.0,30.0,76.0,0.0,0.0,63.0,6.0,113.0
2022-06-13,137.0,182.0,341.0,48.0,726.0,384.0,47.0,0.0,32.0,85.0,0.0,0.0,68.0,6.0,116.0
2022-06-14,144.0,184.0,373.0,46.0,724.0,388.0,44.0,0.0,33.0,78.0,0.0,0.0,65.0,7.0,121.0
2022-06-15,150.0,176.0,381.0,51.0,723.0,396.0,40.0,0.0,32.0,80.0,0.0,1.0,65.0,8.0,127.0
2022-06-16,160.0,183.0,386.0,51.0,713.0,373.0,43.0,0.0,24.0,87.0,0.0,1.0,63.0,7.0,130.0
2022-06-17,153.0,166.0,368.0,53.0,682.0,359.0,44.0,0.0,24.0,85.0,0.0,1.0,57.0,6.0,125.0
2022-06-18,143.0,158.0,312.0,53.0,692.0,349.0,46.0,0.0,27.0,84.0,0.0,1.0,54.0,7.0,117.0
2022-06-19,149.0,163.0,314.0,53.0,727.0,349.0,46.0,0.0,32.0,87.0,0.0,1.0,53.0,7.0,126.0
2022-06-20,154.0,181.0,358.0,53.0,738.0,357.0,42.0,0.0,29.0,81.0,0.0,1.0,58.0,6.0,122.0
2022-06-21,161.0,191.0,384.0,55.0,725.0,361.0,43.0,0.0,37.0,80.0,1.0,0.0,55.0,6.0,125.0
2022-06-22,159.0,192.0,409.0,55.0,704.0,366.0,45.0,0.0,35.0,78.0,0.0,0.0,57.0,6.0,123.0
2022-06-23,164.0,192.0,412.0,50.0,701.0,366.0,45.0,0.0,30.0,77.0,0.0,0.0,57.0,7.0,121.0
2022-06-24,157.0,187.0,379.0,50.0,693.0,346.0,40.0,0.0,31.0,81.0,0.0,0.0,59.0,7.0,112.0
2022-06-25,143.0,165.0,322.0,50.0,700.0,347.0,42.0,0.0,31.0,80.0,0.0,0.0,59.0,6.0,111.0
2022-06-26,128.0,164.0,328.0,50.0,750.0,353.0,44.0,0.0,34.0,85.0,0.0,0.0,58.0,6.0,113.0
2022-06-27,132.0,173.0,354.0,50.0,743.0,366.0,41.0,0.0,34.0,98.0,0.0,0.0,57.0,7.0,120.0
2022-06-28,141.0,183.0,401.0,50.0,742.0,369.0,43.0,0.0,32.0,100.0,0.0,0.0,56.0,9.0,114.0
2022-06-29,142.0,177.0,404.0,50.0,750.0,370.0,45.0,0.0,26.0,97.0,0.0,0.0,56.0,6.0,115.0
2022-06-30,141.0,184.0,409.0,50.0,738.0,381.0,27.0,0.0,31.0,87.0,0.0,0.0,55.0,6.0,118.0
2022-07-01,129.0,190.0,394.0,50.0,714.0,367.0,23.0,0.0,35.0,87.0,0.0,0.0,55.0,6.0,112.0
2022-07-02,122.0,172.0,346.0,50.0,722.0,362.0,24.0,0.0,37.0,83.0,0.0,1.0,55.0,4.0,110.0
2022-07-03,124.0,175.0,335.0,50.0,763.0,363.0,28.0,0.0,38.0,84.0,1.0,1.0,56.0,5.0,113.0
2022-07-04,140.0,195.0,367.0,50.0,766.0,381.0,28.0,0.0,38.0,87.0,2.0,0.0,53.0,5.0,112.0
2022-07-05,153.0,205.0,361.0,50.0,745.0,387.0,27.0,0.0,38.0,86.0,2.0,0.0,51.0,5.0,106.0
2022-07-06,131.0,210.0,383.0,50.0,743.0,373.0,25.0,0.0,39.0,92.0,1.0,0.0,52.0,8.0,106.0
2022-07-07,156.0,207.0,409.0,45.0,722.0,359.0,33.0,0.0,38.0,86.0,0.0,0.0,53.0,7.0,100.0
2022-07-08,126.0,201.0,356.0,50.0,717.0,328.0,51.0,0.0,46.0,87.0,0.0,8.0,52.0,6.0,100.0
2022-07-09,124.0,193.0,304.0,50.0,724.0,316.0,55.0,0.0,41.0,85.0,0.0,8.0,54.0,7.0,103.0
2022-07-10,128.0,187.0,298.0,50.0,737.0,319.0,56.0,0.0,41.0,91.0,1.0,8.0,59.0,8.0,102.0
2022-07-11,132.0,185.0,329.0,50.0,746.0,335.0,62.0,0.0,37.0,95.0,0.0,8.0,59.0,8.0,105.0
2022-07-12,134.0,195.0,337.0,50.0,746.0,356.0,59.0,0.0,39.0,96.0,0.0,7.0,59.0,8.0,106.0
2022-07-13,143.0,185.0,334.0,50.0,739.0,332.0,79.0,0.0,41.0,100.0,0.0,8.0,57.0,8.0,104.0
2022-07-14,132.0,175.0,342.0,50.0,735.0,342.0,87.0,0.0,45.0,96.0,0.0,8.0,57.0,8.0,106.0
2022-07-15,121.0,168.0,327.0,50.0,707.0,328.0,90.0,0.0,39.0,97.0,0.0,8.0,53.0,9.0,106.0
2022-07-16,114.0,159.0,281.0,50.0,703.0,328.0,91.0,0.0,46.0,93.0,0.0,8.0,54.0,8.0,100.0
2022-07-17,112.0,162.0,274.0,50.0,728.0,328.0,93.0,0.0,49.0,94.0,0.0,7.0,55.0,8.0,106.0
2022-07-18,132.0,159.0,286.0,51.0,729.0,343.0,94.0,0.0,44.0,98.0,0.0,8.0,53.0,10.0,106.0
2022-07-19,136.0,155.0,306.0,51.0,725.0,349.0,93.0,0.0,50.0,88.0,0.0,7.0,56.0,9.0,104.0
2022-07-20,130.0,147.0,332.0,84.0,728.0,336.0,95.0,0.0,43.0,88.0,0.0,8.0,53.0,7.0,113.0
2022-07-21,130.0,163.0,322.0,91.0,726.0,348.0,92.0,0.0,35.0,88.0,0.0,8.0,56.0,6.0,108.0
2022-07-22,118.0,156.0,316.0,91.0,723.0,320.0,94.0,0.0,41.0,83.0,0.0,8.0,56.0,7.0,114.0
2022-07-23,130.0,157.0,282.0,90.0,734.0,304.0,92.0,0.0,42.0,78.0,0.0,8.0,52.0,6.0,108.0
2022-07-24,122.0,169.0,284.0,90.0,770.0,315.0,96.0,0.0,43.0,80.0,0.0,8.0,56.0,8.0,104.0
2022-07-25,125.0,173.0,285.0,95.0,760.0,336.0,96.0,0.0,39.0,84.0,0.0,8.0,52.0,8.0,102.0
2022-07-26,140.0,183.0,301.0,96.0,767.0,337.0,99.0,0.0,42.0,90.0,0.0,8.0,55.0,8.0,96.0
2022-07-27,124.0,181.0,308.0,72.0,766.0,337.0,98.0,0.0,40.0,90.0,0.0,8.0,56.0,8.0,101.0
2022-07-28,130.0,174.0,310.0,71.0,761.0,319.0,100.0,0.0,44.0,92.0,0.0,8.0,57.0,7.0,107.0
2022-07-29,130.0,164.0,298.0,70.0,762.0,274.0,99.0,0.0,38.0,89.0,0.0,8.0,51.0,5.0,102.0
2022-07-30,145.0,156.0,253.0,70.0,770.0,264.0,96.0,0.0,37.0,85.0,0.0,8.0,47.0,6.0,68.0
2022-07-31,123.0,165.0,247.0,70.0,784.0,279.0,100.0,0.0,39.0,86.0,0.0,8.0,50.0,6.0,98.0
2022-08-01,114.0,165.0,266.0,74.0,772.0,272.0,99.0,0.0,43.0,89.0,0.0,8.0,51.0,8.0,100.0
2022-08-02,116.0,165.0,283.0,72.0,762.0,270.0,98.0,0.0,48.0,95.0,0.0,8.0,50.0,8.0,97.0
2022-08-03,113.0,166.0,267.0,71.0,751.0,272.0,84.0,0.0,49.0,96.0,0.0,8.0,50.0,8.0,107.0
2022-08-04,118.0,156.0,290.0,69.0,745.0,293.0,78.0,0.0,46.0,95.0,0.0,8.0,46.0,8.0,104.0
2022-08-05,128.0,152.0,280.0,73.0,717.0,283.0,75.0,0.0,41.0,92.0,0.0,4.0,42.0,6.0,101.0
2022-08-06,116.0,156.0,253.0,74.0,727.0,282.0,75.0,0.0,36.0,91.0,0.0,4.0,42.0,6.0,101.0
2022-08-07,120.0,156.0,251.0,74.0,760.0,292.0,76.0,0.0,34.0,93.0,0.0,4.0,44.0,6.0,91.0
2022-08-08,113.0,160.0,248.0,74.0,756.0,284.0,74.0,0.0,34.0,100.0,0.0,3.0,45.0,4.0,98.0
2022-08-09,125.0,149.0,260.0,74.0,745.0,289.0,77.0,0.0,37.0,107.0,0.0,3.0,41.0,5.0,99.0
2022-08-10,121.0,151.0,251.0,74.0,736.0,286.0,74.0,0.0,31.0,94.0,0.0,4.0,44.0,6.0,97.0
2022-08-11,113.0,147.0,273.0,74.0,719.0,289.0,69.0,0.0,35.0,86.0,0.0,5.0,43.0,7.0,93.0
2022-08-12,119.0,153.0,262.0,74.0,685.0,270.0,60.0,0.0,41.0,87.0,0.0,6.0,41.0,7.0,94.0
2022-08-13,105.0,145.0,237.0,74.0,679.0,266.0,59.0,0.0,43.0,95.0,0.0,6.0,37.0,6.0,95.0
2022-08-14,96.0,143.0,212.0,74.0,707.0,273.0,63.0,0.0,44.0,94.0,0.0,6.0,41.0,5.0,93.0
2022-08-15,102.0,141.0,221.0,74.0,736.0,287.0,67.0,0.0,41.0,101.0,0.0,6.0,41.0,7.0,92.0
2022-08-16,113.0,131.0,253.0,74.0,733.0,288.0,69.0,0.0,35.0,102.0,0.0,6.0,42.0,7.0,102.0
2022-08-17,116.0,128.0,273.0,74.0,725.0,292.0,63.0,0.0,35.0,100.0,0.0,5.0,44.0,7.0,93.0
2022-08-18,120.0,133.0,279.0,74.0,709.0,287.0,62.0,0.0,33.0,91.0,0.0,4.0,43.0,7.0,89.0
2022-08-19,122.0,121.0,274.0,74.0,695.0,260.0,56.0,0.0,39.0,95.0,0.0,4.0,41.0,7.0,90.0
2022-08-20,104.0,118.0,237.0,74.0,703.0,278.0,48.0,0.0,35.0,98.0,0.0,3.0,41.0,9.0,92.0
2022-08-21,97.0,122.0,248.0,74.0,739.0,286.0,50.0,0.0,39.0,102.0,0.0,3.0,43.0,10.0,91.0
2022-08-22,100.0,128.0,276.0,74.0,729.0,318.0,45.0,0.0,40.0,104.0,0.0,3.0,46.0,10.0,87.0
2022-08-23,107.0,136.0,297.0,74.0,710.0,329.0,44.0,0.0,41.0,105.0,0.0,3.0,49.0,7.0,92.0
2022-08-24,123.0,132.0,286.0,74.0,721.0,337.0,25.0,0.0,34.0,103.0,0.0,3.0,48.0,5.0,95.0
2022-08-25,113.0,126.0,282.0,46.0,725.0,348.0,34.0,0.0,35.0,101.0,0.0,3.0,47.0,5.0,95.0
2022-08-26,119.0,125.0,286.0,45.0,720.0,318.0,35.0,0.0,36.0,92.0,0.0,2.0,45.0,5.0,96.0
2022-08-27,111.0,118.0,242.0,45.0,734.0,325.0,35.0,0.0,37.0,97.0,0.0,2.0,44.0,5.0,103.0
2022-08-28,107.0,133.0,232.0,45.0,751.0,326.0,37.0,0.0,36.0,97.0,0.0,2.0,44.0,5.0,101.0
2022-08-29,117.0,130.0,257.0,45.0,751.0,338.0,36.0,0.0,36.0,97.0,0.0,2.0,49.0,6.0,103.0
2022-08-30,130.0,135.0,279.0,41.0,750.0,344.0,33.0,0.0,36.0,98.0,1.0,3.0,49.0,4.0,98.0
2022-08-31,126.0,136.0,280.0,46.0,739.0,349.0,29.0,0.0,36.0,95.0,1.0,2.0,49.0,4.0,104.0
2022-09-01,106.0,143.0,285.0,46.0,759.0,345.0,28.0,0.0,34.0,94.0,0.0,1.0,47.0,5.0,98.0
2022-09-02,116.0,137.0,278.0,42.0,737.0,325.0,25.0,0.0,34.0,100.0,0.0,0.0,44.0,4.0,102.0
2022-09-03,124.0,143.0,253.0,41.0,722.0,318.0,24.0,0.0,34.0,98.0,0.0,0.0,48.0,5.0,99.0
2022-09-04,129.0,141.0,251.0,41.0,759.0,326.0,24.0,0.0,38.0,103.0,0.0,0.0,49.0,5.0,100.0
2022-09-05,110.0,148.0,306.0,42.0,749.0,354.0,24.0,0.0,48.0,103.0,0.0,0.0,49.0,5.0,108.0
2022-09-06,122.0,163.0,330.0,38.0,743.0,364.0,18.0,0.0,43.0,102.0,0.0,0.0,48.0,5.0,108.0
2022-09-07,123.0,161.0,329.0,37.0,733.0,368.0,18.0,0.0,37.0,109.0,0.0,0.0,49.0,2.0,110.0
2022-09-08,147.0,163.0,349.0,42.0,739.0,366.0,15.0,0.0,35.0,110.0,0.0,0.0,49.0,5.0,87.0
2022-09-09,124.0,161.0,334.0,46.0,715.0,347.0,18.0,0.0,34.0,104.0,0.0,0.0,56.0,4.0,111.0
2022-09-10,130.0,149.0,273.0,46.0,713.0,344.0,17.0,0.0,36.0,110.0,0.0,0.0,58.0,4.0,115.0
2022-09-11,135.0,147.0,279.0,46.0,754.0,348.0,18.0,0.0,37.0,115.0,0.0,0.0,62.0,3.0,109.0
2022-09-12,138.0,171.0,333.0,46.0,747.0,371.0,16.0,0.0,36.0,113.0,0.0,0.0,62.0,4.0,121.0
2022-09-13,165.0,191.0,362.0,46.0,735.0,376.0,15.0,0.0,35.0,105.0,0.0,0.0,65.0,4.0,113.0
2022-09-14,159.0,191.0,390.0,45.0,748.0,369.0,14.0,0.0,35.0,99.0,0.0,0.0,63.0,2.0,123.0
2022-09-15,162.0,162.0,392.0,44.0,735.0,372.0,13.0,0.0,36.0,97.0,0.0,0.0,65.0,1.0,125.0
2022-09-16,161.0,162.0,366.0,45.0,718.0,366.0,10.0,0.0,37.0,88.0,0.0,0.0,66.0,1.0,116.0
2022-09-17,148.0,149.0,318.0,42.0,729.0,352.0,11.0,0.0,30.0,94.0,0.0,0.0,65.0,2.0,119.0
2022-09-18,145.0,150.0,311.0,42.0,760.0,354.0,11.0,0.0,31.0,100.0,0.0,0.0,65.0,2.0,114.0
2022-09-19,171.0,167.0,342.0,45.0,757.0,381.0,11.0,0.0,36.0,102.0,0.0,0.0,64.0,1.0,118.0
2022-09-20,174.0,171.0,365.0,42.0,752.0,390.0,13.0,0.0,36.0,104.0,0.0,0.0,66.0,0.0,122.0
2022-09-21,173.0,176.0,406.0,45.0,747.0,390.0,13.0,0.0,31.0,108.0,0.0,0.0,68.0,0.0,119.0
2022-09-22,151.0,180.0,401.0,45.0,727.0,395.0,12.0,0.0,31.0,118.0,0.0,0.0,64.0,1.0,114.0
2022-09-23,142.0,175.0,378.0,46.0,702.0,366.0,13.0,0.0,37.0,117.0,0.0,0.0,66.0,1.0,111.0
2022-09-24,137.0,161.0,326.0,46.0,706.0,361.0,10.0,0.0,29.0,119.0,0.0,0.0,67.0,1.0,106.0
2022-09-25,147.0,158.0,323.0,46.0,738.0,370.0,12.0,0.0,30.0,131.0,0.0,0.0,67.0,1.0,107.0
2022-09-26,146.0,180.0,361.0,46.0,747.0,390.0,12.0,0.0,27.0,131.0,0.0,1.0,65.0,3.0,118.0
2022-09-27,145.0,185.0,394.0,45.0,747.0,395.0,12.0,0.0,31.0,126.0,0.0,3.0,70.0,2.0,117.0
2022-09-28,151.0,184.0,420.0,43.0,728.0,394.0,12.0,0.0,30.0,119.0,0.0,1.0,65.0,4.0,122.0
2022-09-29,162.0,172.0,410.0,42.0,738.0,383.0,12.0,0.0,29.0,117.0,0.0,1.0,64.0,3.0,115.0
2022-09-30,149.0,167.0,386.0,44.0,730.0,373.0,13.0,0.0,32.0,100.0,0.0,1.0,59.0,4.0,118.0
2022-10-01,143.0,152.0,326.0,46.0,748.0,365.0,14.0,0.0,37.0,93.0,0.0,1.0,61.0,3.0,112.0
2022-10-02,150.0,159.0,328.0,46.0,776.0,369.0,13.0,0.0,36.0,93.0,0.0,1.0,60.0,3.0,114.0
2022-10-03,149.0,171.0,341.0,46.0,749.0,391.0,12.0,0.0,41.0,98.0,0.0,1.0,58.0,3.0,115.0
2022-10-04,165.0,171.0,343.0,46.0,784.0,385.0,11.0,0.0,43.0,96.0,0.0,1.0,60.0,4.0,119.0
2022-10-05,154.0,173.0,369.0,46.0,784.0,404.0,14.0,0.0,43.0,92.0,0.0,2.0,64.0,2.0,129.0
2022-10-06,162.0,153.0,415.0,46.0,783.0,406.0,16.0,0.0,35.0,95.0,0.0,2.0,69.0,2.0,128.0
2022-10-07,156.0,157.0,412.0,46.0,761.0,371.0,12.0,0.0,37.0,93.0,0.0,2.0,64.0,1.0,123.0
2022-10-08,140.0,138.0,367.0,46.0,766.0,359.0,16.0,0.0,36.0,97.0,0.0,0.0,63.0,4.0,124.0
2022-10-09,143.0,149.0,347.0,46.0,797.0,371.0,17.0,0.0,36.0,100.0,0.0,0.0,63.0,7.0,122.0
2022-10-10,149.0,171.0,416.0,46.0,781.0,410.0,16.0,0.0,44.0,110.0,0.0,0.0,64.0,7.0,117.0
2022-10-11,167.0,185.0,416.0,45.0,791.0,424.0,15.0,0.0,43.0,109.0,0.0,0.0,68.0,8.0,121.0
2022-10-12,159.0,166.0,426.0,46.0,786.0,415.0,17.0,0.0,48.0,106.0,0.0,0.0,63.0,9.0,118.0
2022-10-13,157.0,175.0,426.0,46.0,788.0,409.0,15.0,0.0,43.0,113.0,0.0,0.0,61.0,9.0,122.0
2022-10-14,150.0,169.0,411.0,45.0,773.0,397.0,12.0,0.0,37.0,108.0,0.0,0.0,63.0,10.0,113.0
2022-10-15,132.0,151.0,358.0,45.0,771.0,392.0,11.0,0.0,38.0,110.0,1.0,0.0,63.0,9.0,118.0
2022-10-16,130.0,159.0,355.0,45.0,799.0,404.0,12.0,0.0,43.0,112.0,0.0,1.0,63.0,8.0,119.0
2022-10-17,145.0,183.0,391.0,46.0,791.0,422.0,11.0,0.0,45.0,113.0,0.0,0.0,61.0,8.0,119.0
2022-10-18,159.0,192.0,404.0,46.0,779.0,418.0,10.0,0.0,42.0,111.0,0.0,0.0,61.0,8.0,125.0
2022-10-19,162.0,189.0,430.0,46.0,782.0,414.0,11.0,0.0,43.0,110.0,0.0,0.0,66.0,7.0,119.0
2022-10-20,163.0,192.0,434.0,46.0,770.0,425.0,13.0,0.0,43.0,117.0,0.0,0.0,69.0,7.0,119.0
2022-10-21,161.0,197.0,422.0,45.0,766.0,397.0,11.0,0.0,40.0,106.0,0.0,0.0,67.0,9.0,117.0
2022-10-22,156.0,186.0,363.0,45.0,763.0,386.0,12.0,0.0,37.0,105.0,0.0,0.0,66.0,9.0,118.0
2022-10-23,150.0,181.0,362.0,45.0,787.0,396.0,11.0,0.0,39.0,107.0,0.0,0.0,70.0,8.0,120.0
2022-10-24,167.0,202.0,388.0,45.0,789.0,434.0,7.0,0.0,44.0,106.0,0.0,0.0,69.0,8.0,124.0
2022-10-25,173.0,200.0,410.0,46.0,792.0,443.0,8.0,0.0,46.0,104.0,0.0,0.0,70.0,6.0,129.0
2022-10-26,167.0,200.0,429.0,44.0,765.0,430.0,10.0,0.0,40.0,102.0,0.0,0.0,67.0,7.0,130.0
2022-10-27,160.0,187.0,436.0,45.0,767.0,452.0,11.0,0.0,37.0,105.0,0.0,0.0,69.0,7.0,127.0
2022-10-28,221.0,186.0,421.0,46.0,704.0,425.0,9.0,0.0,34.0,103.0,0.0,0.0,64.0,7.0,122.0
2022-10-29,160.0,171.0,335.0,46.0,762.0,414.0,9.0,0.0,34.0,99.0,0.0,0.0,66.0,8.0,125.0
2022-10-30,168.0,170.0,328.0,46.0,786.0,425.0,8.0,0.0,42.0,102.0,0.0,0.0,68.0,8.0,121.0
2022-10-31,158.0,188.0,348.0,45.0,780.0,421.0,9.0,0.0,36.0,110.0,0.0,0.0,63.0,8.0,131.0
2022-11-01,152.0,192.0,344.0,45.0,802.0,428.0,11.0,0.0,40.0,119.0,0.0,0.0,66.0,8.0,127.0
2022-11-02,158.0,195.0,380.0,45.0,790.0,418.0,12.0,0.0,37.0,109.0,0.0,0.0,65.0,8.0,135.0
2022-11-03,182.0,184.0,393.0,45.0,781.0,431.0,12.0,0.0,31.0,109.0,0.0,0.0,66.0,8.0,137.0
2022-11-04,181.0,173.0,409.0,45.0,780.0,417.0,10.0,0.0,33.0,108.0,0.0,0.0,67.0,8.0,125.0
2022-11-05,158.0,165.0,348.0,45.0,776.0,398.0,10.0,0.0,39.0,108.0,0.0,0.0,67.0,6.0,126.0
2022-11-06,160.0,175.0,325.0,45.0,809.0,407.0,11.0,0.0,38.0,113.0,0.0,0.0,70.0,6.0,121.0
2022-11-07,160.0,189.0,374.0,45.0,801.0,415.0,12.0,0.0,36.0,118.0,0.0,0.0,68.0,8.0,128.0
2022-11-08,160.0,187.0,381.0,45.0,801.0,430.0,11.0,0.0,38.0,111.0,0.0,0.0,69.0,5.0,126.0
2022-11-09,159.0,203.0,407.0,45.0,792.0,446.0,10.0,0.0,46.0,111.0,0.0,0.0,67.0,5.0,118.0
2022-11-10,167.0,200.0,429.0,45.0,805.0,424.0,10.0,0.0,45.0,116.0,0.0,0.0,67.0,6.0,117.0
2022-11-11,166.0,190.0,394.0,43.0,796.0,410.0,8.0,0.0,46.0,99.0,0.0,0.0,64.0,4.0,122.0
2022-11-12,151.0,165.0,359.0,43.0,794.0,404.0,7.0,0.0,48.0,95.0,0.0,0.0,64.0,4.0,124.0
2022-11-13,146.0,172.0,349.0,43.0,830.0,407.0,8.0,0.0,47.0,101.0,0.0,0.0,68.0,5.0,121.0
2022-11-14,165.0,190.0,375.0,43.0,820.0,440.0,9.0,0.0,42.0,99.0,0.0,0.0,67.0,7.0,125.0
2022-11-15,163.0,196.0,391.0,45.0,810.0,447.0,10.0,0.0,28.0,99.0,0.0,0.0,67.0,7.0,124.0
2022-11-16,157.0,202.0,386.0,45.0,813.0,455.0,11.0,0.0,38.0,103.0,0.0,0.0,64.0,6.0,129.0
2022-11-17,168.0,196.0,396.0,45.0,802.0,440.0,12.0,0.0,35.0,118.0,0.0,0.0,67.0,4.0,128.0
2022-11-18,155.0,188.0,396.0,45.0,777.0,418.0,11.0,0.0,35.0,108.0,0.0,0.0,66.0,6.0,119.0
2022-11-19,145.0,168.0,356.0,45.0,775.0,426.0,11.0,0.0,34.0,103.0,0.0,0.0,66.0,6.0,114.0
2022-11-20,149.0,175.0,364.0,45.0,794.0,432.0,12.0,0.0,46.0,105.0,0.0,0.0,68.0,8.0,117.0
2022-11-21,142.0,183.0,392.0,45.0,776.0,442.0,12.0,0.0,40.0,110.0,0.0,0.0,68.0,10.0,122.0
2022-11-22,158.0,182.0,400.0,45.0,774.0,439.0,12.0,0.0,38.0,108.0,0.0,0.0,68.0,7.0,124.0
2022-11-23,156.0,171.0,415.0,19.0,781.0,433.0,11.0,0.0,37.0,100.0,0.0,0.0,66.0,8.0,123.0
2022-11-24,163.0,163.0,422.0,19.0,793.0,450.0,10.0,0.0,37.0,97.0,0.0,0.0,67.0,8.0,124.0
2022-11-25,164.0,171.0,403.0,20.0,780.0,425.0,12.0,0.0,34.0,91.0,0.0,0.0,63.0,10.0,118.0
2022-11-26,150.0,157.0,352.0,20.0,798.0,425.0,12.0,0.0,38.0,91.0,0.0,0.0,64.0,10.0,124.0
2022-11-27,219.0,161.0,341.0,20.0,766.0,418.0,12.0,0.0,36.0,94.0,0.0,0.0,68.0,10.0,125.0
2022-11-28,142.0,171.0,375.0,20.0,809.0,445.0,12.0,0.0,43.0,105.0,0.0,0.0,68.0,10.0,133.0
2022-11-29,130.0,177.0,393.0,20.0,807.0,441.0,12.0,0.0,41.0,110.0,0.0,0.0,68.0,11.0,124.0
2022-11-30,136.0,173.0,425.0,20.0,799.0,451.0,11.0,0.0,35.0,112.0,0.0,0.0,68.0,11.0,125.0
2022-12-01,152.0,180.0,427.0,20.0,800.0,438.0,10.0,0.0,38.0,114.0,0.0,0.0,69.0,10.0,125.0
2022-12-02,161.0,165.0,417.0,20.0,776.0,419.0,10.0,0.0,40.0,92.0,0.0,0.0,67.0,9.0,125.0
2022-12-03,149.0,143.0,367.0,20.0,779.0,419.0,9.0,0.0,36.0,96.0,0.0,0.0,62.0,9.0,122.0
2022-12-04,133.0,153.0,371.0,20.0,810.0,424.0,9.0,0.0,43.0,99.0,0.0,0.0,69.0,9.0,123.0
2022-12-05,143.0,171.0,386.0,20.0,800.0,442.0,11.0,0.0,48.0,107.0,0.0,0.0,67.0,9.0,127.0
2022-12-06,163.0,180.0,390.0,20.0,791.0,438.0,12.0,0.0,46.0,106.0,0.0,0.0,66.0,10.0,130.0
2022-12-07,173.0,174.0,404.0,20.0,733.0,424.0,45.0,0.0,47.0,98.0,0.0,0.0,67.0,11.0,128.0
2022-12-08,167.0,161.0,389.0,20.0,756.0,439.0,59.0,0.0,46.0,102.0,0.0,0.0,67.0,9.0,119.0
2022-12-09,165.0,155.0,407.0,20.0,741.0,418.0,57.0,0.0,43.0,97.0,0.0,0.0,60.0,8.0,122.0
2022-12-10,169.0,138.0,344.0,20.0,746.0,417.0,60.0,0.0,41.0,97.0,0.0,0.0,64.0,8.0,119.0
2022-12-11,165.0,144.0,349.0,20.0,770.0,435.0,66.0,0.0,43.0,99.0,0.0,0.0,67.0,8.0,117.0
2022-12-12,174.0,163.0,386.0,20.0,751.0,460.0,63.0,0.0,40.0,101.0,0.0,0.0,67.0,8.0,128.0
2022-12-13,189.0,185.0,417.0,20.0,739.0,462.0,65.0,0.0,39.0,107.0,0.0,0.0,69.0,9.0,131.0
2022-12-14,180.0,188.0,404.0,20.0,724.0,461.0,70.0,0.0,41.0,110.0,0.0,0.0,68.0,9.0,126.0
2022-12-15,169.0,174.0,433.0,20.0,733.0,455.0,75.0,0.0,38.0,113.0,0.0,0.0,69.0,10.0,126.0
2022-12-16,162.0,169.0,411.0,20.0,717.0,436.0,70.0,0.0,34.0,111.0,0.0,0.0,69.0,7.0,121.0
2022-12-17,154.0,167.0,354.0,20.0,734.0,433.0,73.0,0.0,36.0,102.0,0.0,0.0,69.0,10.0,121.0
2022-12-18,168.0,176.0,356.0,20.0,764.0,450.0,76.0,0.0,37.0,105.0,0.0,0.0,71.0,10.0,121.0
2022-12-19,166.0,188.0,401.0,20.0,748.0,453.0,72.0,0.0,35.0,102.0,0.0,0.0,67.0,8.0,126.0
2022-12-20,166.0,191.0,410.0,20.0,734.0,446.0,73.0,0.0,44.0,101.0,0.0,0.0,67.0,8.0,128.0
2022-12-21,138.0,197.0,411.0,20.0,721.0,432.0,72.0,0.0,42.0,104.0,0.0,0.0,67.0,10.0,121.0
2022-12-22,152.0,190.0,401.0,20.0,712.0,426.0,66.0,0.0,34.0,96.0,0.0,0.0,65.0,9.0,115.0
2022-12-23,173.0,160.0,324.0,20.0,687.0,384.0,67.0,0.0,33.0,91.0,0.0,0.0,63.0,8.0,100.0
2022-12-24,149.0,128.0,272.0,20.0,667.0,376.0,66.0,0.0,30.0,87.0,0.0,0.0,63.0,9.0,116.0
2022-12-25,146.0,131.0,260.0,20.0,705.0,372.0,71.0,0.0,33.0,89.0,0.0,0.0,62.0,8.0,117.0
2022-12-26,141.0,129.0,261.0,20.0,745.0,392.0,73.0,0.0,34.0,91.0,0.0,0.0,70.0,8.0,115.0
2022-12-27,140.0,137.0,290.0,20.0,747.0,406.0,76.0,0.0,31.0,90.0,0.0,0.0,69.0,9.0,118.0
2022-12-28,142.0,136.0,312.0,20.0,755.0,417.0,73.0,0.0,28.0,89.0,0.0,0.0,67.0,10.0,112.0
2022-12-29,142.0,144.0,323.0,20.0,742.0,422.0,71.0,0.0,24.0,82.0,0.0,0.0,64.0,9.0,112.0
2022-12-30,148.0,136.0,304.0,20.0,712.0,404.0,72.0,0.0,24.0,80.0,0.0,0.0,59.0,6.0,109.0
2022-12-31,148.0,120.0,258.0,20.0,712.0,378.0,73.0,0.0,22.0,82.0,0.0,0.0,57.0,7.0,105.0
2023-01-01,149.0,128.0,258.0,20.0,744.0,401.0,76.0,0.0,22.0,86.0,0.0,0.0,63.0,8.0,108.0
2023-01-02,139.0,131.0,288.0,20.0,746.0,416.0,72.0,0.0,23.0,85.0,0.0,0.0,62.0,6.0,119.0
2023-01-03,146.0,137.0,311.0,20.0,742.0,419.0,74.0,0.0,24.0,86.0,0.0,0.0,65.0,7.0,120.0
2023-01-04,149.0,128.0,324.0,20.0,738.0,428.0,70.0,0.0,29.0,82.0,0.0,0.0,61.0,8.0,117.0
2023-01-05,142.0,124.0,298.0,20.0,718.0,409.0,61.0,0.0,34.0,77.0,0.0,0.0,59.0,7.0,115.0
2023-01-06,139.0,133.0,263.0,20.0,747.0,420.0,63.0,0.0,37.0,82.0,0.0,0.0,60.0,7.0,117.0
2023-01-07,144.0,132.0,253.0,20.0,737.0,414.0,65.0,0.0,40.0,78.0,0.0,0.0,59.0,6.0,118.0
2023-01-08,157.0,141.0,265.0,20.0,762.0,423.0,71.0,0.0,42.0,82.0,0.0,0.0,61.0,5.0,107.0
2023-01-09,150.0,159.0,338.0,20.0,747.0,435.0,66.0,0.0,43.0,79.0,0.0,0.0,57.0,5.0,137.0
2023-01-10,152.0,168.0,374.0,20.0,747.0,443.0,69.0,0.0,42.0,76.0,0.0,0.0,62.0,5.0,135.0
2023-01-11,158.0,167.0,398.0,20.0,731.0,451.0,66.0,0.0,32.0,78.0,0.0,0.0,67.0,6.0,127.0
2023-01-12,152.0,164.0,404.0,20.0,710.0,458.0,61.0,0.0,27.0,81.0,0.0,0.0,70.0,5.0,128.0
2023-01-13,151.0,168.0,378.0,20.0,692.0,441.0,55.0,0.0,31.0,84.0,0.0,0.0,64.0,4.0,126.0
2023-01-14,144.0,140.0,324.0,20.0,697.0,421.0,58.0,0.0,35.0,85.0,0.0,0.0,63.0,5.0,126.0
2023-01-15,140.0,150.0,335.0,20.0,724.0,433.0,65.0,0.0,33.0,87.0,0.0,0.0,66.0,5.0,127.0
2023-01-16,141.0,169.0,381.0,20.0,724.0,448.0,61.0,0.0,34.0,91.0,0.0,0.0,65.0,6.0,127.0
2023-01-17,149.0,190.0,401.0,20.0,716.0,469.0,60.0,0.0,30.0,93.0,0.0,0.0,69.0,5.0,123.0
2023-01-18,148.0,192.0,425.0,20.0,712.0,455.0,61.0,0.0,32.0,94.0,0.0,0.0,67.0,5.0,126.0
2023-01-19,157.0,186.0,427.0,20.0,709.0,461.0,59.0,0.0,33.0,85.0,0.0,0.0,66.0,4.0,131.0
2023-01-20,154.0,163.0,408.0,20.0,700.0,457.0,57.0,0.0,35.0,89.0,0.0,0.0,65.0,4.0,118.0
2023-01-21,153.0,149.0,350.0,20.0,699.0,435.0,55.0,0.0,30.0,90.0,0.0,0.0,62.0,4.0,116.0
2023-01-22,144.0,151.0,343.0,20.0,730.0,443.0,58.0,0.0,29.0,96.0,0.0,0.0,65.0,4.0,120.0
2023-01-23,162.0,163.0,382.0,20.0,719.0,449.0,58.0,0.0,31.0,102.0,0.0,0.0,67.0,5.0,131.0
2023-01-24,162.0,180.0,410.0,20.0,712.0,454.0,63.0,0.0,26.0,104.0,0.0,0.0,67.0,4.0,133.0
2023-01-25,149.0,186.0,409.0,20.0,713.0,460.0,60.0,0.0,23.0,100.0,0.0,0.0,68.0,4.0,134.0
2023-01-26,149.0,193.0,418.0,20.0,711.0,461.0,57.0,0.0,27.0,90.0,0.0,0.0,68.0,4.0,135.0
2023-01-27,144.0,180.0,404.0,20.0,710.0,436.0,51.0,0.0,29.0,86.0,0.0,0.0,67.0,5.0,133.0
2023-01-28,145.0,165.0,337.0,20.0,710.0,425.0,49.0,0.0,25.0,86.0,0.0,0.0,68.0,5.0,123.0
2023-01-29,149.0,165.0,316.0,20.0,739.0,435.0,54.0,0.0,26.0,89.0,0.0,0.0,69.0,4.0,127.0
2023-01-30,154.0,176.0,336.0,20.0,731.0,445.0,50.0,0.0,32.0,89.0,0.0,0.0,67.0,5.0,132.0
2023-01-31,153.0,194.0,365.0,20.0,724.0,440.0,51.0,0.0,29.0,92.0,0.0,0.0,67.0,5.0,133.0
2023-02-01,152.0,201.0,373.0,20.0,734.0,446.0,51.0,0.0,29.0,96.0,0.0,0.0,69.0,3.0,135.0
2023-02-02,148.0,213.0,375.0,20.0,720.0,451.0,54.0,0.0,24.0,98.0,0.0,0.0,67.0,3.0,136.0
2023-02-03,155.0,206.0,359.0,20.0,709.0,429.0,55.0,0.0,27.0,93.0,0.0,0.0,65.0,4.0,131.0
2023-02-04,142.0,184.0,295.0,20.0,716.0,421.0,55.0,0.0,33.0,91.0,0.0,0.0,63.0,4.0,127.0
2023-02-05,137.0,178.0,294.0,20.0,752.0,418.0,55.0,0.0,33.0,95.0,0.0,0.0,67.0,5.0,124.0
2023-02-06,147.0,188.0,320.0,20.0,750.0,438.0,54.0,0.0,33.0,98.0,0.0,0.0,68.0,4.0,132.0
2023-02-07,142.0,192.0,356.0,20.0,754.0,433.0,54.0,0.0,30.0,101.0,0.0,0.0,69.0,4.0,136.0
2023-02-08,141.0,200.0,387.0,20.0,751.0,434.0,48.0,0.0,34.0,103.0,0.0,0.0,69.0,4.0,131.0
2023-02-09,140.0,204.0,393.0,20.0,744.0,453.0,44.0,0.0,31.0,101.0,0.0,0.0,68.0,3.0,130.0
2023-02-10,153.0,203.0,377.0,20.0,717.0,421.0,45.0,0.0,29.0,93.0,0.0,0.0,66.0,4.0,131.0
2023-02-11,158.0,184.0,327.0,20.0,717.0,407.0,45.0,0.0,31.0,86.0,0.0,0.0,65.0,4.0,128.0
2023-02-12,147.0,186.0,331.0,20.0,744.0,419.0,45.0,0.0,30.0,88.0,0.0,0.0,67.0,4.0,132.0
2023-02-13,145.0,193.0,370.0,20.0,757.0,436.0,44.0,0.0,29.0,83.0,0.0,0.0,69.0,4.0,139.0
