DATA_ENTRATA,ALTRO,DEGENZA CHIR GENERALE NO COVID,DEGENZA CHIR SPECIALISTICA NO COVID,DEGENZA COVID BASSA INTENSITA,DEGENZA MED GENERALE NO COVID,DEGENZA MED SPECIALISTICA NO COVID,DEGENZA ORDINARIA COVID,EMERGENZA-URGENZA,ORTOPEDIA,SOSPETTI COVID,SUB INTENSIVA COVID,SUB INTENSIVA NO COVID,TERAPIA INTENSIVA COVID,TERAPIA INTENSIVA NO COVID
2020-01-01,34.0,5.0,26.0,0.0,51.0,27.0,0.0,11.0,4.0,0.0,0.0,7.0,0.0,12.0
2020-01-02,67.0,25.0,64.0,0.0,87.0,68.0,0.0,15.0,6.0,0.0,0.0,17.0,0.0,22.0
2020-01-03,73.0,19.0,71.0,0.0,85.0,71.0,0.0,13.0,6.0,0.0,0.0,17.0,0.0,18.0
2020-01-04,54.0,4.0,30.0,0.0,72.0,51.0,0.0,14.0,4.0,0.0,0.0,12.0,0.0,16.0
2020-01-05,35.0,2.0,28.0,0.0,66.0,28.0,0.0,16.0,4.0,0.0,0.0,6.0,0.0,11.0
2020-01-06,40.0,12.0,31.0,0.0,54.0,39.0,0.0,10.0,5.0,0.0,0.0,5.0,0.0,7.0
2020-01-07,89.0,29.0,114.0,0.0,78.0,76.0,0.0,12.0,12.0,0.0,0.0,16.0,0.0,21.0
2020-01-08,74.0,37.0,119.0,0.0,98.0,80.0,0.0,18.0,11.0,0.0,0.0,23.0,0.0,23.0
2020-01-09,79.0,38.0,125.0,0.0,82.0,68.0,0.0,10.0,9.0,0.0,0.0,15.0,0.0,30.0
2020-01-10,69.0,24.0,104.0,0.0,83.0,62.0,0.0,14.0,4.0,0.0,0.0,21.0,0.0,23.0
2020-01-11,45.0,11.0,45.0,0.0,77.0,49.0,0.0,10.0,5.0,0.0,0.0,7.0,0.0,14.0
2020-01-12,39.0,11.0,31.0,0.0,65.0,37.0,0.0,15.0,7.0,0.0,0.0,6.0,0.0,9.0
2020-01-13,103.0,34.0,126.0,0.0,75.0,93.0,0.0,14.0,11.0,0.0,0.0,21.0,0.0,24.0
2020-01-14,81.0,29.0,113.0,0.0,78.0,72.0,0.0,14.0,6.0,0.0,0.0,13.0,0.0,25.0
2020-01-15,72.0,32.0,84.0,0.0,73.0,75.0,0.0,10.0,10.0,0.0,0.0,11.0,0.0,23.0
2020-01-16,71.0,26.0,107.0,0.0,76.0,82.0,0.0,10.0,6.0,0.0,0.0,20.0,0.0,26.0
2020-01-17,64.0,20.0,107.0,0.0,73.0,57.0,0.0,8.0,5.0,0.0,0.0,12.0,0.0,27.0
2020-01-18,44.0,10.0,40.0,0.0,68.0,46.0,0.0,16.0,6.0,0.0,0.0,13.0,0.0,11.0
2020-01-19,41.0,7.0,29.0,0.0,61.0,37.0,0.0,14.0,2.0,0.0,0.0,5.0,0.0,10.0
2020-01-20,93.0,39.0,134.0,0.0,87.0,74.0,0.0,11.0,11.0,0.0,0.0,18.0,0.0,28.0
2020-01-21,86.0,36.0,98.0,0.0,82.0,76.0,0.0,10.0,7.0,0.0,0.0,16.0,0.0,28.0
2020-01-22,75.0,37.0,110.0,0.0,71.0,79.0,0.0,11.0,12.0,0.0,0.0,18.0,0.0,24.0
2020-01-23,73.0,28.0,101.0,0.0,76.0,61.0,0.0,13.0,7.0,0.0,0.0,17.0,0.0,24.0
2020-01-24,55.0,20.0,105.0,0.0,78.0,60.0,0.0,20.0,4.0,0.0,0.0,22.0,0.0,17.0
2020-01-25,46.0,8.0,28.0,0.0,72.0,44.0,0.0,13.0,7.0,0.0,0.0,10.0,0.0,12.0
2020-01-26,35.0,17.0,36.0,0.0,52.0,29.0,0.0,11.0,8.0,0.0,0.0,3.0,0.0,7.0
2020-01-27,88.0,27.0,136.0,0.0,80.0,86.0,0.0,14.0,11.0,0.0,0.0,18.0,0.0,31.0
2020-01-28,76.0,37.0,113.0,0.0,100.0,79.0,0.0,13.0,9.0,0.0,0.0,19.0,0.0,31.0
2020-01-29,77.0,31.0,118.0,0.0,78.0,71.0,0.0,13.0,4.0,0.0,0.0,23.0,0.0,29.0
2020-01-30,77.0,34.0,112.0,0.0,78.0,81.0,0.0,13.0,12.0,0.0,0.0,16.0,0.0,27.0
2020-01-31,71.0,22.0,113.0,0.0,75.0,66.0,0.0,9.0,8.0,0.0,0.0,18.0,0.0,31.0
2020-02-01,41.0,2.0,33.0,0.0,55.0,49.0,0.0,14.0,6.0,0.0,0.0,8.0,0.0,8.0
2020-02-02,49.0,12.0,31.0,0.0,49.0,38.0,0.0,10.0,0.0,0.0,0.0,6.0,0.0,11.0
2020-02-03,103.0,34.0,132.0,0.0,74.0,77.0,0.0,9.0,13.0,0.0,0.0,17.0,0.0,28.0
2020-02-04,72.0,28.0,107.0,0.0,84.0,70.0,0.0,18.0,14.0,0.0,0.0,20.0,0.0,30.0
2020-02-05,86.0,40.0,126.0,0.0,77.0,78.0,0.0,16.0,6.0,0.0,0.0,16.0,0.0,24.0
2020-02-06,76.0,27.0,103.0,0.0,86.0,62.0,0.0,14.0,6.0,0.0,0.0,16.0,0.0,20.0
2020-02-07,69.0,25.0,121.0,0.0,79.0,63.0,0.0,6.0,11.0,0.0,0.0,18.0,0.0,15.0
2020-02-08,35.0,7.0,43.0,0.0,66.0,33.0,0.0,16.0,6.0,0.0,0.0,7.0,0.0,7.0
2020-02-09,36.0,11.0,33.0,0.0,67.0,48.0,0.0,17.0,4.0,0.0,0.0,4.0,0.0,19.0
2020-02-10,86.0,37.0,121.0,0.0,79.0,89.0,0.0,14.0,16.0,0.0,0.0,18.0,0.0,36.0
2020-02-11,78.0,41.0,134.0,0.0,84.0,87.0,0.0,15.0,5.0,0.0,0.0,20.0,0.0,23.0
2020-02-12,69.0,32.0,112.0,0.0,83.0,73.0,0.0,16.0,9.0,0.0,0.0,16.0,0.0,31.0
2020-02-13,71.0,29.0,108.0,0.0,78.0,65.0,0.0,20.0,11.0,0.0,0.0,19.0,0.0,26.0
2020-02-14,56.0,30.0,113.0,0.0,80.0,59.0,0.0,10.0,7.0,0.0,0.0,20.0,0.0,24.0
2020-02-15,48.0,8.0,32.0,0.0,65.0,38.0,0.0,15.0,3.0,0.0,0.0,11.0,0.0,8.0
2020-02-16,38.0,10.0,31.0,0.0,59.0,40.0,0.0,18.0,2.0,0.0,0.0,5.0,0.0,5.0
2020-02-17,78.0,31.0,133.0,0.0,90.0,85.0,0.0,11.0,15.0,0.0,0.0,20.0,0.0,26.0
2020-02-18,84.0,35.0,128.0,0.0,98.0,80.0,0.0,10.0,8.0,0.0,0.0,18.0,0.0,17.0
2020-02-19,82.0,26.0,120.0,0.0,78.0,80.0,0.0,21.0,5.0,0.0,0.0,14.0,0.0,23.0
2020-02-20,77.0,41.0,103.0,0.0,74.0,70.0,0.0,9.0,11.0,0.0,0.0,20.0,0.0,23.0
2020-02-21,67.0,24.0,111.0,0.0,73.0,52.0,0.0,15.0,6.0,0.0,0.0,20.0,0.0,24.0
2020-02-22,35.0,7.0,33.0,0.0,69.0,34.0,0.0,16.0,2.0,0.0,0.0,10.0,0.0,10.0
2020-02-23,31.0,13.0,29.0,0.0,38.0,38.0,0.0,8.0,3.0,0.0,0.0,7.0,0.0,11.0
2020-02-24,77.0,28.0,131.0,0.0,71.0,81.0,0.0,10.0,18.0,0.0,0.0,14.0,0.0,20.0
2020-02-25,70.0,44.0,116.0,0.0,70.0,58.0,0.0,11.0,8.0,0.0,0.0,17.0,0.0,22.0
2020-02-26,73.0,35.0,112.0,0.0,79.0,72.0,0.0,10.0,5.0,0.0,0.0,15.0,0.0,25.0
2020-02-27,67.0,24.0,117.0,0.0,72.0,69.0,0.0,11.0,12.0,0.0,0.0,16.0,0.0,23.0
2020-02-28,52.0,24.0,110.0,0.0,83.0,63.0,0.0,7.0,2.0,0.0,0.0,17.0,0.0,13.0
2020-02-29,42.0,7.0,27.0,0.0,62.0,38.0,0.0,11.0,9.0,0.0,0.0,8.0,0.0,8.0
2020-03-01,23.0,10.0,33.0,0.0,51.0,33.0,0.0,12.0,4.0,0.0,0.0,7.0,0.0,7.0
2020-03-02,76.0,39.0,138.0,0.0,69.0,95.0,0.0,12.0,10.0,0.0,0.0,29.0,0.0,34.0
2020-03-03,81.0,28.0,97.0,0.0,80.0,76.0,0.0,14.0,10.0,0.0,0.0,13.0,0.0,20.0
2020-03-04,84.0,35.0,109.0,0.0,58.0,71.0,0.0,9.0,8.0,0.0,0.0,14.0,3.0,13.0
2020-03-05,67.0,28.0,94.0,0.0,72.0,63.0,0.0,12.0,4.0,0.0,0.0,16.0,2.0,19.0
2020-03-06,50.0,18.0,93.0,0.0,64.0,61.0,0.0,14.0,4.0,0.0,0.0,18.0,2.0,13.0
2020-03-07,35.0,14.0,26.0,0.0,51.0,33.0,8.0,15.0,1.0,25.0,0.0,6.0,7.0,8.0
2020-03-08,33.0,6.0,28.0,0.0,41.0,28.0,8.0,17.0,2.0,14.0,0.0,8.0,7.0,7.0
2020-03-09,53.0,17.0,71.0,0.0,50.0,59.0,6.0,9.0,5.0,17.0,0.0,13.0,13.0,8.0
2020-03-10,54.0,15.0,49.0,6.0,52.0,56.0,5.0,13.0,2.0,20.0,0.0,15.0,13.0,8.0
2020-03-11,73.0,10.0,55.0,1.0,73.0,44.0,16.0,13.0,4.0,23.0,0.0,11.0,18.0,11.0
2020-03-12,49.0,9.0,43.0,5.0,57.0,55.0,29.0,9.0,6.0,17.0,0.0,16.0,7.0,13.0
2020-03-13,53.0,10.0,49.0,3.0,58.0,51.0,42.0,10.0,4.0,23.0,0.0,13.0,7.0,20.0
2020-03-14,40.0,19.0,18.0,5.0,57.0,27.0,25.0,8.0,1.0,33.0,7.0,6.0,8.0,12.0
2020-03-15,32.0,9.0,16.0,1.0,58.0,20.0,36.0,8.0,0.0,40.0,4.0,5.0,11.0,1.0
2020-03-16,64.0,17.0,37.0,3.0,65.0,40.0,33.0,5.0,9.0,41.0,2.0,12.0,14.0,7.0
2020-03-17,52.0,10.0,38.0,12.0,51.0,48.0,36.0,5.0,2.0,48.0,5.0,11.0,18.0,4.0
2020-03-18,53.0,27.0,34.0,9.0,67.0,37.0,31.0,6.0,2.0,45.0,5.0,11.0,17.0,5.0
2020-03-19,53.0,14.0,47.0,6.0,53.0,59.0,109.0,9.0,3.0,35.0,10.0,9.0,14.0,16.0
2020-03-20,44.0,7.0,44.0,23.0,71.0,42.0,33.0,5.0,1.0,31.0,10.0,5.0,13.0,7.0
2020-03-21,34.0,2.0,19.0,12.0,56.0,31.0,45.0,7.0,2.0,27.0,3.0,3.0,13.0,4.0
2020-03-22,27.0,4.0,11.0,6.0,55.0,18.0,41.0,4.0,1.0,24.0,4.0,2.0,13.0,4.0
2020-03-23,50.0,5.0,63.0,7.0,37.0,41.0,65.0,9.0,3.0,26.0,7.0,6.0,10.0,2.0
2020-03-24,51.0,9.0,53.0,8.0,42.0,44.0,59.0,6.0,1.0,29.0,10.0,6.0,12.0,5.0
2020-03-25,57.0,8.0,30.0,4.0,54.0,35.0,61.0,6.0,4.0,27.0,7.0,14.0,15.0,6.0
2020-03-26,50.0,7.0,34.0,34.0,44.0,30.0,36.0,6.0,3.0,30.0,6.0,9.0,14.0,3.0
2020-03-27,55.0,7.0,38.0,17.0,45.0,31.0,46.0,4.0,2.0,38.0,6.0,4.0,14.0,5.0
2020-03-28,39.0,3.0,12.0,17.0,45.0,24.0,63.0,9.0,1.0,33.0,5.0,2.0,10.0,3.0
2020-03-29,25.0,2.0,4.0,3.0,21.0,16.0,39.0,4.0,0.0,26.0,5.0,5.0,7.0,8.0
2020-03-30,64.0,10.0,44.0,14.0,46.0,32.0,50.0,2.0,5.0,48.0,8.0,8.0,14.0,4.0
2020-03-31,51.0,8.0,37.0,18.0,52.0,38.0,65.0,5.0,1.0,34.0,10.0,11.0,9.0,5.0
2020-04-01,57.0,14.0,33.0,31.0,45.0,31.0,60.0,7.0,3.0,38.0,4.0,9.0,12.0,3.0
2020-04-02,46.0,11.0,32.0,18.0,59.0,30.0,64.0,5.0,3.0,27.0,6.0,4.0,11.0,21.0
2020-04-03,54.0,4.0,23.0,16.0,39.0,36.0,56.0,4.0,3.0,43.0,13.0,5.0,13.0,5.0
2020-04-04,34.0,1.0,18.0,11.0,32.0,23.0,54.0,2.0,2.0,28.0,8.0,7.0,2.0,4.0
2020-04-05,32.0,4.0,13.0,9.0,28.0,18.0,44.0,1.0,1.0,31.0,3.0,2.0,2.0,4.0
2020-04-06,44.0,1.0,38.0,10.0,32.0,38.0,52.0,4.0,2.0,33.0,5.0,8.0,10.0,6.0
2020-04-07,58.0,9.0,48.0,14.0,35.0,36.0,52.0,7.0,2.0,26.0,5.0,7.0,7.0,10.0
2020-04-08,44.0,10.0,33.0,14.0,36.0,26.0,37.0,7.0,6.0,33.0,4.0,11.0,8.0,7.0
2020-04-09,52.0,10.0,29.0,7.0,33.0,36.0,58.0,6.0,6.0,29.0,6.0,6.0,5.0,8.0
2020-04-10,37.0,5.0,26.0,11.0,31.0,39.0,37.0,4.0,3.0,29.0,5.0,9.0,6.0,14.0
2020-04-11,26.0,2.0,12.0,7.0,38.0,21.0,48.0,2.0,2.0,31.0,2.0,6.0,6.0,8.0
2020-04-12,19.0,2.0,13.0,7.0,33.0,13.0,42.0,1.0,2.0,29.0,4.0,1.0,3.0,3.0
2020-04-13,22.0,4.0,17.0,5.0,33.0,15.0,55.0,6.0,8.0,32.0,4.0,3.0,5.0,1.0
2020-04-14,54.0,5.0,35.0,16.0,42.0,44.0,51.0,4.0,7.0,34.0,5.0,9.0,10.0,8.0
2020-04-15,54.0,11.0,44.0,6.0,44.0,31.0,61.0,8.0,4.0,32.0,7.0,9.0,15.0,13.0
2020-04-16,57.0,7.0,34.0,13.0,42.0,37.0,57.0,5.0,4.0,25.0,5.0,14.0,4.0,11.0
2020-04-17,48.0,6.0,32.0,9.0,44.0,36.0,53.0,7.0,8.0,25.0,5.0,8.0,4.0,11.0
2020-04-18,33.0,4.0,21.0,5.0,38.0,23.0,43.0,3.0,5.0,27.0,6.0,4.0,2.0,7.0
2020-04-19,19.0,0.0,36.0,4.0,33.0,21.0,30.0,5.0,8.0,32.0,3.0,6.0,1.0,2.0
2020-04-20,56.0,9.0,46.0,7.0,40.0,42.0,59.0,2.0,3.0,34.0,4.0,9.0,13.0,11.0
2020-04-21,50.0,7.0,49.0,25.0,46.0,43.0,41.0,6.0,1.0,25.0,6.0,7.0,6.0,10.0
2020-04-22,56.0,15.0,48.0,16.0,42.0,41.0,43.0,5.0,3.0,26.0,6.0,9.0,11.0,10.0
2020-04-23,52.0,15.0,42.0,14.0,53.0,45.0,28.0,8.0,3.0,41.0,4.0,16.0,10.0,8.0
2020-04-24,62.0,7.0,35.0,9.0,59.0,42.0,29.0,7.0,5.0,34.0,4.0,11.0,13.0,16.0
2020-04-25,18.0,12.0,15.0,6.0,53.0,21.0,28.0,3.0,5.0,18.0,0.0,11.0,2.0,7.0
2020-04-26,23.0,5.0,19.0,3.0,39.0,26.0,22.0,5.0,2.0,22.0,1.0,8.0,6.0,9.0
2020-04-27,74.0,11.0,41.0,13.0,53.0,30.0,34.0,8.0,6.0,40.0,5.0,13.0,1.0,15.0
2020-04-28,38.0,18.0,53.0,9.0,55.0,43.0,56.0,5.0,3.0,26.0,2.0,12.0,6.0,16.0
2020-04-29,56.0,14.0,42.0,11.0,38.0,45.0,35.0,4.0,2.0,37.0,3.0,14.0,2.0,19.0
2020-04-30,57.0,7.0,45.0,6.0,47.0,43.0,32.0,7.0,1.0,18.0,5.0,10.0,3.0,9.0
2020-05-01,28.0,1.0,9.0,4.0,36.0,16.0,35.0,7.0,1.0,16.0,0.0,3.0,4.0,8.0
2020-05-02,23.0,5.0,18.0,4.0,36.0,20.0,34.0,3.0,2.0,24.0,2.0,6.0,2.0,8.0
2020-05-03,41.0,4.0,13.0,7.0,35.0,28.0,25.0,2.0,1.0,22.0,3.0,4.0,4.0,12.0
2020-05-04,79.0,12.0,54.0,7.0,34.0,50.0,26.0,7.0,4.0,20.0,2.0,15.0,5.0,14.0
2020-05-05,51.0,15.0,47.0,9.0,50.0,46.0,40.0,6.0,7.0,43.0,2.0,13.0,0.0,20.0
2020-05-06,76.0,15.0,56.0,6.0,45.0,52.0,28.0,8.0,2.0,38.0,4.0,14.0,2.0,14.0
2020-05-07,66.0,15.0,46.0,4.0,63.0,40.0,32.0,6.0,7.0,26.0,3.0,9.0,3.0,11.0
2020-05-08,55.0,3.0,40.0,9.0,42.0,39.0,28.0,6.0,7.0,26.0,5.0,12.0,2.0,19.0
2020-05-09,33.0,8.0,18.0,8.0,46.0,36.0,24.0,7.0,4.0,33.0,2.0,9.0,4.0,12.0
2020-05-10,28.0,3.0,24.0,3.0,42.0,30.0,14.0,6.0,3.0,10.0,4.0,8.0,1.0,10.0
2020-05-11,65.0,12.0,43.0,1.0,52.0,37.0,28.0,4.0,5.0,35.0,2.0,13.0,4.0,12.0
2020-05-12,83.0,13.0,44.0,2.0,52.0,51.0,28.0,9.0,8.0,26.0,1.0,9.0,1.0,20.0
2020-05-13,60.0,19.0,42.0,7.0,56.0,42.0,23.0,6.0,4.0,33.0,4.0,17.0,1.0,20.0
2020-05-14,66.0,23.0,44.0,1.0,59.0,48.0,18.0,6.0,5.0,21.0,4.0,12.0,5.0,16.0
2020-05-15,59.0,6.0,43.0,2.0,58.0,40.0,18.0,3.0,7.0,25.0,3.0,9.0,6.0,18.0
2020-05-16,31.0,8.0,18.0,3.0,47.0,32.0,11.0,9.0,4.0,22.0,0.0,9.0,2.0,14.0
2020-05-17,28.0,8.0,18.0,1.0,34.0,21.0,15.0,5.0,4.0,16.0,2.0,5.0,1.0,8.0
2020-05-18,58.0,11.0,76.0,3.0,37.0,39.0,24.0,7.0,9.0,22.0,2.0,15.0,5.0,21.0
2020-05-19,67.0,13.0,53.0,1.0,50.0,49.0,20.0,6.0,5.0,18.0,2.0,12.0,2.0,18.0
2020-05-20,56.0,17.0,51.0,1.0,64.0,43.0,11.0,7.0,6.0,29.0,2.0,16.0,4.0,20.0
2020-05-21,64.0,23.0,54.0,3.0,57.0,41.0,15.0,11.0,10.0,18.0,1.0,14.0,4.0,18.0
2020-05-22,45.0,12.0,52.0,5.0,70.0,37.0,19.0,9.0,3.0,24.0,1.0,17.0,3.0,18.0
2020-05-23,33.0,11.0,23.0,2.0,61.0,31.0,21.0,9.0,10.0,24.0,2.0,13.0,3.0,9.0
2020-05-24,24.0,5.0,17.0,0.0,41.0,20.0,18.0,2.0,5.0,17.0,2.0,5.0,0.0,11.0
2020-05-25,62.0,12.0,60.0,0.0,57.0,49.0,29.0,6.0,6.0,23.0,0.0,13.0,2.0,17.0
2020-05-26,66.0,16.0,58.0,0.0,63.0,48.0,12.0,5.0,5.0,16.0,2.0,12.0,0.0,18.0
2020-05-27,72.0,24.0,58.0,1.0,63.0,60.0,17.0,6.0,8.0,20.0,3.0,17.0,1.0,28.0
2020-05-28,63.0,23.0,60.0,6.0,62.0,42.0,12.0,10.0,6.0,21.0,1.0,10.0,0.0,18.0
2020-05-29,63.0,12.0,46.0,1.0,66.0,52.0,13.0,7.0,6.0,13.0,0.0,10.0,4.0,23.0
2020-05-30,25.0,1.0,29.0,0.0,57.0,39.0,12.0,4.0,5.0,14.0,2.0,6.0,0.0,11.0
2020-05-31,37.0,8.0,27.0,0.0,45.0,23.0,17.0,4.0,5.0,13.0,2.0,4.0,1.0,3.0
2020-06-01,71.0,12.0,44.0,0.0,70.0,51.0,14.0,7.0,10.0,25.0,1.0,17.0,0.0,15.0
2020-06-02,31.0,16.0,24.0,0.0,44.0,19.0,16.0,6.0,11.0,18.0,0.0,5.0,1.0,14.0
2020-06-03,64.0,16.0,66.0,0.0,61.0,61.0,12.0,4.0,9.0,15.0,0.0,16.0,0.0,22.0
2020-06-04,65.0,18.0,74.0,0.0,69.0,51.0,17.0,4.0,12.0,20.0,1.0,15.0,0.0,18.0
2020-06-05,65.0,12.0,58.0,2.0,71.0,43.0,14.0,7.0,3.0,18.0,1.0,12.0,1.0,12.0
2020-06-06,35.0,5.0,15.0,13.0,58.0,31.0,9.0,11.0,4.0,20.0,0.0,6.0,2.0,7.0
2020-06-07,27.0,7.0,36.0,0.0,46.0,20.0,17.0,3.0,8.0,12.0,1.0,4.0,1.0,8.0
2020-06-08,62.0,9.0,75.0,0.0,60.0,67.0,16.0,6.0,7.0,26.0,1.0,16.0,1.0,16.0
2020-06-09,75.0,18.0,54.0,0.0,72.0,54.0,12.0,12.0,4.0,23.0,0.0,16.0,1.0,17.0
2020-06-10,66.0,22.0,64.0,0.0,74.0,50.0,15.0,7.0,12.0,23.0,1.0,12.0,3.0,20.0
2020-06-11,56.0,20.0,83.0,0.0,92.0,52.0,8.0,5.0,7.0,11.0,0.0,15.0,2.0,19.0
2020-06-12,50.0,13.0,64.0,0.0,73.0,38.0,3.0,12.0,5.0,14.0,0.0,16.0,2.0,17.0
2020-06-13,24.0,7.0,25.0,0.0,63.0,36.0,6.0,10.0,5.0,13.0,1.0,5.0,0.0,11.0
2020-06-14,28.0,6.0,49.0,0.0,43.0,24.0,4.0,22.0,4.0,16.0,0.0,5.0,0.0,7.0
2020-06-15,76.0,13.0,74.0,0.0,68.0,65.0,17.0,18.0,10.0,14.0,0.0,19.0,0.0,31.0
2020-06-16,73.0,23.0,74.0,0.0,75.0,52.0,4.0,16.0,6.0,13.0,0.0,13.0,2.0,18.0
2020-06-17,66.0,24.0,81.0,3.0,74.0,58.0,8.0,16.0,13.0,14.0,0.0,10.0,1.0,20.0
2020-06-18,57.0,18.0,71.0,0.0,68.0,55.0,11.0,13.0,9.0,18.0,0.0,13.0,2.0,21.0
2020-06-19,51.0,10.0,68.0,0.0,73.0,56.0,3.0,15.0,6.0,7.0,3.0,18.0,3.0,25.0
2020-06-20,22.0,4.0,31.0,0.0,52.0,31.0,4.0,11.0,6.0,13.0,0.0,11.0,1.0,13.0
2020-06-21,32.0,8.0,38.0,0.0,51.0,27.0,3.0,9.0,4.0,10.0,0.0,3.0,2.0,7.0
2020-06-22,62.0,18.0,88.0,0.0,89.0,74.0,10.0,14.0,10.0,12.0,0.0,11.0,0.0,22.0
2020-06-23,63.0,26.0,70.0,0.0,74.0,45.0,8.0,11.0,13.0,15.0,0.0,19.0,0.0,26.0
2020-06-24,65.0,17.0,81.0,0.0,67.0,76.0,9.0,16.0,8.0,13.0,2.0,17.0,3.0,25.0
2020-06-25,55.0,25.0,72.0,2.0,66.0,59.0,8.0,15.0,5.0,19.0,0.0,14.0,1.0,17.0
2020-06-26,49.0,12.0,80.0,1.0,80.0,53.0,8.0,8.0,10.0,12.0,2.0,15.0,4.0,20.0
2020-06-27,30.0,5.0,27.0,2.0,65.0,36.0,4.0,16.0,5.0,9.0,2.0,7.0,2.0,10.0
2020-06-28,21.0,10.0,37.0,0.0,43.0,20.0,8.0,18.0,9.0,12.0,1.0,4.0,2.0,7.0
2020-06-29,63.0,14.0,95.0,2.0,76.0,66.0,10.0,15.0,10.0,15.0,2.0,9.0,1.0,19.0
2020-06-30,74.0,16.0,71.0,1.0,70.0,47.0,4.0,14.0,7.0,9.0,1.0,12.0,4.0,31.0
2020-07-01,46.0,24.0,66.0,1.0,66.0,61.0,7.0,6.0,5.0,13.0,2.0,15.0,0.0,18.0
2020-07-02,47.0,19.0,73.0,0.0,73.0,65.0,6.0,18.0,9.0,11.0,0.0,11.0,1.0,28.0
2020-07-03,48.0,25.0,89.0,0.0,66.0,46.0,4.0,8.0,6.0,10.0,2.0,15.0,1.0,19.0
2020-07-04,34.0,7.0,36.0,0.0,67.0,32.0,5.0,17.0,10.0,14.0,0.0,8.0,1.0,7.0
2020-07-05,34.0,8.0,35.0,0.0,62.0,37.0,7.0,9.0,11.0,10.0,3.0,7.0,0.0,12.0
2020-07-06,78.0,19.0,83.0,0.0,65.0,68.0,4.0,19.0,17.0,7.0,1.0,12.0,0.0,19.0
2020-07-07,68.0,20.0,73.0,0.0,84.0,54.0,11.0,6.0,8.0,6.0,1.0,14.0,0.0,27.0
2020-07-08,41.0,29.0,74.0,0.0,68.0,61.0,4.0,11.0,6.0,2.0,0.0,11.0,1.0,20.0
2020-07-09,57.0,29.0,58.0,0.0,71.0,49.0,6.0,14.0,6.0,5.0,0.0,13.0,0.0,14.0
2020-07-10,40.0,22.0,84.0,0.0,62.0,59.0,3.0,11.0,11.0,5.0,0.0,18.0,1.0,20.0
2020-07-11,24.0,4.0,33.0,0.0,59.0,28.0,5.0,12.0,5.0,9.0,0.0,8.0,0.0,8.0
2020-07-12,30.0,11.0,36.0,0.0,63.0,23.0,6.0,10.0,5.0,8.0,0.0,5.0,0.0,14.0
2020-07-13,73.0,28.0,89.0,0.0,79.0,61.0,10.0,16.0,8.0,7.0,1.0,15.0,1.0,18.0
2020-07-14,59.0,27.0,82.0,0.0,79.0,48.0,8.0,12.0,12.0,9.0,0.0,17.0,1.0,22.0
2020-07-15,58.0,30.0,66.0,0.0,82.0,53.0,3.0,15.0,7.0,3.0,0.0,14.0,0.0,34.0
2020-07-16,48.0,28.0,96.0,1.0,84.0,68.0,9.0,15.0,6.0,11.0,1.0,13.0,1.0,21.0
2020-07-17,32.0,16.0,75.0,1.0,70.0,54.0,11.0,11.0,10.0,7.0,2.0,16.0,4.0,25.0
2020-07-18,30.0,8.0,35.0,0.0,61.0,45.0,3.0,17.0,7.0,8.0,0.0,9.0,0.0,14.0
2020-07-19,30.0,9.0,29.0,0.0,51.0,32.0,9.0,13.0,2.0,2.0,0.0,7.0,4.0,13.0
2020-07-20,89.0,20.0,84.0,0.0,76.0,69.0,11.0,8.0,11.0,4.0,0.0,11.0,3.0,22.0
2020-07-21,67.0,21.0,64.0,0.0,94.0,63.0,9.0,15.0,6.0,6.0,1.0,14.0,5.0,27.0
2020-07-22,57.0,24.0,76.0,0.0,76.0,60.0,13.0,18.0,4.0,10.0,1.0,15.0,3.0,27.0
2020-07-23,51.0,29.0,82.0,0.0,73.0,51.0,3.0,13.0,10.0,8.0,0.0,16.0,3.0,20.0
2020-07-24,38.0,21.0,64.0,0.0,79.0,57.0,6.0,13.0,6.0,6.0,0.0,15.0,2.0,31.0
2020-07-25,31.0,9.0,24.0,0.0,52.0,36.0,1.0,8.0,4.0,3.0,0.0,6.0,2.0,11.0
2020-07-26,23.0,7.0,32.0,0.0,55.0,28.0,3.0,19.0,4.0,12.0,1.0,5.0,1.0,9.0
2020-07-27,76.0,19.0,84.0,0.0,77.0,76.0,6.0,9.0,9.0,5.0,1.0,11.0,2.0,13.0
2020-07-28,64.0,16.0,64.0,1.0,85.0,55.0,8.0,15.0,10.0,5.0,1.0,13.0,1.0,15.0
2020-07-29,62.0,20.0,51.0,0.0,77.0,45.0,6.0,13.0,7.0,4.0,0.0,13.0,2.0,24.0
2020-07-30,54.0,18.0,78.0,0.0,73.0,38.0,4.0,14.0,6.0,7.0,0.0,12.0,2.0,19.0
2020-07-31,45.0,12.0,74.0,0.0,72.0,38.0,10.0,5.0,5.0,5.0,0.0,19.0,4.0,18.0
2020-08-01,34.0,6.0,29.0,0.0,67.0,26.0,4.0,11.0,11.0,6.0,1.0,6.0,1.0,6.0
2020-08-02,24.0,8.0,22.0,0.0,46.0,29.0,5.0,8.0,6.0,9.0,1.0,2.0,2.0,11.0
2020-08-03,56.0,16.0,73.0,0.0,68.0,41.0,10.0,17.0,9.0,5.0,0.0,12.0,2.0,15.0
2020-08-04,55.0,22.0,72.0,0.0,82.0,46.0,8.0,11.0,5.0,8.0,1.0,15.0,0.0,22.0
2020-08-05,50.0,12.0,69.0,0.0,65.0,52.0,3.0,8.0,7.0,5.0,1.0,15.0,1.0,14.0
2020-08-06,56.0,24.0,62.0,1.0,60.0,37.0,6.0,17.0,11.0,7.0,1.0,9.0,1.0,20.0
2020-08-07,43.0,17.0,62.0,0.0,91.0,40.0,0.0,12.0,7.0,9.0,0.0,11.0,3.0,10.0
2020-08-08,38.0,6.0,21.0,0.0,53.0,33.0,4.0,11.0,9.0,6.0,1.0,5.0,1.0,11.0
2020-08-09,21.0,9.0,31.0,0.0,48.0,24.0,4.0,10.0,6.0,5.0,0.0,4.0,1.0,11.0
2020-08-10,43.0,11.0,75.0,0.0,73.0,51.0,8.0,9.0,11.0,8.0,1.0,12.0,3.0,18.0
2020-08-11,40.0,20.0,62.0,0.0,77.0,54.0,4.0,11.0,7.0,4.0,0.0,12.0,1.0,18.0
2020-08-12,50.0,14.0,60.0,0.0,71.0,46.0,4.0,10.0,5.0,13.0,0.0,9.0,2.0,18.0
2020-08-13,42.0,15.0,58.0,0.0,79.0,37.0,5.0,13.0,5.0,6.0,1.0,12.0,3.0,17.0
2020-08-14,30.0,9.0,48.0,0.0,76.0,45.0,3.0,10.0,1.0,9.0,1.0,12.0,3.0,22.0
2020-08-15,27.0,14.0,17.0,0.0,54.0,31.0,3.0,11.0,6.0,5.0,1.0,5.0,2.0,8.0
2020-08-16,14.0,12.0,29.0,0.0,55.0,26.0,4.0,7.0,7.0,6.0,0.0,8.0,0.0,9.0
2020-08-17,37.0,14.0,62.0,0.0,72.0,46.0,3.0,6.0,10.0,4.0,1.0,13.0,2.0,18.0
2020-08-18,48.0,17.0,62.0,1.0,76.0,56.0,2.0,7.0,5.0,10.0,0.0,14.0,0.0,19.0
2020-08-19,50.0,12.0,74.0,1.0,76.0,54.0,1.0,12.0,6.0,2.0,0.0,10.0,3.0,15.0
2020-08-20,52.0,22.0,65.0,0.0,59.0,54.0,1.0,8.0,6.0,7.0,0.0,10.0,2.0,25.0
2020-08-21,46.0,15.0,62.0,0.0,68.0,54.0,4.0,16.0,6.0,3.0,1.0,11.0,3.0,19.0
2020-08-22,38.0,4.0,29.0,2.0,66.0,38.0,3.0,9.0,4.0,5.0,0.0,9.0,2.0,17.0
2020-08-23,22.0,8.0,33.0,0.0,62.0,34.0,2.0,13.0,1.0,11.0,0.0,2.0,4.0,10.0
2020-08-24,55.0,17.0,68.0,1.0,80.0,86.0,3.0,11.0,5.0,8.0,0.0,12.0,0.0,16.0
2020-08-25,42.0,18.0,67.0,0.0,70.0,62.0,7.0,17.0,5.0,5.0,1.0,12.0,1.0,20.0
2020-08-26,43.0,28.0,62.0,0.0,68.0,56.0,2.0,6.0,5.0,5.0,0.0,12.0,2.0,16.0
2020-08-27,49.0,21.0,64.0,0.0,77.0,53.0,1.0,8.0,4.0,12.0,2.0,10.0,3.0,22.0
2020-08-28,45.0,15.0,54.0,0.0,82.0,55.0,1.0,15.0,2.0,8.0,2.0,11.0,3.0,16.0
2020-08-29,38.0,7.0,18.0,0.0,61.0,31.0,2.0,9.0,6.0,5.0,1.0,8.0,2.0,11.0
2020-08-30,20.0,8.0,30.0,0.0,54.0,28.0,3.0,10.0,1.0,3.0,1.0,3.0,1.0,5.0
2020-08-31,77.0,21.0,83.0,0.0,66.0,67.0,2.0,11.0,11.0,7.0,0.0,14.0,1.0,21.0
2020-09-01,56.0,31.0,59.0,0.0,74.0,56.0,0.0,9.0,8.0,6.0,0.0,13.0,1.0,21.0
2020-09-02,48.0,21.0,71.0,0.0,83.0,64.0,2.0,9.0,11.0,10.0,1.0,14.0,2.0,17.0
2020-09-03,57.0,27.0,81.0,1.0,80.0,53.0,5.0,21.0,7.0,6.0,0.0,10.0,2.0,17.0
2020-09-04,39.0,23.0,66.0,0.0,72.0,47.0,2.0,12.0,6.0,7.0,1.0,15.0,0.0,14.0
2020-09-05,23.0,8.0,29.0,0.0,64.0,35.0,4.0,14.0,4.0,3.0,0.0,5.0,4.0,13.0
2020-09-06,25.0,11.0,33.0,0.0,37.0,33.0,3.0,12.0,10.0,4.0,1.0,4.0,1.0,14.0
2020-09-07,52.0,28.0,98.0,0.0,74.0,83.0,3.0,6.0,15.0,4.0,2.0,12.0,1.0,19.0
2020-09-08,58.0,28.0,77.0,0.0,88.0,54.0,2.0,19.0,11.0,7.0,0.0,14.0,1.0,25.0
2020-09-09,52.0,19.0,84.0,1.0,83.0,67.0,4.0,15.0,5.0,15.0,0.0,16.0,0.0,24.0
2020-09-10,63.0,25.0,81.0,0.0,81.0,71.0,4.0,11.0,7.0,8.0,0.0,12.0,4.0,24.0
2020-09-11,58.0,24.0,75.0,0.0,70.0,53.0,3.0,12.0,3.0,8.0,1.0,15.0,2.0,20.0
2020-09-12,33.0,4.0,40.0,1.0,72.0,34.0,2.0,13.0,7.0,6.0,0.0,7.0,4.0,16.0
2020-09-13,30.0,16.0,41.0,0.0,51.0,36.0,1.0,7.0,6.0,7.0,1.0,6.0,1.0,11.0
2020-09-14,69.0,27.0,96.0,0.0,79.0,73.0,2.0,17.0,9.0,5.0,2.0,17.0,1.0,23.0
2020-09-15,48.0,24.0,91.0,0.0,90.0,62.0,2.0,17.0,11.0,3.0,1.0,14.0,5.0,23.0
2020-09-16,55.0,25.0,74.0,2.0,77.0,62.0,4.0,13.0,8.0,13.0,1.0,14.0,1.0,20.0
2020-09-17,60.0,29.0,100.0,1.0,76.0,59.0,3.0,12.0,8.0,4.0,1.0,16.0,3.0,23.0
2020-09-18,39.0,22.0,77.0,1.0,75.0,60.0,4.0,13.0,17.0,10.0,1.0,14.0,3.0,27.0
2020-09-19,22.0,6.0,30.0,0.0,69.0,35.0,1.0,15.0,10.0,8.0,1.0,10.0,1.0,9.0
2020-09-20,20.0,12.0,34.0,0.0,36.0,29.0,1.0,18.0,2.0,6.0,1.0,5.0,0.0,8.0
2020-09-21,58.0,26.0,92.0,2.0,65.0,69.0,2.0,10.0,12.0,4.0,1.0,19.0,2.0,26.0
2020-09-22,59.0,31.0,95.0,0.0,85.0,69.0,4.0,12.0,8.0,6.0,3.0,10.0,3.0,27.0
2020-09-23,69.0,35.0,88.0,0.0,75.0,64.0,5.0,22.0,10.0,3.0,2.0,20.0,0.0,23.0
2020-09-24,59.0,34.0,91.0,0.0,85.0,75.0,3.0,19.0,11.0,5.0,1.0,18.0,2.0,31.0
2020-09-25,50.0,24.0,83.0,0.0,73.0,53.0,5.0,18.0,9.0,1.0,0.0,17.0,1.0,22.0
2020-09-26,34.0,10.0,40.0,0.0,66.0,43.0,6.0,22.0,3.0,8.0,1.0,7.0,1.0,13.0
2020-09-27,19.0,10.0,37.0,0.0,44.0,30.0,1.0,15.0,2.0,6.0,0.0,4.0,1.0,12.0
2020-09-28,62.0,30.0,92.0,0.0,67.0,82.0,4.0,8.0,14.0,3.0,1.0,17.0,1.0,20.0
2020-09-29,50.0,25.0,81.0,0.0,88.0,61.0,4.0,18.0,16.0,4.0,0.0,16.0,1.0,23.0
2020-09-30,63.0,26.0,86.0,3.0,81.0,78.0,4.0,11.0,9.0,2.0,0.0,17.0,3.0,30.0
2020-10-01,62.0,22.0,96.0,1.0,88.0,66.0,6.0,10.0,14.0,5.0,2.0,22.0,3.0,21.0
2020-10-02,51.0,22.0,78.0,0.0,73.0,54.0,3.0,16.0,9.0,4.0,1.0,14.0,3.0,25.0
2020-10-03,45.0,7.0,33.0,0.0,77.0,36.0,9.0,18.0,5.0,1.0,0.0,10.0,1.0,18.0
2020-10-04,27.0,13.0,35.0,1.0,51.0,26.0,4.0,9.0,6.0,4.0,1.0,3.0,1.0,8.0
2020-10-05,62.0,28.0,98.0,1.0,71.0,77.0,6.0,5.0,10.0,8.0,3.0,16.0,2.0,29.0
2020-10-06,64.0,30.0,78.0,1.0,92.0,63.0,11.0,16.0,10.0,2.0,1.0,13.0,2.0,30.0
2020-10-07,67.0,33.0,81.0,1.0,87.0,81.0,5.0,16.0,7.0,5.0,1.0,14.0,8.0,20.0
2020-10-08,61.0,26.0,104.0,0.0,78.0,57.0,7.0,15.0,11.0,6.0,1.0,15.0,2.0,25.0
2020-10-09,44.0,20.0,94.0,0.0,78.0,56.0,6.0,17.0,9.0,6.0,3.0,18.0,5.0,28.0
2020-10-10,30.0,13.0,30.0,2.0,49.0,35.0,14.0,17.0,7.0,6.0,2.0,10.0,8.0,18.0
2020-10-11,28.0,16.0,40.0,0.0,51.0,27.0,9.0,17.0,3.0,10.0,0.0,6.0,3.0,10.0
2020-10-12,57.0,26.0,87.0,0.0,65.0,79.0,13.0,10.0,13.0,10.0,2.0,17.0,6.0,19.0
2020-10-13,63.0,28.0,91.0,2.0,80.0,75.0,16.0,14.0,16.0,4.0,1.0,16.0,5.0,24.0
2020-10-14,62.0,30.0,88.0,0.0,82.0,67.0,21.0,7.0,2.0,9.0,0.0,19.0,6.0,19.0
2020-10-15,56.0,24.0,89.0,0.0,84.0,64.0,11.0,5.0,7.0,11.0,0.0,20.0,6.0,28.0
2020-10-16,42.0,19.0,76.0,4.0,79.0,51.0,18.0,18.0,4.0,7.0,0.0,15.0,2.0,17.0
2020-10-17,17.0,8.0,30.0,9.0,64.0,30.0,19.0,11.0,7.0,10.0,0.0,6.0,3.0,12.0
2020-10-18,21.0,12.0,39.0,4.0,51.0,26.0,14.0,11.0,8.0,12.0,0.0,4.0,6.0,5.0
2020-10-19,64.0,27.0,103.0,2.0,81.0,80.0,18.0,15.0,15.0,9.0,0.0,14.0,4.0,23.0
2020-10-20,57.0,30.0,75.0,1.0,80.0,70.0,21.0,15.0,7.0,14.0,0.0,15.0,7.0,23.0
2020-10-21,39.0,34.0,98.0,9.0,74.0,62.0,19.0,9.0,7.0,12.0,0.0,14.0,3.0,28.0
2020-10-22,62.0,26.0,88.0,3.0,80.0,71.0,33.0,13.0,5.0,13.0,0.0,21.0,4.0,28.0
2020-10-23,36.0,29.0,77.0,3.0,76.0,64.0,22.0,17.0,3.0,7.0,2.0,16.0,6.0,20.0
2020-10-24,18.0,2.0,33.0,0.0,73.0,54.0,25.0,12.0,4.0,8.0,0.0,10.0,4.0,17.0
2020-10-25,26.0,11.0,43.0,2.0,58.0,27.0,15.0,11.0,3.0,6.0,0.0,4.0,2.0,7.0
2020-10-26,73.0,29.0,104.0,2.0,89.0,79.0,13.0,14.0,9.0,17.0,2.0,15.0,8.0,22.0
2020-10-27,31.0,43.0,84.0,1.0,84.0,65.0,54.0,10.0,7.0,18.0,1.0,18.0,8.0,31.0
2020-10-28,35.0,37.0,88.0,0.0,79.0,61.0,41.0,17.0,5.0,10.0,1.0,14.0,9.0,29.0
2020-10-29,52.0,37.0,89.0,3.0,72.0,61.0,39.0,9.0,11.0,5.0,0.0,15.0,6.0,25.0
2020-10-30,40.0,23.0,88.0,0.0,64.0,63.0,35.0,15.0,1.0,6.0,1.0,16.0,4.0,17.0
2020-10-31,17.0,15.0,35.0,3.0,60.0,36.0,29.0,14.0,8.0,10.0,10.0,7.0,10.0,6.0
2020-11-01,14.0,13.0,32.0,1.0,35.0,28.0,38.0,9.0,6.0,11.0,5.0,2.0,6.0,14.0
2020-11-02,28.0,38.0,82.0,3.0,54.0,75.0,44.0,10.0,5.0,11.0,16.0,12.0,8.0,25.0
2020-11-03,37.0,37.0,78.0,7.0,65.0,72.0,37.0,14.0,9.0,10.0,18.0,13.0,4.0,22.0
2020-11-04,18.0,21.0,96.0,3.0,96.0,58.0,33.0,14.0,5.0,6.0,8.0,15.0,7.0,22.0
2020-11-05,29.0,38.0,102.0,6.0,76.0,59.0,72.0,8.0,16.0,11.0,15.0,19.0,19.0,24.0
2020-11-06,20.0,22.0,76.0,1.0,61.0,60.0,57.0,9.0,6.0,10.0,11.0,15.0,6.0,27.0
2020-11-07,12.0,10.0,30.0,4.0,54.0,42.0,35.0,4.0,2.0,20.0,8.0,8.0,9.0,10.0
2020-11-08,11.0,14.0,34.0,1.0,45.0,42.0,48.0,8.0,2.0,14.0,3.0,6.0,8.0,10.0
2020-11-09,52.0,32.0,90.0,1.0,53.0,69.0,53.0,6.0,10.0,9.0,6.0,12.0,5.0,24.0
2020-11-10,46.0,30.0,76.0,1.0,62.0,59.0,61.0,12.0,14.0,11.0,5.0,13.0,10.0,18.0
2020-11-11,34.0,24.0,94.0,6.0,72.0,51.0,57.0,6.0,11.0,9.0,14.0,15.0,14.0,14.0
2020-11-12,35.0,39.0,84.0,2.0,57.0,59.0,46.0,9.0,7.0,13.0,19.0,13.0,18.0,22.0
2020-11-13,25.0,19.0,66.0,2.0,65.0,43.0,57.0,8.0,4.0,9.0,12.0,18.0,7.0,27.0
2020-11-14,21.0,7.0,30.0,4.0,54.0,39.0,38.0,6.0,2.0,4.0,9.0,10.0,8.0,12.0
2020-11-15,7.0,19.0,31.0,0.0,36.0,34.0,43.0,7.0,4.0,3.0,10.0,11.0,4.0,12.0
2020-11-16,43.0,26.0,98.0,1.0,53.0,63.0,40.0,7.0,12.0,5.0,14.0,20.0,4.0,25.0
2020-11-17,35.0,33.0,93.0,3.0,55.0,57.0,38.0,7.0,7.0,4.0,8.0,11.0,5.0,24.0
2020-11-18,37.0,37.0,87.0,2.0,53.0,61.0,41.0,7.0,6.0,3.0,16.0,8.0,12.0,27.0
2020-11-19,28.0,36.0,93.0,4.0,64.0,67.0,54.0,5.0,7.0,3.0,11.0,17.0,6.0,27.0
2020-11-20,35.0,20.0,83.0,4.0,74.0,57.0,41.0,5.0,12.0,3.0,11.0,17.0,6.0,29.0
2020-11-21,24.0,14.0,43.0,1.0,51.0,41.0,44.0,8.0,2.0,6.0,6.0,9.0,4.0,12.0
2020-11-22,19.0,8.0,40.0,0.0,34.0,34.0,52.0,5.0,3.0,1.0,11.0,5.0,1.0,13.0
2020-11-23,35.0,18.0,79.0,2.0,51.0,68.0,35.0,6.0,11.0,0.0,4.0,11.0,3.0,18.0
2020-11-24,33.0,19.0,74.0,1.0,57.0,58.0,47.0,8.0,12.0,3.0,14.0,13.0,0.0,18.0
2020-11-25,33.0,37.0,90.0,4.0,64.0,52.0,38.0,5.0,8.0,5.0,10.0,14.0,5.0,26.0
2020-11-26,30.0,32.0,92.0,2.0,71.0,66.0,52.0,4.0,8.0,2.0,21.0,12.0,4.0,17.0
2020-11-27,32.0,19.0,70.0,1.0,79.0,54.0,40.0,7.0,8.0,1.0,6.0,14.0,8.0,26.0
2020-11-28,18.0,14.0,31.0,5.0,49.0,39.0,25.0,7.0,4.0,4.0,8.0,5.0,4.0,11.0
2020-11-29,15.0,21.0,25.0,1.0,47.0,33.0,35.0,6.0,2.0,1.0,7.0,5.0,1.0,8.0
2020-11-30,26.0,26.0,99.0,3.0,56.0,68.0,35.0,2.0,8.0,2.0,7.0,14.0,7.0,28.0
2020-12-01,30.0,32.0,78.0,2.0,65.0,61.0,31.0,9.0,10.0,2.0,9.0,14.0,4.0,34.0
2020-12-02,33.0,25.0,84.0,1.0,78.0,57.0,36.0,7.0,9.0,0.0,9.0,16.0,8.0,28.0
2020-12-03,35.0,23.0,91.0,3.0,63.0,60.0,46.0,5.0,13.0,2.0,12.0,17.0,3.0,28.0
2020-12-04,26.0,23.0,88.0,4.0,66.0,43.0,33.0,7.0,6.0,5.0,9.0,9.0,4.0,26.0
2020-12-05,23.0,13.0,42.0,1.0,59.0,39.0,38.0,8.0,4.0,4.0,10.0,8.0,3.0,12.0
2020-12-06,19.0,10.0,31.0,2.0,44.0,32.0,34.0,5.0,6.0,3.0,7.0,6.0,5.0,6.0
2020-12-07,31.0,13.0,81.0,2.0,60.0,70.0,39.0,3.0,6.0,3.0,10.0,12.0,5.0,32.0
2020-12-08,12.0,14.0,33.0,4.0,42.0,34.0,32.0,7.0,8.0,1.0,9.0,12.0,4.0,13.0
2020-12-09,34.0,33.0,92.0,2.0,58.0,69.0,33.0,9.0,6.0,1.0,12.0,12.0,5.0,27.0
2020-12-10,36.0,28.0,93.0,2.0,63.0,59.0,36.0,8.0,5.0,5.0,14.0,14.0,5.0,31.0
2020-12-11,25.0,21.0,77.0,2.0,63.0,57.0,48.0,7.0,5.0,4.0,9.0,13.0,6.0,30.0
2020-12-12,12.0,15.0,31.0,2.0,58.0,49.0,35.0,5.0,0.0,2.0,11.0,6.0,1.0,11.0
2020-12-13,25.0,13.0,25.0,0.0,48.0,22.0,28.0,5.0,5.0,5.0,4.0,4.0,1.0,11.0
2020-12-14,47.0,33.0,106.0,2.0,68.0,62.0,33.0,4.0,7.0,1.0,7.0,11.0,2.0,24.0
2020-12-15,42.0,26.0,79.0,2.0,81.0,51.0,52.0,8.0,11.0,1.0,8.0,12.0,4.0,20.0
2020-12-16,30.0,27.0,80.0,1.0,70.0,72.0,37.0,4.0,11.0,1.0,8.0,11.0,6.0,24.0
2020-12-17,32.0,20.0,84.0,2.0,67.0,61.0,45.0,7.0,5.0,4.0,8.0,15.0,8.0,25.0
2020-12-18,19.0,31.0,73.0,4.0,64.0,56.0,25.0,10.0,7.0,3.0,4.0,13.0,5.0,27.0
2020-12-19,19.0,7.0,30.0,3.0,59.0,35.0,34.0,5.0,7.0,2.0,9.0,11.0,1.0,15.0
2020-12-20,14.0,11.0,35.0,3.0,42.0,36.0,38.0,6.0,3.0,4.0,6.0,8.0,5.0,8.0
2020-12-21,31.0,26.0,110.0,1.0,63.0,71.0,47.0,5.0,5.0,4.0,5.0,16.0,7.0,22.0
2020-12-22,34.0,22.0,79.0,1.0,69.0,35.0,42.0,5.0,5.0,0.0,10.0,13.0,4.0,19.0
2020-12-23,25.0,21.0,76.0,1.0,81.0,43.0,40.0,7.0,4.0,1.0,8.0,10.0,4.0,18.0
2020-12-24,29.0,12.0,37.0,2.0,71.0,42.0,42.0,7.0,4.0,2.0,11.0,10.0,7.0,17.0
2020-12-25,10.0,11.0,14.0,6.0,49.0,31.0,40.0,1.0,2.0,4.0,4.0,8.0,4.0,8.0
2020-12-26,9.0,16.0,29.0,0.0,43.0,32.0,29.0,4.0,1.0,2.0,8.0,8.0,3.0,13.0
2020-12-27,9.0,17.0,27.0,1.0,47.0,41.0,48.0,9.0,1.0,0.0,8.0,10.0,3.0,8.0
2020-12-28,33.0,17.0,75.0,6.0,69.0,56.0,37.0,6.0,6.0,3.0,10.0,7.0,4.0,20.0
2020-12-29,27.0,26.0,66.0,4.0,77.0,53.0,51.0,9.0,8.0,3.0,11.0,6.0,3.0,18.0
2020-12-30,33.0,13.0,63.0,2.0,67.0,57.0,39.0,10.0,7.0,1.0,6.0,14.0,5.0,21.0
2020-12-31,31.0,8.0,40.0,5.0,64.0,39.0,36.0,4.0,2.0,3.0,10.0,13.0,11.0,12.0
2021-01-01,21.0,3.0,16.0,0.0,43.0,36.0,30.0,7.0,2.0,1.0,5.0,2.0,5.0,12.0
2021-01-02,27.0,6.0,21.0,2.0,66.0,31.0,38.0,5.0,6.0,2.0,9.0,7.0,0.0,8.0
2021-01-03,15.0,31.0,37.0,3.0,53.0,38.0,38.0,4.0,3.0,0.0,3.0,3.0,3.0,8.0
2021-01-04,31.0,25.0,83.0,1.0,62.0,68.0,33.0,10.0,11.0,0.0,10.0,15.0,4.0,19.0
2021-01-05,38.0,18.0,66.0,3.0,78.0,55.0,40.0,5.0,8.0,3.0,9.0,11.0,5.0,23.0
2021-01-06,13.0,16.0,35.0,1.0,63.0,38.0,27.0,2.0,3.0,0.0,7.0,5.0,3.0,10.0
2021-01-07,36.0,32.0,86.0,2.0,70.0,50.0,51.0,8.0,1.0,2.0,6.0,19.0,5.0,24.0
2021-01-08,31.0,22.0,78.0,3.0,72.0,42.0,44.0,11.0,7.0,0.0,7.0,13.0,3.0,29.0
2021-01-09,22.0,9.0,30.0,9.0,65.0,41.0,31.0,7.0,3.0,4.0,8.0,5.0,1.0,9.0
2021-01-10,24.0,16.0,23.0,0.0,50.0,31.0,33.0,7.0,5.0,2.0,9.0,5.0,6.0,8.0
2021-01-11,54.0,29.0,104.0,1.0,52.0,80.0,36.0,4.0,5.0,2.0,10.0,11.0,6.0,26.0
2021-01-12,40.0,30.0,93.0,1.0,76.0,62.0,41.0,8.0,8.0,1.0,7.0,9.0,5.0,21.0
2021-01-13,37.0,35.0,100.0,0.0,60.0,56.0,30.0,12.0,11.0,0.0,8.0,16.0,0.0,32.0
2021-01-14,54.0,31.0,110.0,3.0,64.0,63.0,33.0,7.0,6.0,4.0,7.0,16.0,4.0,26.0
2021-01-15,26.0,26.0,95.0,4.0,78.0,50.0,32.0,3.0,3.0,2.0,9.0,16.0,6.0,24.0
2021-01-16,25.0,13.0,41.0,2.0,65.0,42.0,38.0,10.0,2.0,2.0,6.0,7.0,4.0,15.0
2021-01-17,11.0,16.0,27.0,5.0,49.0,22.0,32.0,3.0,7.0,0.0,11.0,8.0,3.0,11.0
2021-01-18,45.0,28.0,103.0,1.0,70.0,79.0,40.0,4.0,9.0,3.0,11.0,18.0,7.0,25.0
2021-01-19,40.0,37.0,93.0,1.0,72.0,59.0,21.0,6.0,9.0,1.0,4.0,11.0,2.0,39.0
2021-01-20,29.0,30.0,112.0,0.0,72.0,76.0,24.0,4.0,5.0,1.0,6.0,21.0,1.0,33.0
2021-01-21,55.0,30.0,93.0,3.0,67.0,57.0,29.0,3.0,12.0,2.0,4.0,12.0,3.0,24.0
2021-01-22,39.0,23.0,78.0,3.0,77.0,69.0,27.0,7.0,5.0,3.0,7.0,16.0,2.0,31.0
2021-01-23,20.0,15.0,33.0,3.0,69.0,45.0,25.0,8.0,5.0,2.0,3.0,9.0,0.0,11.0
2021-01-24,19.0,19.0,27.0,0.0,52.0,21.0,12.0,5.0,0.0,2.0,4.0,7.0,4.0,13.0
2021-01-25,51.0,37.0,110.0,2.0,64.0,65.0,27.0,6.0,6.0,2.0,4.0,17.0,4.0,34.0
2021-01-26,47.0,35.0,100.0,3.0,79.0,65.0,25.0,4.0,10.0,0.0,6.0,25.0,2.0,30.0
2021-01-27,43.0,38.0,95.0,2.0,80.0,64.0,34.0,8.0,5.0,3.0,5.0,18.0,2.0,36.0
2021-01-28,44.0,31.0,114.0,1.0,62.0,60.0,28.0,17.0,7.0,1.0,6.0,19.0,4.0,27.0
2021-01-29,37.0,24.0,71.0,3.0,76.0,51.0,27.0,11.0,6.0,1.0,7.0,16.0,9.0,29.0
2021-01-30,23.0,14.0,33.0,0.0,64.0,34.0,16.0,12.0,8.0,3.0,1.0,8.0,5.0,15.0
2021-01-31,18.0,15.0,36.0,1.0,51.0,34.0,25.0,7.0,1.0,0.0,3.0,5.0,1.0,6.0
2021-02-01,47.0,34.0,111.0,1.0,82.0,84.0,23.0,11.0,10.0,2.0,5.0,18.0,5.0,30.0
2021-02-02,34.0,30.0,110.0,0.0,79.0,64.0,28.0,12.0,7.0,1.0,5.0,16.0,3.0,31.0
2021-02-03,43.0,29.0,102.0,0.0,71.0,68.0,24.0,5.0,8.0,1.0,4.0,20.0,1.0,30.0
2021-02-04,45.0,30.0,101.0,1.0,84.0,61.0,27.0,11.0,8.0,6.0,8.0,15.0,3.0,27.0
2021-02-05,38.0,16.0,74.0,2.0,69.0,43.0,26.0,12.0,4.0,5.0,7.0,12.0,6.0,34.0
2021-02-06,17.0,12.0,24.0,4.0,70.0,26.0,34.0,12.0,6.0,1.0,1.0,8.0,6.0,13.0
2021-02-07,12.0,18.0,35.0,4.0,43.0,26.0,29.0,8.0,2.0,4.0,8.0,5.0,1.0,9.0
2021-02-08,38.0,32.0,131.0,3.0,75.0,61.0,37.0,17.0,8.0,2.0,5.0,15.0,2.0,24.0
2021-02-09,35.0,28.0,96.0,4.0,83.0,65.0,27.0,16.0,8.0,4.0,9.0,16.0,4.0,41.0
2021-02-10,31.0,39.0,104.0,2.0,72.0,65.0,36.0,11.0,7.0,2.0,11.0,19.0,5.0,29.0
2021-02-11,54.0,27.0,111.0,0.0,74.0,73.0,38.0,12.0,6.0,7.0,8.0,18.0,9.0,33.0
2021-02-12,34.0,24.0,90.0,2.0,74.0,57.0,31.0,12.0,5.0,2.0,4.0,13.0,2.0,26.0
2021-02-13,21.0,14.0,30.0,3.0,59.0,37.0,32.0,16.0,5.0,4.0,8.0,7.0,3.0,11.0
2021-02-14,10.0,10.0,29.0,3.0,47.0,31.0,22.0,16.0,7.0,2.0,7.0,3.0,5.0,8.0
2021-02-15,45.0,31.0,113.0,2.0,61.0,68.0,42.0,8.0,9.0,2.0,7.0,15.0,5.0,35.0
2021-02-16,42.0,41.0,106.0,2.0,69.0,63.0,48.0,9.0,5.0,3.0,7.0,14.0,7.0,25.0
2021-02-17,38.0,39.0,95.0,5.0,61.0,63.0,45.0,14.0,7.0,4.0,7.0,15.0,5.0,33.0
2021-02-18,44.0,24.0,93.0,1.0,76.0,55.0,44.0,16.0,5.0,1.0,8.0,12.0,4.0,29.0
2021-02-19,32.0,25.0,91.0,3.0,82.0,50.0,45.0,15.0,11.0,4.0,10.0,9.0,6.0,23.0
2021-02-20,24.0,7.0,38.0,4.0,54.0,36.0,43.0,18.0,5.0,4.0,8.0,10.0,9.0,16.0
2021-02-21,21.0,19.0,33.0,4.0,43.0,31.0,39.0,16.0,3.0,2.0,5.0,10.0,7.0,13.0
2021-02-22,54.0,34.0,115.0,0.0,63.0,78.0,44.0,15.0,9.0,3.0,11.0,19.0,6.0,31.0
2021-02-23,46.0,23.0,93.0,4.0,61.0,56.0,58.0,13.0,6.0,6.0,13.0,11.0,10.0,31.0
2021-02-24,42.0,41.0,89.0,2.0,77.0,72.0,57.0,13.0,7.0,2.0,12.0,13.0,5.0,26.0
2021-02-25,46.0,35.0,84.0,4.0,60.0,71.0,60.0,7.0,10.0,3.0,13.0,13.0,12.0,29.0
2021-02-26,40.0,30.0,76.0,2.0,62.0,61.0,61.0,19.0,12.0,2.0,12.0,13.0,8.0,27.0
2021-02-27,18.0,9.0,27.0,3.0,57.0,43.0,71.0,10.0,5.0,6.0,9.0,7.0,7.0,15.0
2021-02-28,12.0,14.0,30.0,2.0,37.0,36.0,57.0,9.0,2.0,2.0,8.0,3.0,10.0,9.0
2021-03-01,42.0,27.0,76.0,2.0,53.0,65.0,65.0,12.0,7.0,2.0,11.0,13.0,9.0,20.0
2021-03-02,43.0,27.0,71.0,2.0,62.0,61.0,75.0,8.0,4.0,3.0,16.0,16.0,6.0,26.0
2021-03-03,34.0,20.0,75.0,2.0,55.0,60.0,75.0,11.0,6.0,2.0,11.0,17.0,14.0,28.0
2021-03-04,31.0,18.0,70.0,4.0,64.0,53.0,53.0,6.0,4.0,3.0,10.0,16.0,10.0,23.0
2021-03-05,25.0,19.0,57.0,3.0,54.0,59.0,75.0,10.0,7.0,4.0,12.0,10.0,14.0,22.0
2021-03-06,15.0,1.0,33.0,3.0,65.0,41.0,78.0,5.0,3.0,2.0,29.0,6.0,14.0,6.0
2021-03-07,10.0,18.0,32.0,4.0,45.0,24.0,50.0,7.0,6.0,1.0,14.0,4.0,12.0,11.0
2021-03-08,40.0,11.0,59.0,2.0,55.0,51.0,68.0,7.0,5.0,1.0,22.0,13.0,9.0,11.0
2021-03-09,23.0,10.0,52.0,2.0,61.0,53.0,80.0,8.0,0.0,4.0,27.0,11.0,10.0,15.0
2021-03-10,31.0,4.0,54.0,3.0,55.0,49.0,105.0,12.0,8.0,3.0,18.0,9.0,15.0,13.0
2021-03-11,35.0,19.0,54.0,2.0,47.0,53.0,87.0,6.0,1.0,0.0,17.0,16.0,13.0,13.0
2021-03-12,25.0,14.0,53.0,3.0,64.0,54.0,84.0,8.0,3.0,2.0,24.0,14.0,14.0,17.0
2021-03-13,18.0,6.0,19.0,5.0,61.0,52.0,85.0,4.0,3.0,3.0,16.0,9.0,13.0,13.0
2021-03-14,11.0,13.0,23.0,1.0,28.0,43.0,74.0,7.0,6.0,1.0,17.0,5.0,12.0,13.0
2021-03-15,30.0,3.0,55.0,0.0,52.0,64.0,82.0,7.0,7.0,3.0,22.0,13.0,14.0,7.0
2021-03-16,31.0,18.0,50.0,7.0,52.0,62.0,95.0,9.0,7.0,2.0,16.0,6.0,8.0,16.0
2021-03-17,30.0,14.0,57.0,5.0,56.0,41.0,72.0,8.0,8.0,3.0,18.0,10.0,9.0,13.0
2021-03-18,29.0,12.0,57.0,3.0,67.0,51.0,80.0,13.0,7.0,4.0,27.0,11.0,14.0,16.0
2021-03-19,35.0,14.0,52.0,4.0,51.0,61.0,72.0,8.0,8.0,4.0,13.0,16.0,13.0,12.0
2021-03-20,19.0,8.0,33.0,2.0,38.0,37.0,95.0,6.0,3.0,8.0,15.0,3.0,7.0,10.0
2021-03-21,16.0,11.0,30.0,1.0,32.0,32.0,70.0,10.0,4.0,3.0,13.0,3.0,8.0,11.0
2021-03-22,40.0,18.0,79.0,2.0,43.0,51.0,70.0,14.0,9.0,2.0,19.0,11.0,13.0,16.0
2021-03-23,35.0,17.0,74.0,4.0,60.0,62.0,74.0,5.0,4.0,3.0,26.0,7.0,10.0,13.0
2021-03-24,29.0,8.0,75.0,2.0,44.0,54.0,62.0,7.0,9.0,1.0,15.0,16.0,12.0,19.0
2021-03-25,32.0,17.0,61.0,1.0,58.0,54.0,76.0,7.0,6.0,4.0,25.0,8.0,8.0,19.0
2021-03-26,25.0,13.0,59.0,2.0,64.0,53.0,71.0,9.0,7.0,2.0,12.0,13.0,11.0,20.0
2021-03-27,20.0,9.0,25.0,3.0,50.0,51.0,67.0,5.0,4.0,3.0,14.0,8.0,5.0,12.0
2021-03-28,15.0,11.0,27.0,1.0,29.0,29.0,35.0,9.0,4.0,0.0,15.0,6.0,3.0,11.0
2021-03-29,46.0,15.0,78.0,6.0,51.0,61.0,62.0,10.0,8.0,4.0,10.0,12.0,5.0,18.0
2021-03-30,38.0,23.0,70.0,3.0,57.0,62.0,54.0,13.0,8.0,0.0,14.0,17.0,8.0,22.0
2021-03-31,25.0,18.0,79.0,2.0,60.0,66.0,59.0,9.0,11.0,3.0,15.0,11.0,5.0,15.0
2021-04-01,34.0,26.0,81.0,2.0,75.0,63.0,55.0,8.0,7.0,2.0,10.0,11.0,5.0,18.0
2021-04-02,12.0,9.0,56.0,4.0,70.0,59.0,73.0,10.0,11.0,5.0,13.0,7.0,3.0,11.0
2021-04-03,17.0,6.0,29.0,3.0,79.0,50.0,43.0,13.0,5.0,1.0,10.0,6.0,3.0,11.0
2021-04-04,8.0,6.0,29.0,1.0,51.0,35.0,35.0,8.0,6.0,2.0,10.0,4.0,6.0,11.0
2021-04-05,20.0,24.0,28.0,1.0,51.0,30.0,43.0,7.0,4.0,0.0,11.0,5.0,1.0,11.0
2021-04-06,31.0,16.0,81.0,3.0,48.0,56.0,36.0,7.0,5.0,4.0,17.0,8.0,7.0,11.0
2021-04-07,35.0,18.0,77.0,1.0,53.0,64.0,36.0,15.0,9.0,2.0,15.0,9.0,10.0,13.0
2021-04-08,48.0,20.0,75.0,1.0,56.0,64.0,41.0,10.0,4.0,1.0,15.0,10.0,2.0,17.0
2021-04-09,26.0,9.0,66.0,1.0,68.0,62.0,41.0,7.0,9.0,1.0,8.0,14.0,4.0,26.0
2021-04-10,23.0,8.0,30.0,1.0,60.0,51.0,48.0,10.0,6.0,2.0,9.0,5.0,5.0,12.0
2021-04-11,20.0,7.0,39.0,2.0,45.0,28.0,25.0,8.0,2.0,1.0,6.0,6.0,2.0,8.0
2021-04-12,33.0,11.0,85.0,1.0,52.0,62.0,21.0,10.0,4.0,2.0,11.0,11.0,6.0,19.0
2021-04-13,33.0,29.0,80.0,2.0,85.0,55.0,39.0,14.0,3.0,1.0,7.0,14.0,5.0,19.0
2021-04-14,31.0,28.0,76.0,2.0,69.0,57.0,42.0,10.0,11.0,0.0,11.0,9.0,3.0,14.0
2021-04-15,32.0,26.0,62.0,5.0,80.0,53.0,40.0,16.0,5.0,0.0,7.0,12.0,2.0,17.0
2021-04-16,32.0,7.0,71.0,2.0,75.0,53.0,23.0,10.0,4.0,5.0,6.0,7.0,6.0,16.0
2021-04-17,17.0,19.0,18.0,6.0,57.0,40.0,16.0,13.0,6.0,1.0,7.0,5.0,3.0,18.0
2021-04-18,10.0,24.0,29.0,4.0,54.0,28.0,16.0,7.0,3.0,0.0,3.0,8.0,5.0,10.0
2021-04-19,35.0,27.0,91.0,2.0,65.0,71.0,24.0,10.0,8.0,1.0,8.0,16.0,9.0,17.0
2021-04-20,35.0,22.0,91.0,2.0,80.0,69.0,27.0,10.0,10.0,1.0,6.0,10.0,2.0,20.0
2021-04-21,32.0,30.0,93.0,0.0,75.0,59.0,14.0,11.0,4.0,1.0,4.0,12.0,3.0,19.0
2021-04-22,47.0,21.0,73.0,1.0,81.0,61.0,19.0,13.0,4.0,1.0,5.0,16.0,2.0,25.0
2021-04-23,32.0,22.0,73.0,1.0,83.0,55.0,31.0,10.0,7.0,0.0,7.0,7.0,2.0,25.0
2021-04-24,25.0,13.0,26.0,1.0,72.0,33.0,15.0,12.0,2.0,1.0,7.0,9.0,1.0,12.0
2021-04-25,20.0,12.0,34.0,1.0,51.0,44.0,13.0,7.0,3.0,2.0,2.0,4.0,4.0,12.0
2021-04-26,42.0,39.0,109.0,2.0,80.0,74.0,21.0,12.0,11.0,3.0,3.0,10.0,0.0,28.0
2021-04-27,30.0,22.0,95.0,1.0,83.0,64.0,22.0,10.0,11.0,3.0,3.0,16.0,2.0,22.0
2021-04-28,38.0,27.0,102.0,0.0,75.0,76.0,27.0,11.0,10.0,1.0,5.0,15.0,1.0,25.0
2021-04-29,42.0,18.0,107.0,0.0,75.0,65.0,23.0,7.0,6.0,3.0,5.0,12.0,4.0,14.0
2021-04-30,37.0,20.0,93.0,0.0,70.0,52.0,15.0,9.0,11.0,1.0,4.0,15.0,4.0,22.0
2021-05-01,8.0,6.0,25.0,2.0,57.0,28.0,17.0,6.0,10.0,1.0,6.0,5.0,5.0,12.0
2021-05-02,16.0,20.0,30.0,0.0,51.0,28.0,16.0,11.0,7.0,0.0,2.0,7.0,4.0,11.0
2021-05-03,26.0,30.0,92.0,1.0,54.0,70.0,14.0,14.0,9.0,2.0,5.0,14.0,7.0,23.0
2021-05-04,44.0,34.0,97.0,1.0,80.0,66.0,21.0,13.0,8.0,0.0,5.0,14.0,6.0,23.0
2021-05-05,36.0,31.0,98.0,0.0,78.0,71.0,19.0,8.0,15.0,1.0,6.0,10.0,3.0,18.0
2021-05-06,35.0,38.0,86.0,0.0,87.0,59.0,20.0,10.0,6.0,1.0,3.0,18.0,3.0,27.0
2021-05-07,29.0,16.0,84.0,0.0,82.0,64.0,18.0,13.0,8.0,3.0,2.0,15.0,3.0,21.0
2021-05-08,19.0,4.0,30.0,2.0,62.0,27.0,13.0,13.0,5.0,0.0,8.0,7.0,0.0,12.0
2021-05-09,19.0,20.0,39.0,1.0,39.0,37.0,11.0,17.0,2.0,1.0,2.0,3.0,4.0,15.0
2021-05-10,40.0,39.0,112.0,0.0,72.0,84.0,16.0,19.0,9.0,2.0,2.0,14.0,4.0,23.0
2021-05-11,38.0,38.0,112.0,0.0,89.0,65.0,16.0,9.0,14.0,0.0,4.0,15.0,2.0,26.0
2021-05-12,33.0,28.0,100.0,0.0,90.0,73.0,17.0,12.0,11.0,2.0,4.0,19.0,1.0,27.0
2021-05-13,41.0,29.0,86.0,0.0,98.0,69.0,11.0,13.0,8.0,1.0,0.0,16.0,0.0,26.0
2021-05-14,31.0,18.0,87.0,0.0,84.0,68.0,10.0,15.0,9.0,1.0,3.0,11.0,3.0,22.0
2021-05-15,21.0,4.0,31.0,0.0,68.0,39.0,7.0,11.0,8.0,2.0,4.0,12.0,3.0,13.0
2021-05-16,17.0,17.0,43.0,0.0,52.0,28.0,6.0,15.0,7.0,1.0,2.0,3.0,1.0,7.0
2021-05-17,31.0,25.0,105.0,0.0,80.0,72.0,13.0,14.0,13.0,0.0,1.0,10.0,1.0,24.0
2021-05-18,38.0,27.0,102.0,0.0,75.0,65.0,9.0,9.0,11.0,3.0,4.0,17.0,2.0,26.0
2021-05-19,39.0,32.0,105.0,0.0,99.0,65.0,12.0,7.0,12.0,1.0,1.0,11.0,1.0,28.0
2021-05-20,48.0,34.0,92.0,0.0,75.0,66.0,6.0,8.0,4.0,0.0,1.0,15.0,1.0,19.0
2021-05-21,22.0,27.0,82.0,0.0,81.0,49.0,7.0,20.0,8.0,0.0,0.0,12.0,4.0,28.0
2021-05-22,20.0,4.0,29.0,0.0,69.0,43.0,9.0,14.0,9.0,1.0,0.0,10.0,1.0,12.0
2021-05-23,17.0,23.0,32.0,0.0,50.0,28.0,5.0,14.0,5.0,3.0,0.0,2.0,0.0,13.0
2021-05-24,43.0,32.0,134.0,0.0,76.0,88.0,8.0,16.0,8.0,0.0,0.0,17.0,1.0,36.0
2021-05-25,44.0,28.0,103.0,0.0,93.0,52.0,8.0,14.0,6.0,0.0,1.0,11.0,2.0,26.0
2021-05-26,47.0,31.0,98.0,0.0,84.0,70.0,9.0,19.0,7.0,0.0,0.0,16.0,2.0,30.0
2021-05-27,33.0,29.0,107.0,0.0,75.0,68.0,11.0,14.0,2.0,1.0,0.0,13.0,0.0,25.0
2021-05-28,27.0,33.0,70.0,0.0,81.0,64.0,9.0,6.0,6.0,0.0,0.0,15.0,1.0,29.0
2021-05-29,18.0,11.0,29.0,0.0,68.0,27.0,5.0,19.0,8.0,1.0,2.0,8.0,0.0,7.0
2021-05-30,22.0,23.0,36.0,0.0,61.0,29.0,4.0,9.0,5.0,0.0,1.0,4.0,1.0,12.0
2021-05-31,35.0,30.0,111.0,0.0,81.0,64.0,5.0,15.0,14.0,2.0,0.0,11.0,0.0,30.0
2021-06-01,30.0,28.0,73.0,0.0,95.0,67.0,11.0,16.0,6.0,0.0,3.0,15.0,1.0,22.0
2021-06-02,14.0,20.0,44.0,0.0,58.0,34.0,1.0,11.0,8.0,1.0,0.0,3.0,1.0,11.0
2021-06-03,36.0,41.0,95.0,0.0,88.0,77.0,8.0,7.0,7.0,1.0,2.0,10.0,0.0,30.0
2021-06-04,32.0,30.0,82.0,0.0,94.0,53.0,10.0,10.0,8.0,0.0,0.0,16.0,1.0,28.0
2021-06-05,14.0,13.0,40.0,0.0,64.0,43.0,1.0,14.0,6.0,0.0,0.0,7.0,0.0,13.0
2021-06-06,19.0,18.0,33.0,0.0,47.0,28.0,4.0,10.0,7.0,1.0,0.0,7.0,1.0,9.0
2021-06-07,46.0,30.0,107.0,0.0,73.0,80.0,4.0,19.0,14.0,0.0,0.0,12.0,2.0,38.0
2021-06-08,43.0,47.0,103.0,0.0,107.0,71.0,1.0,18.0,12.0,1.0,0.0,11.0,0.0,27.0
2021-06-09,40.0,46.0,102.0,0.0,86.0,66.0,3.0,12.0,7.0,0.0,0.0,11.0,1.0,29.0
2021-06-10,37.0,30.0,97.0,0.0,88.0,62.0,8.0,15.0,7.0,3.0,0.0,12.0,1.0,25.0
2021-06-11,37.0,30.0,81.0,0.0,85.0,55.0,2.0,25.0,9.0,0.0,0.0,17.0,1.0,23.0
2021-06-12,23.0,16.0,37.0,0.0,66.0,40.0,0.0,15.0,5.0,0.0,0.0,8.0,3.0,16.0
2021-06-13,19.0,19.0,33.0,0.0,59.0,33.0,0.0,13.0,3.0,0.0,0.0,7.0,1.0,17.0
2021-06-14,43.0,36.0,126.0,0.0,72.0,76.0,3.0,14.0,10.0,0.0,0.0,13.0,2.0,34.0
2021-06-15,29.0,34.0,101.0,0.0,86.0,62.0,2.0,16.0,8.0,0.0,0.0,11.0,2.0,25.0
2021-06-16,32.0,34.0,107.0,0.0,87.0,67.0,3.0,12.0,10.0,0.0,0.0,15.0,1.0,35.0
2021-06-17,40.0,31.0,102.0,0.0,84.0,60.0,7.0,16.0,7.0,0.0,0.0,10.0,1.0,29.0
2021-06-18,25.0,30.0,74.0,0.0,108.0,50.0,2.0,18.0,10.0,1.0,0.0,13.0,2.0,30.0
2021-06-19,11.0,10.0,33.0,0.0,73.0,41.0,2.0,18.0,5.0,0.0,0.0,8.0,1.0,18.0
2021-06-20,13.0,15.0,35.0,0.0,55.0,23.0,2.0,13.0,6.0,0.0,0.0,5.0,1.0,10.0
2021-06-21,42.0,36.0,130.0,0.0,82.0,72.0,2.0,16.0,10.0,0.0,0.0,13.0,0.0,28.0
2021-06-22,34.0,34.0,111.0,0.0,100.0,63.0,4.0,18.0,7.0,0.0,0.0,11.0,2.0,30.0
2021-06-23,36.0,39.0,114.0,0.0,91.0,70.0,1.0,18.0,16.0,0.0,0.0,17.0,1.0,37.0
2021-06-24,31.0,45.0,108.0,0.0,89.0,68.0,1.0,15.0,4.0,0.0,0.0,19.0,0.0,39.0
2021-06-25,30.0,30.0,95.0,0.0,91.0,51.0,2.0,14.0,8.0,1.0,0.0,13.0,1.0,32.0
2021-06-26,21.0,19.0,38.0,0.0,70.0,32.0,2.0,16.0,8.0,0.0,0.0,7.0,1.0,16.0
2021-06-27,21.0,21.0,38.0,0.0,51.0,31.0,0.0,14.0,5.0,0.0,0.0,4.0,0.0,12.0
2021-06-28,45.0,38.0,110.0,0.0,82.0,68.0,2.0,11.0,10.0,0.0,1.0,20.0,0.0,38.0
2021-06-29,48.0,38.0,107.0,0.0,83.0,63.0,5.0,16.0,9.0,0.0,0.0,14.0,2.0,33.0
2021-06-30,42.0,36.0,79.0,0.0,98.0,65.0,0.0,18.0,12.0,0.0,0.0,17.0,1.0,36.0
2021-07-01,42.0,34.0,100.0,0.0,83.0,69.0,0.0,13.0,6.0,1.0,0.0,16.0,0.0,29.0
2021-07-02,34.0,21.0,81.0,0.0,87.0,59.0,1.0,14.0,9.0,1.0,0.0,11.0,1.0,28.0
2021-07-03,25.0,8.0,22.0,0.0,57.0,50.0,1.0,22.0,5.0,1.0,0.0,11.0,0.0,16.0
2021-07-04,14.0,15.0,39.0,0.0,48.0,28.0,1.0,13.0,2.0,1.0,0.0,5.0,0.0,11.0
2021-07-05,41.0,36.0,132.0,0.0,83.0,64.0,3.0,15.0,20.0,0.0,0.0,17.0,0.0,25.0
2021-07-06,38.0,42.0,94.0,0.0,86.0,67.0,1.0,10.0,8.0,2.0,0.0,14.0,0.0,39.0
2021-07-07,35.0,37.0,105.0,0.0,93.0,61.0,1.0,15.0,13.0,1.0,0.0,18.0,0.0,33.0
2021-07-08,26.0,40.0,90.0,0.0,87.0,62.0,2.0,14.0,8.0,0.0,0.0,13.0,1.0,19.0
2021-07-09,29.0,31.0,85.0,0.0,86.0,47.0,0.0,17.0,8.0,3.0,0.0,16.0,0.0,28.0
2021-07-10,16.0,5.0,35.0,0.0,60.0,38.0,2.0,15.0,16.0,0.0,0.0,12.0,0.0,14.0
2021-07-11,19.0,21.0,39.0,0.0,60.0,31.0,1.0,11.0,7.0,0.0,0.0,2.0,0.0,12.0
2021-07-12,40.0,28.0,114.0,0.0,79.0,81.0,5.0,14.0,7.0,0.0,0.0,11.0,2.0,35.0
2021-07-13,30.0,50.0,95.0,0.0,77.0,71.0,1.0,10.0,11.0,4.0,0.0,14.0,0.0,29.0
2021-07-14,36.0,39.0,100.0,0.0,94.0,74.0,0.0,15.0,13.0,0.0,0.0,18.0,0.0,35.0
2021-07-15,31.0,33.0,91.0,0.0,79.0,57.0,2.0,10.0,4.0,1.0,0.0,10.0,0.0,30.0
2021-07-16,34.0,34.0,70.0,0.0,76.0,51.0,1.0,18.0,13.0,0.0,0.0,18.0,0.0,30.0
2021-07-17,20.0,7.0,20.0,0.0,57.0,39.0,2.0,11.0,3.0,1.0,0.0,7.0,0.0,12.0
2021-07-18,16.0,12.0,30.0,0.0,57.0,22.0,1.0,11.0,4.0,1.0,0.0,3.0,0.0,13.0
2021-07-19,51.0,23.0,104.0,0.0,82.0,100.0,5.0,14.0,15.0,0.0,0.0,13.0,0.0,18.0
2021-07-20,31.0,30.0,96.0,0.0,92.0,69.0,3.0,9.0,9.0,0.0,0.0,13.0,1.0,25.0
2021-07-21,35.0,33.0,82.0,0.0,94.0,68.0,3.0,13.0,10.0,0.0,0.0,9.0,0.0,25.0
2021-07-22,24.0,22.0,84.0,0.0,84.0,70.0,3.0,15.0,3.0,0.0,0.0,13.0,1.0,20.0
2021-07-23,32.0,19.0,76.0,0.0,87.0,54.0,6.0,15.0,10.0,0.0,0.0,8.0,0.0,21.0
2021-07-24,12.0,10.0,22.0,0.0,75.0,38.0,5.0,10.0,3.0,0.0,0.0,8.0,0.0,11.0
2021-07-25,14.0,14.0,33.0,0.0,50.0,31.0,4.0,17.0,5.0,0.0,0.0,4.0,0.0,13.0
2021-07-26,29.0,38.0,81.0,0.0,70.0,71.0,5.0,9.0,6.0,1.0,0.0,10.0,1.0,22.0
2021-07-27,26.0,23.0,71.0,0.0,64.0,66.0,5.0,15.0,9.0,0.0,0.0,8.0,0.0,21.0
2021-07-28,33.0,29.0,91.0,0.0,67.0,69.0,6.0,19.0,7.0,0.0,0.0,8.0,1.0,24.0
2021-07-29,43.0,28.0,68.0,0.0,89.0,57.0,3.0,11.0,11.0,1.0,0.0,10.0,1.0,12.0
2021-07-30,32.0,21.0,69.0,0.0,76.0,61.0,3.0,12.0,7.0,1.0,0.0,10.0,1.0,20.0
2021-07-31,17.0,17.0,32.0,0.0,71.0,30.0,6.0,9.0,4.0,1.0,0.0,13.0,1.0,19.0
2021-08-01,23.0,18.0,23.0,0.0,61.0,25.0,7.0,11.0,8.0,0.0,0.0,2.0,2.0,8.0
2021-08-02,40.0,15.0,75.0,0.0,75.0,41.0,3.0,11.0,4.0,0.0,0.0,9.0,1.0,20.0
2021-08-03,32.0,22.0,67.0,0.0,80.0,48.0,6.0,19.0,6.0,2.0,0.0,7.0,0.0,19.0
2021-08-04,30.0,21.0,71.0,0.0,69.0,53.0,7.0,11.0,5.0,5.0,0.0,13.0,2.0,26.0
2021-08-05,29.0,15.0,66.0,3.0,87.0,55.0,9.0,16.0,7.0,1.0,0.0,9.0,2.0,24.0
2021-08-06,28.0,17.0,61.0,1.0,69.0,55.0,8.0,9.0,6.0,1.0,0.0,9.0,1.0,24.0
2021-08-07,22.0,11.0,25.0,2.0,58.0,34.0,9.0,10.0,7.0,3.0,0.0,4.0,1.0,9.0
2021-08-08,22.0,15.0,30.0,0.0,46.0,28.0,7.0,11.0,7.0,1.0,0.0,3.0,0.0,10.0
2021-08-09,26.0,20.0,76.0,3.0,72.0,48.0,9.0,8.0,6.0,1.0,0.0,5.0,2.0,21.0
2021-08-10,32.0,26.0,76.0,2.0,79.0,41.0,9.0,9.0,3.0,2.0,0.0,11.0,2.0,25.0
2021-08-11,30.0,16.0,60.0,2.0,90.0,55.0,5.0,15.0,7.0,0.0,0.0,12.0,1.0,18.0
2021-08-12,24.0,21.0,58.0,4.0,72.0,42.0,7.0,6.0,6.0,3.0,0.0,15.0,0.0,20.0
2021-08-13,23.0,10.0,46.0,2.0,86.0,47.0,7.0,17.0,4.0,1.0,0.0,8.0,1.0,23.0
2021-08-14,21.0,3.0,23.0,1.0,63.0,29.0,16.0,12.0,3.0,0.0,0.0,5.0,1.0,3.0
2021-08-15,25.0,15.0,27.0,2.0,53.0,21.0,10.0,3.0,1.0,2.0,0.0,5.0,3.0,14.0
2021-08-16,22.0,22.0,71.0,3.0,75.0,47.0,13.0,12.0,13.0,0.0,0.0,10.0,2.0,22.0
2021-08-17,22.0,18.0,71.0,1.0,89.0,51.0,5.0,15.0,9.0,0.0,0.0,14.0,0.0,15.0
2021-08-18,23.0,18.0,71.0,1.0,84.0,44.0,11.0,13.0,7.0,0.0,0.0,9.0,2.0,21.0
2021-08-19,25.0,16.0,67.0,3.0,82.0,49.0,15.0,16.0,2.0,0.0,0.0,15.0,2.0,26.0
2021-08-20,19.0,12.0,53.0,2.0,89.0,57.0,6.0,13.0,5.0,2.0,0.0,11.0,2.0,17.0
2021-08-21,9.0,7.0,20.0,0.0,59.0,30.0,12.0,11.0,8.0,1.0,0.0,6.0,2.0,11.0
2021-08-22,14.0,14.0,33.0,0.0,54.0,26.0,5.0,11.0,4.0,1.0,0.0,6.0,0.0,4.0
2021-08-23,31.0,26.0,75.0,2.0,62.0,75.0,5.0,9.0,5.0,0.0,0.0,8.0,2.0,16.0
2021-08-24,33.0,28.0,73.0,5.0,84.0,54.0,10.0,19.0,7.0,2.0,0.0,5.0,1.0,20.0
2021-08-25,35.0,21.0,61.0,1.0,66.0,60.0,7.0,8.0,9.0,1.0,0.0,11.0,1.0,18.0
2021-08-26,24.0,27.0,58.0,3.0,82.0,54.0,12.0,11.0,9.0,1.0,0.0,9.0,2.0,23.0
2021-08-27,20.0,12.0,71.0,2.0,85.0,49.0,13.0,17.0,7.0,1.0,0.0,12.0,4.0,21.0
2021-08-28,25.0,10.0,28.0,4.0,57.0,38.0,11.0,9.0,10.0,3.0,0.0,8.0,2.0,20.0
2021-08-29,20.0,15.0,31.0,1.0,43.0,29.0,5.0,5.0,4.0,1.0,0.0,4.0,0.0,15.0
2021-08-30,26.0,12.0,90.0,1.0,61.0,67.0,12.0,21.0,8.0,0.0,0.0,14.0,1.0,15.0
2021-08-31,40.0,25.0,85.0,2.0,91.0,70.0,4.0,10.0,11.0,0.0,0.0,12.0,0.0,20.0
2021-09-01,34.0,22.0,65.0,3.0,74.0,55.0,6.0,15.0,6.0,1.0,0.0,12.0,1.0,23.0
2021-09-02,24.0,27.0,73.0,1.0,81.0,53.0,8.0,22.0,5.0,0.0,0.0,9.0,0.0,19.0
2021-09-03,30.0,15.0,82.0,1.0,86.0,61.0,5.0,10.0,4.0,0.0,0.0,11.0,2.0,24.0
2021-09-04,15.0,5.0,23.0,0.0,68.0,37.0,8.0,13.0,3.0,1.0,0.0,4.0,3.0,9.0
2021-09-05,12.0,22.0,29.0,0.0,40.0,28.0,5.0,16.0,6.0,1.0,0.0,6.0,0.0,8.0
2021-09-06,36.0,29.0,120.0,0.0,70.0,72.0,4.0,18.0,9.0,2.0,0.0,8.0,0.0,34.0
2021-09-07,38.0,31.0,97.0,0.0,104.0,68.0,9.0,14.0,9.0,5.0,0.0,12.0,0.0,29.0
2021-09-08,36.0,36.0,92.0,0.0,79.0,61.0,8.0,12.0,10.0,4.0,0.0,12.0,1.0,33.0
2021-09-09,44.0,44.0,85.0,0.0,82.0,63.0,6.0,7.0,9.0,3.0,0.0,16.0,0.0,34.0
2021-09-10,26.0,19.0,91.0,0.0,76.0,53.0,9.0,20.0,14.0,3.0,0.0,11.0,0.0,21.0
2021-09-11,24.0,20.0,32.0,0.0,69.0,45.0,7.0,9.0,6.0,7.0,0.0,4.0,1.0,9.0
2021-09-12,12.0,20.0,42.0,0.0,49.0,35.0,5.0,8.0,4.0,0.0,0.0,3.0,0.0,11.0
2021-09-13,49.0,36.0,115.0,0.0,70.0,70.0,9.0,9.0,16.0,2.0,0.0,12.0,2.0,25.0
2021-09-14,43.0,38.0,118.0,0.0,85.0,68.0,9.0,17.0,3.0,2.0,0.0,18.0,0.0,34.0
2021-09-15,37.0,38.0,107.0,0.0,96.0,69.0,4.0,14.0,13.0,0.0,0.0,16.0,0.0,31.0
2021-09-16,38.0,37.0,106.0,0.0,68.0,56.0,5.0,13.0,8.0,1.0,0.0,16.0,2.0,26.0
2021-09-17,33.0,19.0,101.0,0.0,85.0,63.0,8.0,12.0,6.0,1.0,0.0,17.0,1.0,32.0
2021-09-18,17.0,9.0,34.0,0.0,66.0,44.0,6.0,10.0,6.0,1.0,0.0,5.0,2.0,16.0
2021-09-19,19.0,22.0,34.0,0.0,55.0,27.0,5.0,14.0,3.0,3.0,0.0,7.0,0.0,9.0
2021-09-20,27.0,25.0,137.0,0.0,77.0,72.0,4.0,14.0,17.0,0.0,0.0,14.0,2.0,35.0
2021-09-21,39.0,40.0,111.0,0.0,77.0,69.0,8.0,19.0,8.0,0.0,0.0,18.0,1.0,33.0
2021-09-22,44.0,39.0,102.0,0.0,77.0,68.0,2.0,22.0,12.0,0.0,0.0,17.0,2.0,26.0
2021-09-23,27.0,30.0,116.0,0.0,95.0,73.0,7.0,12.0,8.0,3.0,0.0,14.0,1.0,39.0
2021-09-24,25.0,30.0,95.0,0.0,69.0,56.0,3.0,22.0,9.0,0.0,0.0,14.0,2.0,31.0
2021-09-25,27.0,15.0,34.0,0.0,66.0,34.0,3.0,16.0,5.0,2.0,0.0,11.0,1.0,14.0
2021-09-26,20.0,20.0,42.0,0.0,60.0,34.0,4.0,17.0,1.0,0.0,0.0,5.0,1.0,7.0
2021-09-27,58.0,24.0,145.0,0.0,88.0,80.0,3.0,9.0,15.0,1.0,0.0,13.0,0.0,32.0
2021-09-28,42.0,46.0,135.0,0.0,82.0,63.0,11.0,15.0,12.0,0.0,0.0,18.0,0.0,34.0
2021-09-29,36.0,43.0,111.0,0.0,96.0,75.0,3.0,16.0,14.0,0.0,0.0,16.0,1.0,28.0
2021-09-30,31.0,46.0,115.0,0.0,83.0,66.0,5.0,12.0,12.0,1.0,0.0,16.0,2.0,31.0
2021-10-01,37.0,27.0,99.0,0.0,84.0,53.0,3.0,15.0,11.0,1.0,0.0,15.0,2.0,29.0
2021-10-02,13.0,13.0,23.0,0.0,78.0,35.0,5.0,18.0,4.0,0.0,0.0,12.0,1.0,12.0
2021-10-03,21.0,9.0,20.0,0.0,55.0,27.0,6.0,12.0,4.0,1.0,0.0,11.0,0.0,14.0
2021-10-04,25.0,23.0,57.0,0.0,45.0,34.0,5.0,13.0,4.0,0.0,0.0,2.0,0.0,15.0
2021-10-05,45.0,51.0,121.0,0.0,65.0,69.0,6.0,17.0,13.0,0.0,0.0,12.0,0.0,35.0
2021-10-06,35.0,45.0,107.0,0.0,87.0,63.0,4.0,19.0,5.0,2.0,0.0,18.0,3.0,35.0
2021-10-07,39.0,38.0,123.0,0.0,85.0,75.0,7.0,13.0,11.0,0.0,0.0,17.0,0.0,28.0
2021-10-08,23.0,39.0,104.0,0.0,88.0,63.0,5.0,16.0,13.0,0.0,0.0,15.0,1.0,25.0
2021-10-09,22.0,15.0,36.0,0.0,69.0,36.0,10.0,14.0,4.0,2.0,0.0,7.0,1.0,15.0
2021-10-10,22.0,18.0,48.0,0.0,49.0,35.0,6.0,14.0,2.0,0.0,0.0,5.0,1.0,16.0
2021-10-11,41.0,34.0,141.0,0.0,77.0,89.0,8.0,8.0,14.0,1.0,0.0,18.0,1.0,37.0
2021-10-12,48.0,35.0,131.0,0.0,86.0,68.0,4.0,13.0,4.0,1.0,0.0,18.0,1.0,36.0
2021-10-13,33.0,39.0,126.0,0.0,92.0,58.0,6.0,11.0,14.0,1.0,0.0,14.0,0.0,41.0
2021-10-14,36.0,40.0,118.0,0.0,87.0,64.0,3.0,13.0,13.0,1.0,0.0,13.0,1.0,34.0
2021-10-15,29.0,30.0,82.0,0.0,94.0,54.0,8.0,13.0,14.0,1.0,0.0,18.0,1.0,25.0
2021-10-16,14.0,11.0,34.0,0.0,62.0,42.0,6.0,8.0,7.0,0.0,0.0,10.0,0.0,10.0
2021-10-17,29.0,14.0,39.0,0.0,49.0,32.0,4.0,14.0,4.0,0.0,0.0,7.0,1.0,9.0
2021-10-18,48.0,36.0,149.0,0.0,80.0,77.0,9.0,17.0,14.0,1.0,1.0,18.0,0.0,33.0
2021-10-19,63.0,42.0,118.0,0.0,88.0,70.0,10.0,18.0,10.0,0.0,0.0,13.0,0.0,33.0
2021-10-20,37.0,41.0,126.0,0.0,85.0,61.0,6.0,15.0,6.0,0.0,0.0,14.0,0.0,40.0
2021-10-21,66.0,42.0,118.0,0.0,105.0,74.0,5.0,17.0,11.0,2.0,0.0,18.0,0.0,30.0
2021-10-22,35.0,25.0,92.0,0.0,105.0,62.0,11.0,18.0,8.0,0.0,0.0,11.0,1.0,30.0
2021-10-23,23.0,13.0,39.0,0.0,68.0,47.0,4.0,16.0,7.0,1.0,0.0,11.0,3.0,16.0
2021-10-24,19.0,13.0,51.0,0.0,57.0,40.0,7.0,11.0,8.0,1.0,0.0,7.0,3.0,19.0
2021-10-25,47.0,45.0,135.0,0.0,65.0,89.0,6.0,14.0,16.0,0.0,0.0,12.0,1.0,38.0
2021-10-26,28.0,36.0,141.0,0.0,102.0,58.0,12.0,17.0,3.0,0.0,0.0,14.0,0.0,30.0
2021-10-27,32.0,42.0,101.0,0.0,96.0,70.0,14.0,14.0,13.0,0.0,0.0,14.0,1.0,35.0
2021-10-28,28.0,35.0,120.0,0.0,97.0,70.0,4.0,16.0,7.0,0.0,0.0,10.0,0.0,27.0
2021-10-29,41.0,29.0,103.0,0.0,83.0,61.0,6.0,9.0,8.0,3.0,0.0,17.0,2.0,35.0
2021-10-30,24.0,4.0,35.0,0.0,74.0,45.0,7.0,15.0,2.0,3.0,0.0,4.0,1.0,19.0
2021-10-31,21.0,10.0,25.0,0.0,56.0,34.0,6.0,12.0,9.0,0.0,0.0,8.0,2.0,9.0
2021-11-01,15.0,22.0,61.0,0.0,57.0,28.0,2.0,14.0,11.0,1.0,0.0,4.0,0.0,14.0
2021-11-02,47.0,45.0,113.0,0.0,65.0,81.0,6.0,22.0,16.0,1.0,0.0,10.0,1.0,34.0
2021-11-03,43.0,44.0,116.0,0.0,91.0,66.0,9.0,17.0,9.0,0.0,0.0,15.0,1.0,32.0
2021-11-04,48.0,36.0,124.0,0.0,69.0,75.0,11.0,16.0,17.0,2.0,0.0,16.0,0.0,34.0
2021-11-05,32.0,23.0,101.0,0.0,88.0,63.0,21.0,19.0,10.0,1.0,0.0,14.0,0.0,38.0
2021-11-06,13.0,11.0,53.0,0.0,66.0,51.0,3.0,10.0,6.0,1.0,0.0,14.0,1.0,18.0
2021-11-07,17.0,19.0,51.0,0.0,57.0,38.0,8.0,8.0,7.0,2.0,0.0,3.0,3.0,8.0
2021-11-08,42.0,35.0,133.0,0.0,84.0,71.0,5.0,13.0,16.0,1.0,0.0,14.0,2.0,36.0
2021-11-09,28.0,28.0,135.0,0.0,83.0,72.0,13.0,17.0,14.0,1.0,0.0,14.0,1.0,27.0
2021-11-10,48.0,41.0,128.0,0.0,87.0,70.0,15.0,18.0,11.0,2.0,0.0,19.0,2.0,35.0
2021-11-11,40.0,43.0,126.0,0.0,78.0,61.0,8.0,13.0,5.0,1.0,0.0,11.0,2.0,40.0
2021-11-12,33.0,34.0,98.0,0.0,88.0,70.0,18.0,12.0,14.0,0.0,0.0,16.0,1.0,31.0
2021-11-13,29.0,12.0,31.0,0.0,71.0,35.0,11.0,11.0,5.0,0.0,0.0,8.0,0.0,10.0
2021-11-14,13.0,20.0,39.0,0.0,44.0,29.0,13.0,17.0,7.0,1.0,0.0,3.0,2.0,10.0
2021-11-15,30.0,38.0,125.0,0.0,80.0,64.0,13.0,8.0,17.0,2.0,0.0,12.0,2.0,27.0
2021-11-16,46.0,40.0,128.0,0.0,86.0,77.0,11.0,14.0,10.0,1.0,0.0,18.0,3.0,37.0
2021-11-17,36.0,39.0,131.0,0.0,80.0,61.0,15.0,10.0,8.0,1.0,0.0,15.0,3.0,31.0
2021-11-18,40.0,40.0,130.0,0.0,89.0,69.0,13.0,16.0,6.0,0.0,0.0,12.0,1.0,34.0
2021-11-19,31.0,15.0,111.0,0.0,79.0,59.0,12.0,10.0,10.0,3.0,0.0,13.0,1.0,24.0
2021-11-20,33.0,11.0,40.0,0.0,67.0,43.0,13.0,14.0,10.0,1.0,0.0,7.0,1.0,19.0
2021-11-21,22.0,18.0,43.0,0.0,53.0,42.0,12.0,15.0,2.0,0.0,0.0,4.0,5.0,15.0
2021-11-22,61.0,38.0,140.0,0.0,74.0,78.0,11.0,16.0,12.0,0.0,0.0,13.0,3.0,32.0
2021-11-23,37.0,38.0,131.0,0.0,88.0,60.0,9.0,16.0,8.0,1.0,0.0,18.0,1.0,34.0
2021-11-24,33.0,47.0,125.0,0.0,83.0,69.0,25.0,8.0,10.0,4.0,0.0,13.0,3.0,28.0
2021-11-25,46.0,39.0,123.0,0.0,75.0,71.0,23.0,15.0,8.0,1.0,0.0,11.0,5.0,26.0
2021-11-26,31.0,21.0,96.0,0.0,98.0,71.0,24.0,12.0,9.0,2.0,0.0,13.0,3.0,33.0
2021-11-27,18.0,13.0,27.0,0.0,62.0,37.0,19.0,13.0,8.0,2.0,0.0,13.0,1.0,13.0
2021-11-28,16.0,22.0,44.0,0.0,62.0,30.0,17.0,8.0,3.0,3.0,0.0,4.0,2.0,20.0
2021-11-29,47.0,31.0,123.0,0.0,72.0,80.0,15.0,19.0,13.0,0.0,0.0,15.0,4.0,32.0
2021-11-30,44.0,47.0,124.0,0.0,69.0,82.0,17.0,13.0,13.0,1.0,0.0,13.0,1.0,34.0
2021-12-01,39.0,43.0,124.0,0.0,78.0,64.0,17.0,13.0,10.0,1.0,0.0,16.0,0.0,38.0
2021-12-02,54.0,33.0,108.0,0.0,64.0,83.0,17.0,13.0,12.0,1.0,0.0,10.0,6.0,29.0
2021-12-03,31.0,33.0,87.0,3.0,86.0,72.0,21.0,21.0,10.0,2.0,1.0,13.0,1.0,35.0
2021-12-04,18.0,7.0,36.0,4.0,80.0,40.0,20.0,16.0,2.0,4.0,0.0,9.0,1.0,10.0
2021-12-05,13.0,21.0,35.0,5.0,44.0,32.0,21.0,10.0,2.0,1.0,0.0,7.0,0.0,12.0
2021-12-06,36.0,35.0,122.0,6.0,55.0,73.0,18.0,12.0,15.0,0.0,0.0,15.0,3.0,34.0
2021-12-07,49.0,36.0,101.0,3.0,93.0,72.0,28.0,15.0,4.0,1.0,1.0,11.0,2.0,36.0
2021-12-08,15.0,21.0,44.0,4.0,60.0,37.0,20.0,9.0,5.0,1.0,0.0,4.0,2.0,17.0
2021-12-09,37.0,35.0,127.0,1.0,81.0,82.0,18.0,16.0,12.0,0.0,3.0,17.0,5.0,40.0
2021-12-10,36.0,30.0,110.0,0.0,87.0,55.0,23.0,9.0,10.0,1.0,2.0,14.0,3.0,30.0
2021-12-11,20.0,16.0,36.0,4.0,57.0,53.0,27.0,12.0,11.0,0.0,0.0,7.0,5.0,17.0
2021-12-12,11.0,17.0,45.0,4.0,45.0,35.0,16.0,12.0,11.0,1.0,1.0,4.0,1.0,11.0
2021-12-13,45.0,21.0,126.0,4.0,81.0,80.0,15.0,18.0,15.0,1.0,0.0,19.0,3.0,37.0
2021-12-14,30.0,30.0,121.0,2.0,82.0,69.0,30.0,17.0,10.0,1.0,1.0,12.0,5.0,31.0
2021-12-15,29.0,29.0,89.0,3.0,66.0,61.0,12.0,14.0,14.0,1.0,2.0,11.0,6.0,25.0
2021-12-16,32.0,35.0,106.0,2.0,84.0,67.0,17.0,18.0,8.0,1.0,3.0,15.0,1.0,33.0
2021-12-17,25.0,26.0,94.0,5.0,91.0,68.0,20.0,16.0,12.0,2.0,2.0,18.0,4.0,38.0
2021-12-18,17.0,4.0,32.0,3.0,81.0,52.0,24.0,10.0,3.0,1.0,7.0,12.0,1.0,16.0
2021-12-19,11.0,12.0,44.0,1.0,44.0,21.0,15.0,4.0,15.0,0.0,0.0,6.0,3.0,13.0
2021-12-20,41.0,21.0,118.0,1.0,68.0,82.0,19.0,9.0,14.0,3.0,6.0,11.0,4.0,21.0
2021-12-21,40.0,19.0,123.0,3.0,86.0,65.0,26.0,15.0,5.0,0.0,0.0,14.0,3.0,28.0
2021-12-22,35.0,23.0,88.0,5.0,105.0,70.0,16.0,13.0,9.0,2.0,2.0,13.0,2.0,30.0
2021-12-23,15.0,29.0,84.0,6.0,89.0,57.0,20.0,17.0,6.0,3.0,2.0,14.0,2.0,23.0
2021-12-24,20.0,16.0,40.0,3.0,79.0,53.0,17.0,14.0,2.0,1.0,0.0,8.0,3.0,26.0
2021-12-25,22.0,1.0,11.0,2.0,56.0,24.0,16.0,9.0,5.0,2.0,3.0,4.0,0.0,10.0
2021-12-26,19.0,9.0,37.0,2.0,58.0,35.0,18.0,4.0,2.0,1.0,6.0,3.0,1.0,14.0
2021-12-27,41.0,16.0,81.0,2.0,63.0,86.0,24.0,10.0,5.0,1.0,5.0,11.0,3.0,22.0
2021-12-28,34.0,20.0,94.0,2.0,79.0,61.0,22.0,8.0,8.0,2.0,3.0,15.0,1.0,15.0
2021-12-29,34.0,23.0,68.0,0.0,74.0,62.0,26.0,18.0,9.0,1.0,3.0,12.0,4.0,24.0
2021-12-30,30.0,7.0,78.0,3.0,91.0,55.0,30.0,17.0,7.0,4.0,3.0,12.0,3.0,19.0
2021-12-31,22.0,20.0,40.0,7.0,83.0,52.0,28.0,11.0,5.0,2.0,4.0,10.0,2.0,23.0
2022-01-01,27.0,7.0,21.0,4.0,57.0,30.0,25.0,10.0,4.0,0.0,1.0,3.0,0.0,12.0
2022-01-02,12.0,18.0,35.0,1.0,49.0,44.0,27.0,6.0,7.0,1.0,3.0,3.0,5.0,10.0
2022-01-03,31.0,10.0,92.0,1.0,74.0,78.0,28.0,11.0,6.0,2.0,7.0,11.0,4.0,18.0
2022-01-04,24.0,12.0,86.0,1.0,76.0,72.0,42.0,10.0,2.0,1.0,2.0,7.0,6.0,22.0
2022-01-05,33.0,18.0,59.0,3.0,78.0,58.0,34.0,15.0,7.0,1.0,4.0,12.0,1.0,20.0
2022-01-06,11.0,16.0,25.0,1.0,39.0,37.0,37.0,18.0,3.0,0.0,3.0,4.0,2.0,12.0
2022-01-07,25.0,16.0,49.0,3.0,71.0,51.0,34.0,15.0,5.0,0.0,7.0,11.0,2.0,22.0
2022-01-08,18.0,11.0,31.0,3.0,50.0,49.0,39.0,12.0,5.0,2.0,3.0,4.0,3.0,7.0
2022-01-09,19.0,10.0,31.0,2.0,39.0,35.0,35.0,18.0,5.0,1.0,6.0,5.0,1.0,11.0
2022-01-10,45.0,19.0,90.0,3.0,56.0,76.0,38.0,14.0,7.0,1.0,4.0,10.0,1.0,20.0
2022-01-11,38.0,27.0,90.0,2.0,75.0,51.0,35.0,17.0,7.0,0.0,7.0,8.0,1.0,26.0
2022-01-12,31.0,21.0,76.0,5.0,64.0,67.0,37.0,16.0,9.0,0.0,2.0,14.0,4.0,16.0
2022-01-13,36.0,27.0,81.0,3.0,73.0,65.0,37.0,11.0,9.0,1.0,3.0,8.0,0.0,23.0
2022-01-14,22.0,18.0,61.0,4.0,89.0,54.0,28.0,10.0,7.0,1.0,4.0,12.0,4.0,16.0
2022-01-15,17.0,17.0,31.0,4.0,73.0,42.0,33.0,9.0,4.0,0.0,4.0,7.0,2.0,11.0
2022-01-16,11.0,9.0,26.0,0.0,46.0,27.0,31.0,12.0,5.0,0.0,2.0,5.0,0.0,9.0
2022-01-17,28.0,21.0,78.0,2.0,74.0,63.0,30.0,13.0,9.0,1.0,5.0,11.0,7.0,23.0
2022-01-18,41.0,26.0,91.0,4.0,71.0,46.0,23.0,17.0,7.0,1.0,7.0,12.0,3.0,33.0
2022-01-19,35.0,26.0,89.0,3.0,70.0,62.0,32.0,8.0,10.0,0.0,3.0,14.0,3.0,23.0
2022-01-20,41.0,33.0,93.0,3.0,69.0,59.0,30.0,14.0,7.0,3.0,3.0,13.0,4.0,22.0
2022-01-21,25.0,24.0,59.0,19.0,82.0,45.0,37.0,18.0,9.0,0.0,3.0,11.0,0.0,31.0
2022-01-22,21.0,13.0,26.0,3.0,65.0,55.0,27.0,18.0,9.0,1.0,7.0,8.0,3.0,19.0
2022-01-23,13.0,19.0,39.0,1.0,53.0,31.0,29.0,8.0,5.0,0.0,3.0,2.0,4.0,10.0
2022-01-24,42.0,26.0,87.0,4.0,58.0,73.0,30.0,8.0,12.0,1.0,9.0,16.0,3.0,22.0
2022-01-25,28.0,27.0,89.0,6.0,90.0,69.0,39.0,11.0,5.0,1.0,1.0,9.0,3.0,24.0
2022-01-26,25.0,20.0,85.0,6.0,67.0,65.0,31.0,15.0,12.0,0.0,8.0,14.0,3.0,22.0
2022-01-27,35.0,31.0,93.0,4.0,59.0,58.0,37.0,13.0,4.0,1.0,2.0,10.0,1.0,20.0
2022-01-28,19.0,16.0,57.0,5.0,70.0,55.0,34.0,17.0,11.0,0.0,2.0,11.0,3.0,35.0
2022-01-29,14.0,9.0,32.0,5.0,62.0,32.0,34.0,10.0,6.0,0.0,3.0,6.0,2.0,11.0
2022-01-30,16.0,14.0,50.0,0.0,60.0,21.0,23.0,11.0,2.0,0.0,5.0,6.0,1.0,9.0
2022-01-31,32.0,35.0,106.0,5.0,62.0,77.0,32.0,10.0,11.0,1.0,2.0,10.0,7.0,25.0
2022-02-01,27.0,25.0,99.0,5.0,69.0,64.0,31.0,17.0,6.0,1.0,5.0,13.0,4.0,21.0
2022-02-02,31.0,33.0,93.0,6.0,76.0,68.0,18.0,11.0,9.0,1.0,2.0,17.0,2.0,31.0
2022-02-03,39.0,32.0,106.0,8.0,68.0,68.0,30.0,9.0,4.0,0.0,1.0,14.0,1.0,32.0
2022-02-04,26.0,25.0,75.0,6.0,73.0,60.0,25.0,15.0,9.0,1.0,0.0,14.0,3.0,27.0
2022-02-05,14.0,7.0,29.0,3.0,52.0,54.0,22.0,14.0,4.0,1.0,1.0,6.0,1.0,10.0
2022-02-06,24.0,17.0,38.0,2.0,45.0,25.0,14.0,13.0,6.0,0.0,0.0,4.0,0.0,7.0
2022-02-07,40.0,29.0,108.0,3.0,69.0,79.0,28.0,11.0,10.0,2.0,4.0,14.0,2.0,28.0
2022-02-08,42.0,23.0,98.0,3.0,62.0,55.0,23.0,20.0,6.0,0.0,4.0,11.0,1.0,27.0
2022-02-09,23.0,26.0,89.0,3.0,89.0,75.0,28.0,15.0,11.0,1.0,0.0,15.0,2.0,27.0
2022-02-10,28.0,35.0,110.0,3.0,79.0,78.0,26.0,14.0,12.0,1.0,0.0,16.0,3.0,34.0
2022-02-11,28.0,18.0,78.0,2.0,88.0,52.0,18.0,17.0,12.0,2.0,1.0,16.0,2.0,30.0
2022-02-12,22.0,10.0,28.0,1.0,50.0,33.0,27.0,14.0,5.0,1.0,2.0,11.0,2.0,11.0
2022-02-13,14.0,14.0,36.0,3.0,55.0,25.0,22.0,12.0,5.0,1.0,5.0,6.0,1.0,7.0
2022-02-14,25.0,35.0,114.0,5.0,68.0,67.0,16.0,12.0,13.0,1.0,2.0,12.0,3.0,29.0
2022-02-15,29.0,31.0,113.0,2.0,70.0,57.0,23.0,22.0,5.0,3.0,0.0,12.0,2.0,23.0
2022-02-16,32.0,27.0,109.0,2.0,79.0,67.0,16.0,16.0,11.0,0.0,1.0,16.0,2.0,33.0
2022-02-17,40.0,31.0,114.0,1.0,71.0,60.0,15.0,17.0,17.0,0.0,5.0,15.0,1.0,38.0
2022-02-18,20.0,18.0,78.0,3.0,69.0,52.0,14.0,14.0,12.0,1.0,2.0,14.0,1.0,32.0
2022-02-19,13.0,8.0,30.0,1.0,63.0,42.0,14.0,9.0,6.0,0.0,0.0,10.0,1.0,13.0
2022-02-20,18.0,15.0,37.0,0.0,55.0,33.0,13.0,11.0,3.0,3.0,0.0,6.0,0.0,13.0
2022-02-21,31.0,44.0,120.0,0.0,76.0,71.0,15.0,17.0,11.0,0.0,1.0,12.0,8.0,29.0
2022-02-22,41.0,35.0,122.0,0.0,80.0,70.0,17.0,15.0,9.0,1.0,1.0,16.0,2.0,34.0
2022-02-23,27.0,35.0,109.0,1.0,84.0,68.0,13.0,15.0,9.0,2.0,1.0,14.0,1.0,21.0
2022-02-24,42.0,42.0,105.0,1.0,76.0,66.0,27.0,16.0,8.0,1.0,1.0,13.0,1.0,28.0
2022-02-25,23.0,27.0,93.0,1.0,80.0,57.0,5.0,16.0,10.0,1.0,0.0,17.0,0.0,23.0
2022-02-26,34.0,11.0,35.0,0.0,63.0,42.0,8.0,20.0,10.0,0.0,0.0,6.0,0.0,8.0
2022-02-27,14.0,16.0,43.0,0.0,48.0,22.0,8.0,11.0,4.0,1.0,0.0,4.0,1.0,11.0
2022-02-28,49.0,38.0,114.0,1.0,72.0,77.0,11.0,15.0,16.0,0.0,0.0,11.0,1.0,29.0
2022-03-01,42.0,31.0,118.0,1.0,85.0,67.0,15.0,20.0,10.0,0.0,1.0,14.0,0.0,29.0
2022-03-02,25.0,44.0,131.0,1.0,77.0,71.0,6.0,12.0,7.0,0.0,0.0,22.0,0.0,46.0
2022-03-03,40.0,35.0,114.0,0.0,81.0,64.0,13.0,8.0,11.0,2.0,0.0,10.0,0.0,32.0
2022-03-04,33.0,24.0,84.0,0.0,79.0,62.0,10.0,13.0,6.0,1.0,0.0,16.0,0.0,32.0
2022-03-05,17.0,12.0,27.0,2.0,62.0,40.0,9.0,11.0,6.0,0.0,0.0,8.0,0.0,17.0
2022-03-06,13.0,14.0,28.0,2.0,49.0,26.0,7.0,10.0,3.0,0.0,0.0,4.0,1.0,10.0
2022-03-07,51.0,36.0,124.0,0.0,75.0,86.0,12.0,14.0,15.0,1.0,0.0,14.0,1.0,26.0
2022-03-08,40.0,48.0,112.0,0.0,74.0,55.0,11.0,14.0,6.0,0.0,0.0,17.0,1.0,36.0
2022-03-09,32.0,48.0,128.0,0.0,80.0,77.0,10.0,10.0,12.0,0.0,0.0,17.0,3.0,28.0
2022-03-10,37.0,40.0,123.0,0.0,89.0,83.0,15.0,17.0,8.0,3.0,0.0,16.0,1.0,37.0
2022-03-11,27.0,26.0,87.0,1.0,73.0,52.0,10.0,17.0,13.0,0.0,0.0,15.0,3.0,33.0
2022-03-12,16.0,11.0,33.0,1.0,73.0,42.0,9.0,14.0,10.0,0.0,0.0,4.0,1.0,15.0
2022-03-13,20.0,21.0,41.0,0.0,55.0,38.0,11.0,13.0,2.0,1.0,0.0,5.0,1.0,16.0
2022-03-14,50.0,41.0,118.0,0.0,67.0,71.0,10.0,11.0,20.0,0.0,5.0,17.0,0.0,30.0
2022-03-15,50.0,37.0,130.0,1.0,85.0,60.0,21.0,12.0,8.0,1.0,0.0,16.0,0.0,36.0
2022-03-16,40.0,40.0,120.0,3.0,71.0,80.0,3.0,13.0,6.0,0.0,0.0,16.0,1.0,35.0
2022-03-17,46.0,36.0,111.0,3.0,71.0,75.0,8.0,16.0,5.0,0.0,0.0,15.0,0.0,31.0
2022-03-18,35.0,34.0,95.0,1.0,83.0,58.0,11.0,12.0,15.0,1.0,0.0,14.0,1.0,29.0
2022-03-19,12.0,6.0,34.0,1.0,69.0,37.0,11.0,12.0,3.0,0.0,0.0,7.0,0.0,16.0
2022-03-20,10.0,29.0,44.0,2.0,48.0,30.0,5.0,14.0,4.0,0.0,0.0,5.0,1.0,14.0
2022-03-21,46.0,40.0,128.0,0.0,78.0,77.0,14.0,14.0,9.0,1.0,0.0,14.0,1.0,32.0
2022-03-22,40.0,39.0,128.0,0.0,81.0,63.0,11.0,13.0,11.0,0.0,2.0,12.0,2.0,35.0
2022-03-23,27.0,45.0,115.0,0.0,72.0,66.0,16.0,16.0,5.0,0.0,3.0,11.0,2.0,35.0
2022-03-24,42.0,44.0,107.0,2.0,70.0,75.0,11.0,15.0,8.0,0.0,1.0,16.0,0.0,35.0
2022-03-25,26.0,32.0,90.0,1.0,86.0,64.0,15.0,11.0,11.0,1.0,1.0,19.0,0.0,36.0
2022-03-26,25.0,13.0,38.0,2.0,66.0,49.0,18.0,9.0,6.0,0.0,1.0,9.0,0.0,15.0
2022-03-27,23.0,13.0,32.0,0.0,48.0,15.0,13.0,13.0,10.0,0.0,1.0,7.0,1.0,15.0
2022-03-28,45.0,40.0,121.0,1.0,66.0,61.0,8.0,16.0,16.0,0.0,0.0,15.0,0.0,28.0
2022-03-29,40.0,45.0,126.0,2.0,81.0,67.0,18.0,9.0,3.0,1.0,1.0,19.0,1.0,37.0
2022-03-30,40.0,32.0,115.0,1.0,71.0,78.0,15.0,22.0,8.0,0.0,0.0,14.0,2.0,28.0
2022-03-31,37.0,34.0,115.0,0.0,102.0,54.0,17.0,23.0,9.0,0.0,0.0,10.0,0.0,33.0
2022-04-01,27.0,29.0,95.0,0.0,73.0,51.0,12.0,16.0,16.0,1.0,0.0,16.0,2.0,24.0
2022-04-02,17.0,4.0,32.0,1.0,55.0,28.0,12.0,16.0,5.0,0.0,2.0,6.0,1.0,12.0
2022-04-03,7.0,17.0,46.0,0.0,48.0,23.0,16.0,11.0,6.0,0.0,1.0,5.0,2.0,13.0
2022-04-04,51.0,41.0,121.0,2.0,65.0,90.0,10.0,19.0,21.0,0.0,0.0,17.0,1.0,33.0
2022-04-05,48.0,47.0,109.0,1.0,81.0,54.0,17.0,12.0,4.0,0.0,0.0,14.0,3.0,40.0
2022-04-06,34.0,30.0,130.0,2.0,73.0,57.0,6.0,20.0,10.0,0.0,1.0,15.0,0.0,26.0
2022-04-07,36.0,38.0,108.0,1.0,77.0,78.0,11.0,15.0,10.0,0.0,0.0,13.0,1.0,34.0
2022-04-08,23.0,21.0,83.0,4.0,66.0,54.0,11.0,14.0,12.0,2.0,0.0,18.0,1.0,23.0
2022-04-09,17.0,5.0,38.0,1.0,58.0,37.0,9.0,20.0,6.0,1.0,0.0,10.0,1.0,16.0
2022-04-10,14.0,18.0,46.0,2.0,44.0,41.0,8.0,16.0,10.0,0.0,0.0,5.0,3.0,17.0
2022-04-11,47.0,40.0,112.0,0.0,73.0,70.0,14.0,15.0,17.0,0.0,0.0,17.0,2.0,32.0
2022-04-12,49.0,45.0,117.0,1.0,84.0,57.0,9.0,19.0,9.0,0.0,0.0,15.0,1.0,35.0
2022-04-13,30.0,39.0,142.0,1.0,77.0,74.0,17.0,14.0,10.0,0.0,0.0,19.0,0.0,35.0
2022-04-14,31.0,38.0,128.0,1.0,77.0,66.0,14.0,19.0,6.0,0.0,2.0,16.0,2.0,32.0
2022-04-15,29.0,16.0,80.0,0.0,75.0,55.0,12.0,14.0,8.0,0.0,0.0,14.0,1.0,33.0
2022-04-16,20.0,10.0,19.0,2.0,59.0,30.0,12.0,16.0,7.0,1.0,1.0,6.0,0.0,18.0
2022-04-17,14.0,7.0,24.0,1.0,58.0,23.0,13.0,21.0,3.0,0.0,0.0,9.0,1.0,11.0
2022-04-18,27.0,22.0,40.0,0.0,57.0,24.0,6.0,11.0,17.0,0.0,1.0,3.0,0.0,7.0
2022-04-19,33.0,37.0,119.0,0.0,67.0,75.0,12.0,14.0,10.0,0.0,0.0,16.0,1.0,35.0
2022-04-20,30.0,48.0,127.0,4.0,78.0,78.0,12.0,17.0,14.0,1.0,0.0,10.0,0.0,32.0
2022-04-21,38.0,33.0,118.0,3.0,69.0,67.0,21.0,17.0,8.0,0.0,3.0,11.0,2.0,30.0
2022-04-22,22.0,36.0,96.0,2.0,93.0,59.0,11.0,13.0,15.0,0.0,0.0,15.0,2.0,37.0
2022-04-23,17.0,14.0,41.0,0.0,55.0,30.0,11.0,20.0,9.0,1.0,0.0,4.0,2.0,12.0
2022-04-24,9.0,8.0,26.0,0.0,55.0,32.0,8.0,11.0,4.0,0.0,0.0,7.0,1.0,13.0
2022-04-25,8.0,26.0,43.0,2.0,50.0,28.0,11.0,10.0,6.0,1.0,0.0,3.0,1.0,17.0
2022-04-26,33.0,40.0,107.0,0.0,73.0,66.0,8.0,9.0,13.0,0.0,0.0,17.0,0.0,36.0
2022-04-27,24.0,46.0,135.0,2.0,76.0,62.0,15.0,21.0,9.0,0.0,0.0,14.0,0.0,32.0
2022-04-28,35.0,43.0,120.0,0.0,82.0,64.0,6.0,19.0,9.0,0.0,0.0,11.0,0.0,28.0
2022-04-29,38.0,32.0,86.0,1.0,88.0,57.0,10.0,15.0,9.0,0.0,0.0,18.0,0.0,38.0
2022-04-30,12.0,12.0,33.0,0.0,49.0,40.0,10.0,15.0,9.0,0.0,0.0,8.0,0.0,18.0
2022-05-01,6.0,29.0,49.0,1.0,42.0,27.0,3.0,17.0,4.0,0.0,0.0,3.0,0.0,10.0
2022-05-02,45.0,46.0,108.0,0.0,62.0,88.0,13.0,17.0,18.0,0.0,0.0,11.0,0.0,32.0
2022-05-03,37.0,43.0,118.0,1.0,83.0,75.0,12.0,18.0,11.0,0.0,0.0,13.0,3.0,39.0
2022-05-04,42.0,38.0,118.0,0.0,92.0,78.0,11.0,18.0,15.0,0.0,1.0,10.0,0.0,39.0
2022-05-05,34.0,39.0,109.0,0.0,86.0,68.0,13.0,14.0,6.0,0.0,1.0,14.0,0.0,35.0
2022-05-06,22.0,28.0,94.0,0.0,78.0,53.0,7.0,17.0,14.0,2.0,1.0,14.0,0.0,27.0
2022-05-07,12.0,5.0,39.0,0.0,52.0,40.0,9.0,15.0,5.0,1.0,1.0,9.0,1.0,18.0
2022-05-08,16.0,15.0,41.0,0.0,50.0,28.0,4.0,14.0,3.0,0.0,0.0,3.0,0.0,9.0
2022-05-09,38.0,57.0,112.0,0.0,78.0,77.0,10.0,17.0,17.0,1.0,0.0,17.0,2.0,33.0
2022-05-10,36.0,49.0,109.0,0.0,72.0,63.0,10.0,15.0,5.0,0.0,0.0,18.0,0.0,46.0
2022-05-11,30.0,42.0,113.0,0.0,94.0,67.0,12.0,15.0,9.0,0.0,0.0,15.0,1.0,38.0
2022-05-12,36.0,46.0,118.0,1.0,79.0,68.0,9.0,15.0,9.0,0.0,1.0,12.0,0.0,32.0
2022-05-13,34.0,28.0,109.0,0.0,78.0,55.0,8.0,13.0,12.0,0.0,1.0,19.0,0.0,37.0
2022-05-14,20.0,6.0,25.0,0.0,53.0,32.0,8.0,18.0,5.0,0.0,0.0,6.0,0.0,13.0
2022-05-15,14.0,20.0,38.0,0.0,55.0,25.0,3.0,12.0,3.0,0.0,2.0,5.0,1.0,10.0
2022-05-16,48.0,49.0,134.0,0.0,71.0,84.0,8.0,14.0,16.0,0.0,0.0,15.0,2.0,26.0
2022-05-17,48.0,48.0,114.0,0.0,76.0,71.0,13.0,9.0,14.0,0.0,1.0,16.0,1.0,41.0
2022-05-18,23.0,41.0,119.0,0.0,74.0,71.0,10.0,13.0,7.0,0.0,0.0,17.0,0.0,36.0
2022-05-19,33.0,44.0,110.0,0.0,74.0,58.0,6.0,15.0,9.0,0.0,1.0,9.0,0.0,33.0
2022-05-20,19.0,31.0,112.0,0.0,77.0,69.0,7.0,16.0,8.0,0.0,0.0,22.0,1.0,44.0
2022-05-21,20.0,12.0,32.0,0.0,68.0,35.0,7.0,22.0,6.0,0.0,0.0,10.0,1.0,16.0
2022-05-22,8.0,16.0,43.0,0.0,50.0,27.0,4.0,11.0,9.0,0.0,0.0,6.0,0.0,13.0
2022-05-23,41.0,47.0,114.0,0.0,80.0,75.0,4.0,16.0,20.0,0.0,0.0,15.0,0.0,35.0
2022-05-24,42.0,46.0,140.0,0.0,85.0,71.0,8.0,18.0,12.0,0.0,0.0,15.0,1.0,37.0
2022-05-25,40.0,40.0,119.0,0.0,75.0,86.0,6.0,13.0,7.0,0.0,0.0,15.0,0.0,43.0
2022-05-26,43.0,40.0,109.0,0.0,85.0,69.0,10.0,16.0,15.0,0.0,0.0,14.0,1.0,29.0
2022-05-27,26.0,30.0,100.0,0.0,84.0,52.0,4.0,10.0,15.0,0.0,0.0,19.0,1.0,33.0
2022-05-28,24.0,6.0,25.0,0.0,77.0,39.0,6.0,18.0,3.0,0.0,0.0,9.0,1.0,12.0
2022-05-29,16.0,15.0,38.0,0.0,48.0,32.0,7.0,11.0,4.0,0.0,0.0,4.0,0.0,10.0
2022-05-30,38.0,48.0,123.0,0.0,70.0,84.0,6.0,17.0,15.0,1.0,0.0,11.0,0.0,29.0
2022-05-31,51.0,40.0,133.0,0.0,79.0,61.0,7.0,13.0,7.0,0.0,0.0,15.0,0.0,33.0
2022-06-01,33.0,39.0,115.0,0.0,95.0,64.0,3.0,12.0,8.0,0.0,0.0,13.0,1.0,29.0
2022-06-02,20.0,24.0,43.0,0.0,63.0,33.0,6.0,16.0,7.0,0.0,0.0,7.0,0.0,17.0
2022-06-03,23.0,35.0,100.0,0.0,88.0,64.0,5.0,18.0,14.0,1.0,0.0,16.0,0.0,32.0
2022-06-04,18.0,10.0,35.0,0.0,60.0,38.0,8.0,14.0,3.0,2.0,0.0,13.0,1.0,15.0
2022-06-05,11.0,14.0,41.0,0.0,47.0,36.0,3.0,14.0,6.0,0.0,0.0,2.0,0.0,18.0
2022-06-06,49.0,56.0,114.0,0.0,82.0,72.0,7.0,18.0,18.0,0.0,0.0,14.0,1.0,36.0
2022-06-07,46.0,48.0,119.0,0.0,84.0,63.0,6.0,7.0,11.0,0.0,0.0,15.0,2.0,27.0
2022-06-08,28.0,37.0,113.0,0.0,76.0,73.0,8.0,19.0,8.0,0.0,0.0,13.0,0.0,37.0
2022-06-09,49.0,39.0,108.0,0.0,78.0,44.0,2.0,15.0,10.0,0.0,0.0,17.0,0.0,39.0
2022-06-10,31.0,27.0,109.0,0.0,85.0,57.0,7.0,13.0,9.0,0.0,0.0,17.0,0.0,29.0
2022-06-11,14.0,7.0,27.0,0.0,62.0,39.0,3.0,11.0,6.0,0.0,0.0,7.0,1.0,10.0
2022-06-12,11.0,18.0,30.0,0.0,51.0,26.0,11.0,15.0,6.0,0.0,0.0,4.0,1.0,11.0
2022-06-13,40.0,47.0,121.0,0.0,70.0,76.0,4.0,19.0,20.0,0.0,0.0,19.0,2.0,34.0
2022-06-14,36.0,46.0,129.0,0.0,81.0,67.0,4.0,10.0,8.0,0.0,0.0,13.0,1.0,34.0
2022-06-15,45.0,41.0,106.0,0.0,91.0,72.0,4.0,16.0,12.0,0.0,0.0,12.0,1.0,44.0
2022-06-16,42.0,44.0,128.0,0.0,75.0,54.0,7.0,10.0,12.0,0.0,0.0,14.0,0.0,42.0
2022-06-17,25.0,24.0,100.0,0.0,78.0,55.0,10.0,11.0,13.0,0.0,0.0,14.0,1.0,31.0
2022-06-18,19.0,14.0,44.0,0.0,77.0,36.0,5.0,16.0,7.0,0.0,0.0,6.0,1.0,14.0
2022-06-19,18.0,18.0,41.0,0.0,53.0,33.0,3.0,14.0,5.0,1.0,0.0,4.0,0.0,17.0
2022-06-20,50.0,49.0,124.0,0.0,70.0,85.0,4.0,17.0,11.0,0.0,0.0,16.0,1.0,36.0
2022-06-21,44.0,44.0,120.0,0.0,82.0,58.0,5.0,22.0,11.0,1.0,0.0,13.0,0.0,35.0
2022-06-22,42.0,42.0,122.0,0.0,79.0,69.0,5.0,15.0,8.0,0.0,0.0,12.0,5.0,35.0
2022-06-23,47.0,37.0,121.0,0.0,87.0,56.0,5.0,12.0,6.0,0.0,0.0,14.0,2.0,40.0
2022-06-24,28.0,35.0,99.0,0.0,91.0,50.0,4.0,13.0,11.0,0.0,0.0,13.0,0.0,26.0
2022-06-25,15.0,5.0,23.0,0.0,76.0,45.0,4.0,9.0,10.0,0.0,0.0,6.0,0.0,15.0
2022-06-26,13.0,13.0,36.0,0.0,64.0,26.0,5.0,16.0,10.0,0.0,0.0,7.0,1.0,11.0
2022-06-27,38.0,42.0,106.0,0.0,77.0,66.0,5.0,12.0,24.0,0.0,0.0,8.0,2.0,33.0
2022-06-28,35.0,54.0,134.0,0.0,89.0,53.0,8.0,10.0,6.0,0.0,0.0,18.0,3.0,32.0
2022-06-29,35.0,41.0,97.0,0.0,86.0,66.0,6.0,11.0,9.0,0.0,0.0,11.0,0.0,34.0
2022-06-30,44.0,44.0,121.0,0.0,73.0,74.0,2.0,10.0,6.0,0.0,0.0,17.0,1.0,36.0
2022-07-01,22.0,40.0,95.0,0.0,79.0,61.0,1.0,16.0,9.0,0.0,0.0,13.0,2.0,33.0
2022-07-02,16.0,12.0,37.0,0.0,63.0,36.0,2.0,18.0,3.0,0.0,1.0,6.0,0.0,14.0
2022-07-03,21.0,15.0,40.0,0.0,58.0,26.0,3.0,12.0,4.0,1.0,0.0,9.0,1.0,16.0
2022-07-04,45.0,50.0,109.0,0.0,83.0,79.0,4.0,13.0,12.0,1.0,0.0,10.0,0.0,38.0
2022-07-05,48.0,48.0,109.0,0.0,76.0,59.0,3.0,16.0,9.0,0.0,0.0,8.0,2.0,31.0
2022-07-06,24.0,45.0,103.0,0.0,86.0,60.0,5.0,16.0,14.0,0.0,0.0,12.0,4.0,30.0
2022-07-07,51.0,37.0,113.0,0.0,83.0,55.0,10.0,10.0,5.0,0.0,0.0,13.0,0.0,28.0
2022-07-08,25.0,27.0,87.0,0.0,91.0,51.0,21.0,20.0,12.0,0.0,8.0,15.0,0.0,27.0
2022-07-09,21.0,21.0,28.0,0.0,67.0,26.0,5.0,11.0,8.0,0.0,0.0,9.0,1.0,15.0
2022-07-10,17.0,15.0,32.0,0.0,31.0,29.0,5.0,9.0,9.0,1.0,1.0,9.0,2.0,13.0
2022-07-11,33.0,33.0,109.0,0.0,62.0,64.0,7.0,14.0,14.0,0.0,0.0,11.0,0.0,35.0
2022-07-12,30.0,44.0,97.0,0.0,81.0,69.0,4.0,14.0,12.0,0.0,1.0,17.0,1.0,34.0
2022-07-13,32.0,31.0,92.0,0.0,69.0,54.0,27.0,10.0,10.0,0.0,3.0,11.0,2.0,28.0
2022-07-14,25.0,27.0,100.0,0.0,74.0,60.0,15.0,14.0,5.0,0.0,1.0,10.0,1.0,31.0
2022-07-15,19.0,23.0,93.0,0.0,74.0,53.0,16.0,15.0,11.0,0.0,0.0,15.0,2.0,36.0
2022-07-16,14.0,6.0,27.0,0.0,54.0,38.0,9.0,20.0,3.0,0.0,0.0,10.0,0.0,13.0
2022-07-17,10.0,15.0,32.0,0.0,54.0,21.0,8.0,9.0,5.0,0.0,0.0,4.0,2.0,13.0
2022-07-18,37.0,29.0,83.0,0.0,68.0,67.0,11.0,13.0,14.0,0.0,1.0,11.0,2.0,29.0
2022-07-19,31.0,28.0,82.0,0.0,89.0,58.0,12.0,20.0,5.0,0.0,1.0,15.0,0.0,24.0
2022-07-20,26.0,37.0,106.0,0.0,83.0,58.0,8.0,8.0,9.0,0.0,1.0,14.0,1.0,33.0
2022-07-21,32.0,38.0,79.0,0.0,75.0,67.0,7.0,8.0,5.0,0.0,1.0,17.0,0.0,25.0
2022-07-22,20.0,21.0,67.0,0.0,82.0,49.0,10.0,13.0,8.0,1.0,1.0,14.0,1.0,27.0
2022-07-23,29.0,17.0,32.0,0.0,71.0,31.0,4.0,19.0,0.0,0.0,1.0,6.0,1.0,14.0
2022-07-24,11.0,23.0,31.0,0.0,57.0,30.0,10.0,11.0,8.0,0.0,0.0,6.0,2.0,9.0
2022-07-25,42.0,24.0,77.0,0.0,66.0,71.0,12.0,9.0,7.0,0.0,0.0,12.0,0.0,22.0
2022-07-26,35.0,27.0,79.0,0.0,99.0,56.0,14.0,15.0,7.0,1.0,1.0,12.0,1.0,19.0
2022-07-27,25.0,32.0,70.0,0.0,91.0,61.0,11.0,15.0,7.0,0.0,0.0,9.0,2.0,19.0
2022-07-28,42.0,22.0,65.0,0.0,77.0,45.0,10.0,12.0,8.0,0.0,0.0,12.0,0.0,25.0
2022-07-29,29.0,17.0,64.0,0.0,79.0,34.0,7.0,15.0,4.0,0.0,1.0,9.0,1.0,19.0
2022-07-30,21.0,13.0,19.0,0.0,68.0,25.0,6.0,12.0,6.0,0.0,0.0,3.0,1.0,9.0
2022-07-31,20.0,18.0,25.0,0.0,29.0,23.0,10.0,12.0,5.0,0.0,0.0,4.0,0.0,13.0
2022-08-01,26.0,23.0,72.0,0.0,63.0,35.0,9.0,11.0,9.0,0.0,0.0,10.0,2.0,24.0
2022-08-02,25.0,17.0,71.0,0.0,78.0,40.0,9.0,15.0,9.0,0.0,0.0,12.0,2.0,25.0
2022-08-03,21.0,22.0,56.0,0.0,75.0,62.0,8.0,12.0,8.0,0.0,0.0,12.0,1.0,32.0
2022-08-04,32.0,21.0,74.0,0.0,79.0,56.0,7.0,16.0,6.0,0.0,0.0,12.0,1.0,20.0
2022-08-05,31.0,17.0,68.0,0.0,82.0,51.0,7.0,14.0,6.0,0.0,0.0,11.0,1.0,27.0
2022-08-06,20.0,12.0,20.0,0.0,63.0,36.0,5.0,9.0,2.0,0.0,1.0,3.0,1.0,10.0
2022-08-07,8.0,18.0,20.0,0.0,48.0,24.0,5.0,11.0,6.0,0.0,0.0,2.0,0.0,10.0
2022-08-08,31.0,19.0,59.0,0.0,68.0,45.0,4.0,8.0,11.0,0.0,0.0,7.0,0.0,22.0
2022-08-09,33.0,16.0,70.0,0.0,70.0,53.0,7.0,16.0,11.0,0.0,0.0,12.0,1.0,19.0
2022-08-10,19.0,24.0,55.0,0.0,73.0,51.0,11.0,10.0,7.0,0.0,1.0,13.0,1.0,21.0
2022-08-11,28.0,17.0,79.0,0.0,71.0,47.0,3.0,13.0,8.0,0.0,1.0,9.0,1.0,19.0
2022-08-12,18.0,16.0,59.0,0.0,78.0,35.0,7.0,21.0,3.0,0.0,1.0,9.0,2.0,28.0
2022-08-13,12.0,7.0,21.0,0.0,73.0,30.0,9.0,18.0,9.0,1.0,0.0,3.0,0.0,13.0
2022-08-14,13.0,13.0,20.0,0.0,50.0,30.0,8.0,8.0,4.0,0.0,0.0,7.0,0.0,13.0
2022-08-15,13.0,11.0,28.0,0.0,44.0,25.0,5.0,9.0,7.0,0.0,0.0,2.0,3.0,8.0
2022-08-16,24.0,10.0,85.0,0.0,71.0,40.0,5.0,13.0,9.0,0.0,0.0,13.0,1.0,27.0
2022-08-17,29.0,21.0,67.0,0.0,81.0,54.0,2.0,12.0,7.0,0.0,0.0,11.0,0.0,17.0
2022-08-18,33.0,16.0,57.0,0.0,74.0,48.0,7.0,15.0,8.0,0.0,0.0,11.0,1.0,19.0
2022-08-19,25.0,9.0,57.0,0.0,77.0,34.0,3.0,22.0,6.0,0.0,0.0,8.0,0.0,21.0
2022-08-20,13.0,11.0,18.0,0.0,66.0,34.0,2.0,14.0,8.0,0.0,0.0,6.0,2.0,14.0
2022-08-21,13.0,12.0,29.0,0.0,50.0,21.0,4.0,13.0,6.0,0.0,0.0,3.0,2.0,6.0
2022-08-22,32.0,21.0,83.0,0.0,64.0,83.0,5.0,13.0,12.0,0.0,0.0,17.0,2.0,24.0
2022-08-23,26.0,17.0,73.0,0.0,76.0,52.0,1.0,10.0,6.0,0.0,0.0,13.0,0.0,22.0
2022-08-24,20.0,15.0,78.0,0.0,87.0,63.0,4.0,15.0,7.0,0.0,0.0,7.0,0.0,22.0
2022-08-25,35.0,13.0,62.0,0.0,91.0,48.0,6.0,18.0,10.0,0.0,0.0,8.0,2.0,23.0
2022-08-26,24.0,21.0,69.0,0.0,90.0,48.0,8.0,16.0,4.0,0.0,0.0,12.0,0.0,27.0
2022-08-27,24.0,12.0,28.0,0.0,74.0,45.0,6.0,14.0,8.0,0.0,0.0,7.0,0.0,16.0
2022-08-28,12.0,15.0,23.0,0.0,40.0,23.0,2.0,9.0,2.0,0.0,0.0,1.0,0.0,10.0
2022-08-29,35.0,15.0,80.0,0.0,84.0,68.0,4.0,14.0,9.0,0.0,0.0,18.0,1.0,20.0
2022-08-30,32.0,27.0,76.0,0.0,96.0,53.0,3.0,20.0,10.0,1.0,1.0,7.0,0.0,19.0
2022-08-31,24.0,21.0,67.0,0.0,81.0,67.0,1.0,17.0,10.0,0.0,0.0,9.0,0.0,22.0
2022-09-01,16.0,20.0,78.0,0.0,94.0,61.0,4.0,9.0,10.0,0.0,0.0,10.0,1.0,22.0
2022-09-02,27.0,14.0,64.0,0.0,82.0,47.0,2.0,15.0,11.0,0.0,0.0,7.0,0.0,24.0
2022-09-03,18.0,13.0,25.0,0.0,57.0,41.0,0.0,15.0,1.0,0.0,0.0,6.0,1.0,14.0
2022-09-04,19.0,11.0,36.0,0.0,49.0,24.0,4.0,13.0,8.0,0.0,0.0,4.0,0.0,14.0
2022-09-05,41.0,28.0,110.0,0.0,56.0,82.0,3.0,21.0,14.0,0.0,0.0,7.0,1.0,25.0
2022-09-06,30.0,34.0,112.0,0.0,83.0,64.0,4.0,14.0,11.0,0.0,0.0,11.0,0.0,28.0
2022-09-07,23.0,35.0,90.0,0.0,84.0,68.0,1.0,11.0,14.0,0.0,0.0,16.0,0.0,40.0
2022-09-08,43.0,34.0,101.0,0.0,93.0,66.0,4.0,11.0,10.0,0.0,0.0,10.0,4.0,30.0
2022-09-09,28.0,26.0,86.0,0.0,67.0,63.0,4.0,12.0,7.0,0.0,0.0,14.0,0.0,27.0
2022-09-10,18.0,11.0,30.0,0.0,69.0,43.0,1.0,17.0,11.0,0.0,0.0,10.0,0.0,20.0
2022-09-11,12.0,13.0,42.0,0.0,63.0,26.0,2.0,12.0,9.0,0.0,0.0,9.0,0.0,10.0
2022-09-12,63.0,48.0,118.0,0.0,80.0,88.0,1.0,20.0,18.0,0.0,0.0,11.0,1.0,34.0
2022-09-13,52.0,53.0,119.0,0.0,82.0,52.0,1.0,16.0,7.0,0.0,0.0,13.0,1.0,31.0
2022-09-14,37.0,39.0,126.0,0.0,87.0,70.0,3.0,11.0,8.0,0.0,0.0,15.0,0.0,39.0
2022-09-15,38.0,20.0,123.0,0.0,73.0,63.0,2.0,13.0,10.0,1.0,0.0,14.0,0.0,30.0
2022-09-16,24.0,28.0,105.0,0.0,66.0,59.0,1.0,18.0,6.0,0.0,0.0,17.0,0.0,30.0
2022-09-17,18.0,9.0,21.0,0.0,67.0,38.0,1.0,9.0,9.0,0.0,0.0,7.0,1.0,16.0
2022-09-18,19.0,13.0,39.0,0.0,50.0,28.0,0.0,13.0,7.0,0.0,0.0,5.0,0.0,9.0
2022-09-19,55.0,37.0,111.0,0.0,74.0,84.0,2.0,17.0,18.0,0.0,0.0,14.0,0.0,34.0
2022-09-20,38.0,51.0,120.0,0.0,78.0,78.0,4.0,13.0,12.0,0.0,0.0,16.0,0.0,43.0
2022-09-21,36.0,43.0,126.0,0.0,80.0,59.0,2.0,16.0,10.0,0.0,0.0,17.0,0.0,36.0
2022-09-22,32.0,49.0,117.0,0.0,83.0,71.0,1.0,12.0,22.0,0.0,0.0,17.0,1.0,33.0
2022-09-23,20.0,27.0,95.0,0.0,82.0,59.0,2.0,23.0,12.0,0.0,0.0,17.0,0.0,31.0
2022-09-24,25.0,11.0,42.0,0.0,69.0,45.0,3.0,9.0,7.0,0.0,0.0,11.0,0.0,20.0
2022-09-25,21.0,11.0,41.0,0.0,54.0,32.0,3.0,9.0,12.0,0.0,0.0,3.0,0.0,13.0
2022-09-26,43.0,46.0,128.0,0.0,75.0,83.0,1.0,9.0,18.0,0.0,1.0,12.0,2.0,36.0
2022-09-27,37.0,46.0,134.0,0.0,86.0,60.0,1.0,14.0,9.0,0.0,3.0,20.0,1.0,39.0
2022-09-28,38.0,41.0,140.0,0.0,79.0,67.0,2.0,13.0,5.0,0.0,0.0,15.0,3.0,36.0
2022-09-29,44.0,32.0,118.0,0.0,88.0,62.0,3.0,13.0,12.0,0.0,1.0,13.0,0.0,35.0
2022-09-30,24.0,25.0,104.0,0.0,83.0,72.0,3.0,14.0,5.0,0.0,0.0,13.0,2.0,37.0
2022-10-01,16.0,9.0,32.0,0.0,64.0,38.0,3.0,18.0,2.0,0.0,0.0,8.0,0.0,15.0
2022-10-02,23.0,22.0,51.0,0.0,46.0,26.0,0.0,7.0,2.0,0.0,0.0,5.0,0.0,12.0
2022-10-03,37.0,35.0,102.0,0.0,69.0,77.0,0.0,15.0,22.0,0.0,0.0,11.0,0.0,42.0
2022-10-04,19.0,21.0,51.0,0.0,59.0,31.0,1.0,14.0,5.0,0.0,0.0,7.0,1.0,18.0
2022-10-05,44.0,43.0,115.0,0.0,86.0,73.0,2.0,13.0,10.0,0.0,2.0,18.0,0.0,41.0
2022-10-06,52.0,25.0,139.0,0.0,83.0,64.0,3.0,7.0,9.0,0.0,0.0,20.0,0.0,36.0
2022-10-07,32.0,36.0,121.0,0.0,77.0,52.0,1.0,13.0,7.0,0.0,0.0,10.0,0.0,33.0
2022-10-08,15.0,10.0,41.0,0.0,62.0,36.0,5.0,11.0,8.0,0.0,0.0,5.0,3.0,16.0
2022-10-09,22.0,19.0,32.0,0.0,47.0,34.0,3.0,12.0,4.0,0.0,0.0,6.0,4.0,9.0
2022-10-10,53.0,37.0,126.0,0.0,83.0,80.0,2.0,16.0,17.0,0.0,0.0,16.0,1.0,34.0
2022-10-11,51.0,45.0,124.0,0.0,89.0,76.0,1.0,11.0,6.0,0.0,0.0,17.0,1.0,41.0
2022-10-12,40.0,40.0,128.0,0.0,90.0,55.0,3.0,14.0,12.0,0.0,0.0,9.0,2.0,34.0
2022-10-13,34.0,41.0,120.0,0.0,83.0,52.0,1.0,11.0,23.0,0.0,0.0,18.0,2.0,40.0
2022-10-14,26.0,30.0,108.0,0.0,86.0,72.0,4.0,10.0,11.0,1.0,0.0,19.0,4.0,30.0
2022-10-15,13.0,14.0,35.0,0.0,59.0,40.0,2.0,14.0,10.0,0.0,0.0,7.0,2.0,25.0
2022-10-16,13.0,19.0,43.0,0.0,44.0,41.0,1.0,14.0,5.0,0.0,1.0,6.0,0.0,15.0
2022-10-17,43.0,51.0,129.0,0.0,72.0,70.0,3.0,10.0,16.0,0.0,0.0,13.0,1.0,27.0
2022-10-18,43.0,45.0,115.0,0.0,77.0,56.0,1.0,12.0,12.0,0.0,0.0,14.0,0.0,42.0
2022-10-19,44.0,39.0,115.0,0.0,88.0,72.0,4.0,20.0,13.0,0.0,0.0,18.0,0.0,30.0
2022-10-20,43.0,41.0,122.0,0.0,80.0,70.0,3.0,13.0,15.0,0.0,0.0,14.0,1.0,35.0
2022-10-21,37.0,43.0,97.0,0.0,87.0,56.0,3.0,10.0,6.0,0.0,0.0,15.0,4.0,38.0
2022-10-22,16.0,16.0,34.0,0.0,66.0,35.0,2.0,14.0,2.0,0.0,0.0,8.0,0.0,16.0
2022-10-23,15.0,16.0,44.0,0.0,43.0,35.0,1.0,9.0,4.0,0.0,0.0,9.0,2.0,11.0
2022-10-24,62.0,53.0,129.0,0.0,86.0,93.0,2.0,15.0,15.0,0.0,0.0,15.0,1.0,39.0
2022-10-25,44.0,43.0,111.0,0.0,86.0,76.0,2.0,15.0,10.0,0.0,0.0,16.0,0.0,40.0
2022-10-26,38.0,43.0,127.0,0.0,86.0,69.0,3.0,8.0,14.0,0.0,0.0,16.0,1.0,43.0
2022-10-27,43.0,37.0,127.0,0.0,82.0,69.0,1.0,14.0,8.0,0.0,0.0,20.0,0.0,35.0
2022-10-28,42.0,33.0,120.0,0.0,85.0,62.0,1.0,12.0,12.0,0.0,0.0,17.0,2.0,31.0
2022-10-29,19.0,12.0,25.0,0.0,62.0,48.0,1.0,12.0,4.0,0.0,0.0,9.0,1.0,16.0
2022-10-30,19.0,20.0,41.0,0.0,46.0,31.0,0.0,12.0,3.0,0.0,0.0,5.0,1.0,11.0
2022-10-31,46.0,34.0,111.0,0.0,77.0,63.0,2.0,7.0,17.0,0.0,0.0,13.0,0.0,41.0
2022-11-01,15.0,27.0,47.0,0.0,48.0,38.0,3.0,14.0,10.0,0.0,0.0,4.0,0.0,11.0
2022-11-02,48.0,44.0,123.0,0.0,73.0,64.0,2.0,14.0,8.0,0.0,0.0,19.0,1.0,45.0
2022-11-03,64.0,35.0,121.0,0.0,94.0,81.0,1.0,11.0,13.0,0.0,0.0,14.0,1.0,33.0
2022-11-04,35.0,23.0,120.0,0.0,94.0,67.0,1.0,15.0,15.0,0.0,0.0,18.0,2.0,24.0
2022-11-05,23.0,13.0,30.0,0.0,62.0,25.0,0.0,13.0,5.0,0.0,0.0,10.0,0.0,18.0
2022-11-06,19.0,19.0,33.0,0.0,47.0,32.0,1.0,11.0,5.0,0.0,0.0,8.0,0.0,9.0
2022-11-07,52.0,42.0,133.0,0.0,73.0,81.0,2.0,11.0,17.0,0.0,0.0,16.0,2.0,37.0
2022-11-08,39.0,41.0,113.0,0.0,87.0,84.0,2.0,15.0,9.0,0.0,0.0,14.0,1.0,39.0
2022-11-09,34.0,50.0,117.0,0.0,81.0,85.0,0.0,20.0,6.0,0.0,0.0,18.0,1.0,35.0
2022-11-10,43.0,34.0,124.0,0.0,98.0,59.0,1.0,13.0,11.0,0.0,0.0,13.0,2.0,27.0
2022-11-11,39.0,38.0,92.0,0.0,88.0,61.0,0.0,19.0,1.0,0.0,0.0,15.0,0.0,42.0
2022-11-12,17.0,9.0,33.0,0.0,66.0,39.0,1.0,18.0,2.0,0.0,0.0,8.0,0.0,16.0
2022-11-13,18.0,22.0,50.0,0.0,54.0,33.0,3.0,10.0,6.0,0.0,0.0,7.0,1.0,20.0
2022-11-14,56.0,53.0,126.0,0.0,73.0,76.0,2.0,12.0,17.0,0.0,0.0,13.0,2.0,36.0
2022-11-15,36.0,48.0,114.0,0.0,86.0,74.0,2.0,10.0,9.0,0.0,0.0,17.0,0.0,38.0
2022-11-16,42.0,46.0,113.0,0.0,79.0,77.0,1.0,18.0,11.0,0.0,0.0,14.0,1.0,32.0
2022-11-17,51.0,41.0,127.0,0.0,82.0,63.0,1.0,6.0,23.0,0.0,0.0,16.0,0.0,30.0
2022-11-18,26.0,31.0,106.0,0.0,84.0,45.0,2.0,16.0,2.0,0.0,0.0,10.0,2.0,33.0
2022-11-19,20.0,10.0,41.0,0.0,67.0,42.0,2.0,15.0,0.0,0.0,0.0,12.0,1.0,20.0
2022-11-20,26.0,12.0,42.0,0.0,36.0,32.0,4.0,17.0,3.0,0.0,0.0,3.0,2.0,11.0
2022-11-21,48.0,49.0,124.0,0.0,73.0,81.0,4.0,9.0,18.0,0.0,0.0,16.0,3.0,35.0
2022-11-22,46.0,36.0,100.0,0.0,99.0,65.0,1.0,14.0,13.0,0.0,0.0,20.0,0.0,42.0
2022-11-23,41.0,38.0,111.0,0.0,85.0,67.0,1.0,8.0,9.0,0.0,0.0,13.0,3.0,37.0
2022-11-24,42.0,36.0,140.0,0.0,90.0,72.0,0.0,14.0,12.0,0.0,0.0,15.0,1.0,40.0
2022-11-25,40.0,43.0,96.0,0.0,98.0,62.0,6.0,11.0,6.0,0.0,0.0,13.0,3.0,33.0
2022-11-26,24.0,14.0,39.0,0.0,74.0,44.0,2.0,15.0,4.0,0.0,0.0,10.0,2.0,22.0
2022-11-27,19.0,19.0,43.0,0.0,56.0,39.0,1.0,5.0,5.0,0.0,0.0,4.0,2.0,16.0
2022-11-28,40.0,37.0,133.0,0.0,64.0,78.0,2.0,15.0,18.0,0.0,0.0,17.0,1.0,37.0
2022-11-29,29.0,42.0,119.0,0.0,106.0,66.0,2.0,8.0,18.0,0.0,0.0,14.0,2.0,34.0
2022-11-30,43.0,26.0,121.0,0.0,87.0,77.0,1.0,10.0,6.0,0.0,0.0,10.0,4.0,34.0
2022-12-01,47.0,45.0,134.0,0.0,93.0,57.0,1.0,9.0,13.0,0.0,0.0,20.0,0.0,29.0
2022-12-02,32.0,28.0,100.0,0.0,98.0,63.0,2.0,17.0,7.0,0.0,0.0,15.0,0.0,40.0
2022-12-03,18.0,9.0,34.0,0.0,71.0,41.0,1.0,13.0,7.0,0.0,0.0,5.0,1.0,16.0
2022-12-04,9.0,24.0,52.0,0.0,48.0,30.0,1.0,10.0,3.0,0.0,0.0,7.0,1.0,14.0
2022-12-05,57.0,42.0,116.0,0.0,75.0,87.0,5.0,12.0,19.0,0.0,0.0,17.0,1.0,34.0
2022-12-06,50.0,41.0,107.0,0.0,92.0,61.0,4.0,15.0,12.0,0.0,0.0,16.0,4.0,34.0
2022-12-07,34.0,20.0,115.0,0.0,80.0,75.0,38.0,6.0,11.0,0.0,0.0,16.0,2.0,42.0
2022-12-08,24.0,9.0,58.0,0.0,53.0,44.0,17.0,10.0,7.0,0.0,0.0,7.0,1.0,12.0
2022-12-09,37.0,23.0,105.0,0.0,90.0,66.0,5.0,12.0,5.0,0.0,0.0,11.0,1.0,32.0
2022-12-10,30.0,6.0,35.0,0.0,71.0,42.0,7.0,13.0,7.0,0.0,0.0,6.0,1.0,19.0
2022-12-11,15.0,19.0,46.0,0.0,47.0,37.0,6.0,10.0,2.0,0.0,0.0,6.0,0.0,13.0
2022-12-12,59.0,44.0,126.0,0.0,65.0,93.0,5.0,9.0,15.0,0.0,0.0,11.0,3.0,41.0
2022-12-13,44.0,46.0,127.0,0.0,71.0,76.0,8.0,12.0,17.0,0.0,0.0,15.0,1.0,40.0
2022-12-14,47.0,45.0,98.0,0.0,81.0,82.0,11.0,11.0,11.0,0.0,0.0,12.0,2.0,38.0
2022-12-15,41.0,27.0,114.0,0.0,98.0,64.0,7.0,10.0,7.0,0.0,0.0,18.0,2.0,39.0
2022-12-16,24.0,24.0,107.0,0.0,88.0,68.0,8.0,16.0,13.0,0.0,0.0,14.0,0.0,21.0
2022-12-17,26.0,12.0,24.0,0.0,62.0,42.0,11.0,13.0,6.0,0.0,0.0,7.0,3.0,15.0
2022-12-18,24.0,22.0,30.0,0.0,47.0,41.0,6.0,12.0,4.0,0.0,0.0,7.0,1.0,13.0
2022-12-19,45.0,39.0,132.0,0.0,69.0,69.0,6.0,4.0,17.0,0.0,0.0,13.0,0.0,36.0
2022-12-20,36.0,38.0,113.0,1.0,88.0,64.0,11.0,15.0,13.0,0.0,0.0,20.0,1.0,38.0
2022-12-21,29.0,44.0,110.0,0.0,72.0,70.0,9.0,12.0,12.0,0.0,0.0,15.0,2.0,37.0
2022-12-22,41.0,27.0,105.0,0.0,103.0,77.0,6.0,15.0,8.0,0.0,0.0,16.0,2.0,35.0
2022-12-23,32.0,8.0,68.0,0.0,86.0,65.0,7.0,15.0,5.0,0.0,0.0,13.0,0.0,23.0
2022-12-24,17.0,4.0,31.0,0.0,72.0,36.0,6.0,11.0,6.0,0.0,0.0,8.0,2.0,20.0
2022-12-25,18.0,14.0,20.0,0.0,58.0,28.0,8.0,12.0,3.0,0.0,0.0,2.0,1.0,12.0
2022-12-26,14.0,10.0,32.0,0.0,57.0,39.0,5.0,12.0,3.0,0.0,0.0,10.0,2.0,16.0
2022-12-27,34.0,20.0,86.0,0.0,67.0,67.0,9.0,14.0,7.0,0.0,0.0,9.0,1.0,34.0
2022-12-28,30.0,13.0,84.0,0.0,83.0,63.0,7.0,10.0,7.0,0.0,0.0,14.0,1.0,18.0
2022-12-29,28.0,28.0,73.0,0.0,79.0,63.0,9.0,9.0,3.0,0.0,0.0,13.0,0.0,24.0
2022-12-30,27.0,9.0,47.0,0.0,79.0,45.0,8.0,18.0,7.0,0.0,0.0,9.0,0.0,18.0
2022-12-31,21.0,6.0,19.0,0.0,71.0,36.0,7.0,10.0,3.0,1.0,0.0,4.0,2.0,13.0
2023-01-01,24.0,12.0,25.0,0.0,48.0,33.0,6.0,12.0,4.0,0.0,0.0,7.0,2.0,17.0
2023-01-02,29.0,13.0,73.0,0.0,68.0,56.0,6.0,13.0,5.0,0.0,0.0,10.0,1.0,30.0
2023-01-03,31.0,19.0,73.0,0.0,77.0,71.0,8.0,10.0,9.0,0.0,0.0,15.0,2.0,20.0
2023-01-04,25.0,14.0,79.0,0.0,82.0,62.0,4.0,14.0,5.0,0.0,0.0,13.0,2.0,29.0
2023-01-05,25.0,11.0,78.0,0.0,78.0,64.0,4.0,15.0,4.0,0.0,0.0,13.0,2.0,25.0
2023-01-06,19.0,14.0,17.0,0.0,48.0,37.0,3.0,12.0,5.0,0.0,0.0,7.0,1.0,16.0
2023-01-07,19.0,6.0,26.0,0.0,67.0,32.0,8.0,5.0,2.0,0.0,0.0,7.0,0.0,13.0
2023-01-08,18.0,18.0,40.0,0.0,44.0,28.0,7.0,8.0,5.0,0.0,0.0,3.0,1.0,15.0
2023-01-09,48.0,35.0,130.0,0.0,73.0,73.0,2.0,10.0,10.0,0.0,0.0,10.0,0.0,36.0
2023-01-10,43.0,38.0,127.0,0.0,85.0,70.0,8.0,8.0,7.0,0.0,0.0,17.0,1.0,41.0
2023-01-11,40.0,42.0,124.0,0.0,83.0,91.0,7.0,10.0,10.0,0.0,0.0,16.0,2.0,32.0
2023-01-12,39.0,33.0,121.0,0.0,84.0,72.0,7.0,10.0,9.0,0.0,0.0,18.0,0.0,38.0
2023-01-13,29.0,36.0,98.0,0.0,87.0,57.0,3.0,11.0,13.0,0.0,0.0,14.0,1.0,37.0
2023-01-14,16.0,7.0,25.0,0.0,72.0,37.0,7.0,14.0,5.0,0.0,0.0,6.0,1.0,14.0
2023-01-15,15.0,17.0,42.0,0.0,52.0,39.0,9.0,9.0,2.0,0.0,0.0,4.0,0.0,17.0
2023-01-16,43.0,41.0,142.0,0.0,80.0,72.0,4.0,14.0,13.0,0.0,0.0,16.0,1.0,37.0
2023-01-17,46.0,49.0,122.0,0.0,83.0,77.0,3.0,12.0,11.0,0.0,0.0,15.0,0.0,41.0
2023-01-18,25.0,39.0,124.0,0.0,88.0,80.0,4.0,10.0,12.0,0.0,0.0,16.0,1.0,43.0
2023-01-19,49.0,39.0,128.0,0.0,88.0,70.0,5.0,13.0,8.0,0.0,0.0,18.0,0.0,33.0
2023-01-20,28.0,22.0,96.0,0.0,85.0,73.0,5.0,13.0,9.0,0.0,0.0,13.0,1.0,23.0
2023-01-21,24.0,11.0,43.0,0.0,58.0,32.0,4.0,12.0,7.0,0.0,0.0,5.0,0.0,15.0
2023-01-22,10.0,21.0,44.0,0.0,52.0,33.0,4.0,11.0,6.0,0.0,0.0,6.0,0.0,17.0
2023-01-23,54.0,33.0,132.0,0.0,58.0,70.0,4.0,9.0,16.0,0.0,0.0,16.0,1.0,32.0
2023-01-24,31.0,43.0,140.0,0.0,74.0,76.0,11.0,7.0,13.0,0.0,0.0,14.0,0.0,37.0
2023-01-25,24.0,53.0,116.0,0.0,82.0,76.0,3.0,10.0,11.0,0.0,0.0,17.0,0.0,36.0
2023-01-26,37.0,46.0,127.0,0.0,97.0,69.0,5.0,13.0,10.0,0.0,0.0,20.0,0.0,35.0
2023-01-27,29.0,33.0,108.0,0.0,86.0,65.0,6.0,17.0,5.0,0.0,0.0,16.0,1.0,42.0
2023-01-28,12.0,10.0,25.0,0.0,62.0,41.0,4.0,8.0,5.0,0.0,0.0,9.0,0.0,6.0
2023-01-29,25.0,20.0,31.0,0.0,48.0,31.0,7.0,10.0,6.0,0.0,0.0,4.0,0.0,14.0
2023-01-30,42.0,44.0,118.0,0.0,69.0,75.0,4.0,14.0,19.0,0.0,0.0,17.0,1.0,36.0
2023-01-31,40.0,38.0,129.0,0.0,85.0,68.0,8.0,9.0,13.0,0.0,0.0,10.0,1.0,38.0
2023-02-01,35.0,32.0,111.0,0.0,81.0,89.0,4.0,8.0,9.0,0.0,0.0,14.0,0.0,40.0
2023-02-02,39.0,41.0,111.0,0.0,88.0,74.0,6.0,7.0,12.0,1.0,0.0,17.0,0.0,41.0
2023-02-03,34.0,28.0,97.0,0.0,92.0,56.0,7.0,13.0,6.0,0.0,0.0,17.0,1.0,41.0
2023-02-04,8.0,11.0,34.0,0.0,63.0,42.0,8.0,15.0,7.0,0.0,0.0,9.0,1.0,15.0
2023-02-05,21.0,17.0,37.0,0.0,52.0,29.0,3.0,8.0,4.0,0.0,0.0,7.0,2.0,12.0
2023-02-06,46.0,35.0,123.0,0.0,77.0,81.0,4.0,9.0,14.0,0.0,0.0,12.0,0.0,37.0
2023-02-07,26.0,41.0,120.0,0.0,86.0,54.0,1.0,8.0,17.0,0.0,0.0,17.0,1.0,35.0
2023-02-08,31.0,43.0,122.0,0.0,80.0,74.0,2.0,10.0,11.0,0.0,0.0,17.0,0.0,37.0
2023-02-09,37.0,38.0,122.0,0.0,88.0,79.0,1.0,11.0,11.0,0.0,0.0,16.0,0.0,34.0
2023-02-10,34.0,31.0,100.0,0.0,88.0,50.0,5.0,8.0,9.0,0.0,0.0,17.0,2.0,33.0
2023-02-11,31.0,8.0,30.0,0.0,72.0,41.0,3.0,13.0,3.0,0.0,0.0,9.0,0.0,14.0
2023-02-12,11.0,15.0,44.0,0.0,45.0,28.0,1.0,6.0,2.0,0.0,0.0,7.0,0.0,16.0
2023-02-13,47.0,33.0,117.0,0.0,79.0,81.0,1.0,9.0,8.0,0.0,0.0,11.0,1.0,31.0
