DATA_USCITA,ALTRO,DEGENZA CHIR GENERALE NO COVID,DEGENZA CHIR SPECIALISTICA NO COVID,DEGENZA COVID BASSA INTENSITA,DEGENZA MED GENERALE NO COVID,DEGENZA MED SPECIALISTICA NO COVID,DEGENZA ORDINARIA COVID,EMERGENZA-URGENZA,ORTOPEDIA,SOSPETTI COVID,SUB INTENSIVA COVID,SUB INTENSIVA NO COVID,TERAPIA INTENSIVA COVID,TERAPIA INTENSIVA NO COVID
2020-01-01,25.0,2.0,20.0,0.0,11.0,16.0,0.0,4.0,1.0,0.0,0.0,6.0,0.0,9.0
2020-01-02,58.0,15.0,47.0,0.0,84.0,56.0,0.0,10.0,12.0,0.0,0.0,15.0,0.0,21.0
2020-01-03,60.0,17.0,61.0,0.0,112.0,63.0,0.0,14.0,6.0,0.0,0.0,18.0,0.0,20.0
2020-01-04,55.0,13.0,65.0,0.0,87.0,46.0,0.0,15.0,6.0,0.0,0.0,9.0,0.0,16.0
2020-01-05,45.0,9.0,31.0,0.0,23.0,22.0,0.0,11.0,0.0,0.0,0.0,5.0,0.0,10.0
2020-01-06,32.0,3.0,18.0,0.0,17.0,20.0,0.0,10.0,0.0,0.0,0.0,4.0,0.0,7.0
2020-01-07,73.0,11.0,64.0,0.0,85.0,61.0,0.0,16.0,11.0,0.0,0.0,10.0,0.0,16.0
2020-01-08,70.0,18.0,90.0,0.0,118.0,70.0,0.0,20.0,5.0,0.0,0.0,15.0,0.0,24.0
2020-01-09,86.0,35.0,92.0,0.0,93.0,68.0,0.0,16.0,10.0,0.0,0.0,16.0,0.0,22.0
2020-01-10,81.0,25.0,94.0,0.0,115.0,87.0,0.0,10.0,10.0,0.0,0.0,21.0,0.0,28.0
2020-01-11,55.0,24.0,76.0,0.0,63.0,53.0,0.0,14.0,4.0,0.0,0.0,9.0,0.0,17.0
2020-01-12,26.0,8.0,44.0,0.0,12.0,22.0,0.0,9.0,1.0,0.0,0.0,5.0,0.0,10.0
2020-01-13,62.0,20.0,89.0,0.0,87.0,81.0,0.0,12.0,12.0,0.0,0.0,20.0,0.0,19.0
2020-01-14,70.0,23.0,95.0,0.0,81.0,64.0,0.0,17.0,8.0,0.0,0.0,14.0,0.0,25.0
2020-01-15,81.0,32.0,99.0,0.0,82.0,67.0,0.0,13.0,9.0,0.0,0.0,16.0,0.0,23.0
2020-01-16,74.0,27.0,114.0,0.0,99.0,84.0,0.0,11.0,6.0,0.0,0.0,15.0,0.0,24.0
2020-01-17,89.0,23.0,104.0,0.0,111.0,84.0,0.0,13.0,11.0,0.0,0.0,13.0,0.0,28.0
2020-01-18,68.0,31.0,74.0,0.0,53.0,59.0,0.0,9.0,5.0,0.0,0.0,11.0,0.0,16.0
2020-01-19,31.0,7.0,36.0,0.0,18.0,22.0,0.0,8.0,1.0,0.0,0.0,3.0,0.0,10.0
2020-01-20,71.0,19.0,79.0,0.0,93.0,56.0,0.0,12.0,12.0,0.0,0.0,18.0,0.0,22.0
2020-01-21,62.0,31.0,109.0,0.0,77.0,83.0,0.0,13.0,6.0,0.0,0.0,19.0,0.0,32.0
2020-01-22,71.0,29.0,93.0,0.0,87.0,70.0,0.0,17.0,13.0,0.0,0.0,15.0,0.0,19.0
2020-01-23,69.0,35.0,106.0,0.0,77.0,72.0,0.0,12.0,10.0,0.0,0.0,16.0,0.0,19.0
2020-01-24,84.0,32.0,116.0,0.0,115.0,78.0,0.0,14.0,12.0,0.0,0.0,27.0,0.0,27.0
2020-01-25,64.0,22.0,83.0,0.0,59.0,60.0,0.0,14.0,2.0,0.0,0.0,9.0,0.0,13.0
2020-01-26,21.0,12.0,44.0,0.0,9.0,17.0,0.0,11.0,2.0,0.0,0.0,4.0,0.0,9.0
2020-01-27,59.0,21.0,87.0,0.0,77.0,71.0,0.0,13.0,10.0,0.0,0.0,16.0,0.0,22.0
2020-01-28,64.0,20.0,88.0,0.0,90.0,54.0,0.0,15.0,7.0,0.0,0.0,18.0,0.0,32.0
2020-01-29,74.0,31.0,101.0,0.0,87.0,83.0,0.0,13.0,13.0,0.0,0.0,24.0,0.0,32.0
2020-01-30,86.0,28.0,123.0,0.0,75.0,85.0,0.0,14.0,12.0,0.0,0.0,17.0,0.0,25.0
2020-01-31,88.0,32.0,117.0,0.0,110.0,89.0,0.0,14.0,10.0,0.0,0.0,19.0,0.0,35.0
2020-02-01,58.0,24.0,81.0,0.0,55.0,46.0,0.0,13.0,4.0,0.0,0.0,6.0,0.0,10.0
2020-02-02,39.0,13.0,34.0,0.0,16.0,17.0,0.0,5.0,1.0,0.0,0.0,5.0,0.0,10.0
2020-02-03,89.0,17.0,87.0,0.0,85.0,72.0,0.0,16.0,14.0,0.0,0.0,18.0,0.0,20.0
2020-02-04,80.0,20.0,112.0,0.0,86.0,71.0,0.0,9.0,8.0,0.0,0.0,17.0,0.0,30.0
2020-02-05,71.0,31.0,112.0,0.0,98.0,76.0,0.0,17.0,11.0,0.0,0.0,19.0,0.0,27.0
2020-02-06,90.0,35.0,113.0,0.0,88.0,73.0,0.0,16.0,6.0,0.0,0.0,15.0,0.0,22.0
2020-02-07,85.0,38.0,121.0,0.0,90.0,95.0,0.0,16.0,10.0,0.0,0.0,22.0,0.0,23.0
2020-02-08,53.0,25.0,92.0,0.0,56.0,43.0,0.0,7.0,3.0,0.0,0.0,2.0,0.0,11.0
2020-02-09,15.0,10.0,32.0,0.0,10.0,27.0,0.0,9.0,1.0,0.0,0.0,4.0,0.0,13.0
2020-02-10,82.0,23.0,82.0,0.0,87.0,65.0,0.0,18.0,15.0,0.0,0.0,19.0,0.0,25.0
2020-02-11,73.0,22.0,111.0,0.0,117.0,96.0,0.0,13.0,9.0,0.0,0.0,19.0,0.0,33.0
2020-02-12,80.0,37.0,110.0,0.0,85.0,67.0,0.0,20.0,9.0,0.0,0.0,15.0,0.0,19.0
2020-02-13,70.0,35.0,122.0,0.0,93.0,73.0,0.0,17.0,10.0,0.0,0.0,20.0,0.0,32.0
2020-02-14,81.0,30.0,112.0,0.0,92.0,89.0,0.0,15.0,2.0,0.0,0.0,20.0,0.0,26.0
2020-02-15,43.0,27.0,92.0,0.0,49.0,47.0,0.0,11.0,3.0,0.0,0.0,10.0,0.0,13.0
2020-02-16,28.0,10.0,29.0,0.0,21.0,21.0,0.0,9.0,2.0,0.0,0.0,5.0,0.0,5.0
2020-02-17,74.0,13.0,85.0,0.0,92.0,65.0,0.0,20.0,12.0,0.0,0.0,18.0,0.0,22.0
2020-02-18,75.0,37.0,113.0,0.0,96.0,65.0,0.0,23.0,9.0,0.0,0.0,18.0,0.0,18.0
2020-02-19,65.0,23.0,93.0,0.0,86.0,71.0,0.0,10.0,17.0,0.0,0.0,16.0,0.0,17.0
2020-02-20,73.0,27.0,133.0,0.0,78.0,77.0,0.0,14.0,4.0,0.0,0.0,20.0,0.0,24.0
2020-02-21,82.0,41.0,116.0,0.0,120.0,80.0,0.0,12.0,6.0,0.0,0.0,21.0,0.0,24.0
2020-02-22,67.0,22.0,91.0,0.0,57.0,40.0,0.0,11.0,3.0,0.0,0.0,10.0,0.0,14.0
2020-02-23,41.0,9.0,44.0,0.0,8.0,33.0,0.0,10.0,1.0,0.0,0.0,7.0,0.0,7.0
2020-02-24,70.0,16.0,75.0,0.0,86.0,70.0,0.0,18.0,12.0,0.0,0.0,16.0,0.0,23.0
2020-02-25,61.0,32.0,125.0,0.0,108.0,64.0,0.0,13.0,12.0,0.0,0.0,19.0,0.0,18.0
2020-02-26,72.0,24.0,100.0,0.0,78.0,70.0,0.0,10.0,10.0,0.0,0.0,16.0,0.0,27.0
2020-02-27,74.0,44.0,101.0,0.0,87.0,80.0,0.0,8.0,8.0,0.0,0.0,15.0,0.0,26.0
2020-02-28,65.0,28.0,122.0,0.0,103.0,76.0,0.0,9.0,8.0,0.0,0.0,17.0,0.0,19.0
2020-02-29,53.0,24.0,77.0,0.0,43.0,65.0,0.0,9.0,7.0,0.0,0.0,9.0,0.0,8.0
2020-03-01,25.0,10.0,44.0,0.0,10.0,21.0,0.0,4.0,0.0,0.0,0.0,7.0,0.0,7.0
2020-03-02,70.0,18.0,80.0,0.0,81.0,73.0,0.0,13.0,12.0,0.0,0.0,20.0,0.0,31.0
2020-03-03,64.0,27.0,105.0,0.0,76.0,60.0,0.0,12.0,7.0,0.0,0.0,18.0,0.0,24.0
2020-03-04,64.0,26.0,101.0,0.0,93.0,75.0,0.0,11.0,9.0,0.0,0.0,16.0,0.0,20.0
2020-03-05,83.0,22.0,134.0,0.0,79.0,75.0,0.0,18.0,7.0,0.0,0.0,13.0,2.0,17.0
2020-03-06,96.0,36.0,96.0,0.0,101.0,75.0,0.0,16.0,10.0,0.0,0.0,20.0,2.0,17.0
2020-03-07,53.0,21.0,82.0,0.0,68.0,72.0,1.0,14.0,4.0,7.0,0.0,5.0,1.0,15.0
2020-03-08,22.0,10.0,34.0,0.0,10.0,44.0,0.0,8.0,0.0,21.0,0.0,3.0,2.0,6.0
2020-03-09,60.0,21.0,78.0,0.0,81.0,62.0,2.0,9.0,12.0,9.0,0.0,22.0,2.0,12.0
2020-03-10,55.0,18.0,68.0,0.0,76.0,63.0,4.0,13.0,9.0,15.0,0.0,16.0,14.0,11.0
2020-03-11,54.0,19.0,58.0,0.0,67.0,60.0,4.0,16.0,7.0,22.0,0.0,18.0,9.0,16.0
2020-03-12,63.0,19.0,63.0,2.0,74.0,62.0,9.0,15.0,6.0,16.0,0.0,18.0,2.0,20.0
2020-03-13,80.0,17.0,40.0,2.0,87.0,65.0,12.0,15.0,5.0,18.0,0.0,20.0,6.0,17.0
2020-03-14,49.0,14.0,43.0,1.0,48.0,33.0,11.0,8.0,5.0,15.0,1.0,8.0,6.0,10.0
2020-03-15,25.0,17.0,28.0,0.0,12.0,17.0,8.0,6.0,1.0,33.0,3.0,1.0,1.0,8.0
2020-03-16,54.0,21.0,77.0,1.0,74.0,53.0,6.0,6.0,6.0,44.0,1.0,8.0,6.0,9.0
2020-03-17,46.0,7.0,28.0,0.0,86.0,45.0,15.0,10.0,5.0,37.0,6.0,15.0,3.0,7.0
2020-03-18,60.0,14.0,33.0,3.0,97.0,49.0,25.0,9.0,5.0,32.0,2.0,11.0,7.0,6.0
2020-03-19,62.0,16.0,32.0,0.0,120.0,41.0,25.0,8.0,5.0,34.0,5.0,9.0,9.0,15.0
2020-03-20,66.0,16.0,40.0,11.0,62.0,59.0,32.0,6.0,4.0,30.0,7.0,12.0,12.0,15.0
2020-03-21,54.0,18.0,39.0,10.0,40.0,39.0,37.0,4.0,3.0,34.0,5.0,3.0,10.0,8.0
2020-03-22,31.0,12.0,25.0,3.0,12.0,37.0,42.0,7.0,0.0,29.0,3.0,1.0,9.0,7.0
2020-03-23,61.0,14.0,38.0,10.0,61.0,49.0,41.0,3.0,4.0,20.0,4.0,8.0,8.0,3.0
2020-03-24,47.0,3.0,43.0,16.0,58.0,47.0,48.0,8.0,4.0,22.0,4.0,7.0,10.0,3.0
2020-03-25,46.0,7.0,43.0,6.0,64.0,50.0,51.0,7.0,5.0,49.0,2.0,10.0,11.0,5.0
2020-03-26,53.0,10.0,36.0,8.0,84.0,45.0,45.0,3.0,2.0,36.0,6.0,11.0,8.0,2.0
2020-03-27,55.0,10.0,40.0,9.0,48.0,29.0,47.0,6.0,2.0,19.0,4.0,12.0,16.0,7.0
2020-03-28,32.0,7.0,32.0,5.0,35.0,24.0,43.0,7.0,1.0,42.0,8.0,5.0,9.0,1.0
2020-03-29,28.0,1.0,15.0,4.0,12.0,19.0,29.0,3.0,0.0,27.0,2.0,3.0,2.0,5.0
2020-03-30,65.0,9.0,29.0,12.0,54.0,37.0,48.0,6.0,3.0,38.0,2.0,6.0,12.0,5.0
2020-03-31,49.0,5.0,30.0,17.0,63.0,33.0,48.0,4.0,1.0,39.0,7.0,4.0,14.0,7.0
2020-04-01,50.0,8.0,29.0,12.0,51.0,35.0,61.0,4.0,1.0,39.0,5.0,4.0,7.0,5.0
2020-04-02,58.0,11.0,20.0,8.0,52.0,40.0,60.0,6.0,4.0,39.0,7.0,13.0,13.0,13.0
2020-04-03,61.0,9.0,37.0,7.0,58.0,38.0,54.0,4.0,5.0,29.0,12.0,9.0,11.0,8.0
2020-04-04,43.0,5.0,28.0,13.0,42.0,15.0,41.0,5.0,1.0,33.0,5.0,3.0,8.0,4.0
2020-04-05,27.0,5.0,19.0,6.0,14.0,18.0,31.0,1.0,0.0,28.0,1.0,1.0,3.0,6.0
2020-04-06,46.0,3.0,32.0,11.0,35.0,30.0,59.0,6.0,0.0,37.0,7.0,7.0,8.0,7.0
2020-04-07,42.0,1.0,28.0,8.0,50.0,35.0,62.0,7.0,2.0,32.0,6.0,9.0,11.0,7.0
2020-04-08,48.0,9.0,37.0,10.0,43.0,33.0,47.0,3.0,5.0,22.0,5.0,8.0,7.0,8.0
2020-04-09,53.0,5.0,32.0,6.0,36.0,36.0,51.0,4.0,1.0,34.0,6.0,7.0,8.0,6.0
2020-04-10,54.0,6.0,37.0,5.0,43.0,37.0,56.0,5.0,4.0,22.0,6.0,6.0,10.0,13.0
2020-04-11,44.0,8.0,31.0,5.0,35.0,34.0,41.0,8.0,5.0,30.0,6.0,8.0,10.0,12.0
2020-04-12,22.0,1.0,13.0,5.0,7.0,17.0,36.0,3.0,1.0,39.0,2.0,2.0,3.0,4.0
2020-04-13,29.0,3.0,12.0,5.0,17.0,17.0,32.0,4.0,2.0,34.0,1.0,0.0,3.0,3.0
2020-04-14,45.0,3.0,24.0,16.0,40.0,35.0,67.0,2.0,4.0,17.0,10.0,8.0,11.0,8.0
2020-04-15,29.0,12.0,31.0,14.0,40.0,25.0,53.0,6.0,4.0,29.0,10.0,10.0,14.0,6.0
2020-04-16,52.0,5.0,30.0,9.0,46.0,34.0,51.0,4.0,2.0,32.0,5.0,8.0,10.0,12.0
2020-04-17,53.0,9.0,39.0,6.0,43.0,45.0,70.0,7.0,6.0,30.0,5.0,11.0,10.0,12.0
2020-04-18,37.0,4.0,28.0,6.0,32.0,19.0,56.0,5.0,4.0,22.0,4.0,4.0,2.0,5.0
2020-04-19,20.0,1.0,20.0,2.0,3.0,15.0,45.0,4.0,2.0,19.0,1.0,3.0,5.0,4.0
2020-04-20,52.0,5.0,29.0,12.0,39.0,35.0,61.0,2.0,10.0,29.0,11.0,9.0,11.0,12.0
2020-04-21,31.0,1.0,52.0,6.0,48.0,33.0,57.0,4.0,3.0,27.0,6.0,8.0,13.0,9.0
2020-04-22,54.0,4.0,39.0,18.0,51.0,45.0,56.0,8.0,6.0,27.0,5.0,10.0,9.0,6.0
2020-04-23,52.0,9.0,50.0,3.0,46.0,46.0,47.0,8.0,0.0,30.0,4.0,9.0,9.0,7.0
2020-04-24,53.0,15.0,38.0,14.0,75.0,49.0,45.0,6.0,11.0,32.0,3.0,16.0,17.0,15.0
2020-04-25,43.0,7.0,30.0,9.0,18.0,21.0,38.0,2.0,4.0,34.0,1.0,5.0,6.0,8.0
2020-04-26,36.0,4.0,22.0,3.0,15.0,16.0,20.0,6.0,0.0,27.0,4.0,3.0,3.0,10.0
2020-04-27,31.0,11.0,36.0,12.0,55.0,31.0,53.0,3.0,8.0,28.0,1.0,15.0,10.0,10.0
2020-04-28,45.0,8.0,39.0,9.0,51.0,44.0,47.0,4.0,5.0,32.0,5.0,12.0,7.0,17.0
2020-04-29,63.0,14.0,30.0,9.0,54.0,40.0,50.0,5.0,4.0,22.0,7.0,14.0,7.0,16.0
2020-04-30,55.0,12.0,45.0,13.0,74.0,43.0,52.0,8.0,6.0,21.0,2.0,14.0,9.0,12.0
2020-05-01,36.0,7.0,28.0,6.0,7.0,25.0,26.0,9.0,1.0,23.0,7.0,3.0,5.0,5.0
2020-05-02,37.0,3.0,32.0,7.0,32.0,32.0,49.0,2.0,1.0,20.0,0.0,6.0,2.0,6.0
2020-05-03,23.0,5.0,16.0,2.0,13.0,10.0,39.0,3.0,0.0,15.0,2.0,2.0,1.0,11.0
2020-05-04,40.0,14.0,29.0,13.0,49.0,37.0,44.0,7.0,5.0,19.0,2.0,13.0,6.0,13.0
2020-05-05,41.0,12.0,39.0,14.0,64.0,40.0,53.0,9.0,6.0,21.0,4.0,10.0,6.0,14.0
2020-05-06,78.0,11.0,41.0,8.0,58.0,52.0,45.0,3.0,3.0,36.0,5.0,14.0,6.0,16.0
2020-05-07,53.0,13.0,45.0,10.0,65.0,49.0,26.0,9.0,4.0,39.0,7.0,13.0,7.0,11.0
2020-05-08,63.0,9.0,45.0,21.0,52.0,50.0,30.0,8.0,3.0,27.0,1.0,14.0,3.0,15.0
2020-05-09,48.0,17.0,37.0,2.0,33.0,33.0,26.0,6.0,3.0,34.0,9.0,7.0,2.0,9.0
2020-05-10,37.0,5.0,32.0,3.0,12.0,25.0,15.0,5.0,3.0,16.0,0.0,6.0,3.0,9.0
2020-05-11,54.0,9.0,37.0,8.0,46.0,35.0,39.0,5.0,2.0,31.0,2.0,7.0,4.0,13.0
2020-05-12,45.0,9.0,41.0,10.0,51.0,42.0,33.0,5.0,9.0,31.0,1.0,13.0,4.0,19.0
2020-05-13,70.0,11.0,49.0,5.0,64.0,44.0,31.0,10.0,12.0,29.0,3.0,16.0,6.0,16.0
2020-05-14,61.0,16.0,40.0,11.0,56.0,50.0,23.0,7.0,5.0,23.0,4.0,13.0,7.0,21.0
2020-05-15,71.0,16.0,36.0,7.0,69.0,43.0,19.0,3.0,8.0,36.0,6.0,9.0,4.0,15.0
2020-05-16,40.0,9.0,35.0,4.0,40.0,32.0,23.0,6.0,4.0,24.0,4.0,8.0,2.0,12.0
2020-05-17,30.0,7.0,18.0,0.0,17.0,23.0,15.0,6.0,3.0,15.0,0.0,5.0,2.0,10.0
2020-05-18,66.0,6.0,40.0,6.0,48.0,43.0,32.0,8.0,6.0,17.0,4.0,13.0,6.0,17.0
2020-05-19,59.0,10.0,44.0,11.0,60.0,35.0,34.0,7.0,5.0,21.0,3.0,12.0,3.0,16.0
2020-05-20,56.0,12.0,54.0,7.0,52.0,39.0,23.0,7.0,6.0,33.0,3.0,14.0,6.0,19.0
2020-05-21,64.0,15.0,60.0,6.0,46.0,42.0,21.0,11.0,5.0,23.0,0.0,9.0,6.0,17.0
2020-05-22,54.0,16.0,50.0,13.0,79.0,60.0,21.0,11.0,4.0,27.0,4.0,15.0,4.0,25.0
2020-05-23,53.0,14.0,39.0,3.0,42.0,31.0,17.0,7.0,5.0,23.0,3.0,12.0,5.0,14.0
2020-05-24,23.0,18.0,18.0,0.0,5.0,17.0,10.0,6.0,2.0,16.0,0.0,5.0,2.0,6.0
2020-05-25,45.0,11.0,47.0,9.0,53.0,41.0,23.0,5.0,9.0,18.0,1.0,17.0,5.0,18.0
2020-05-26,52.0,10.0,49.0,4.0,58.0,39.0,25.0,5.0,7.0,26.0,2.0,15.0,1.0,18.0
2020-05-27,59.0,17.0,49.0,2.0,64.0,52.0,18.0,5.0,5.0,24.0,2.0,17.0,1.0,20.0
2020-05-28,63.0,12.0,58.0,1.0,71.0,43.0,21.0,9.0,4.0,19.0,1.0,12.0,2.0,19.0
2020-05-29,81.0,21.0,58.0,6.0,88.0,49.0,25.0,4.0,7.0,21.0,3.0,15.0,2.0,22.0
2020-05-30,48.0,22.0,42.0,6.0,51.0,39.0,9.0,8.0,7.0,17.0,3.0,8.0,1.0,10.0
2020-05-31,22.0,7.0,23.0,3.0,12.0,17.0,15.0,3.0,2.0,13.0,1.0,4.0,1.0,6.0
2020-06-01,58.0,12.0,52.0,10.0,74.0,41.0,19.0,5.0,5.0,23.0,1.0,9.0,6.0,15.0
2020-06-02,38.0,2.0,14.0,1.0,19.0,16.0,12.0,4.0,2.0,10.0,0.0,6.0,0.0,13.0
2020-06-03,69.0,15.0,48.0,5.0,61.0,52.0,14.0,5.0,12.0,18.0,1.0,17.0,1.0,15.0
2020-06-04,49.0,15.0,62.0,4.0,74.0,53.0,14.0,2.0,9.0,13.0,2.0,11.0,2.0,17.0
2020-06-05,78.0,12.0,65.0,3.0,76.0,69.0,13.0,8.0,12.0,20.0,2.0,15.0,4.0,16.0
2020-06-06,58.0,19.0,53.0,5.0,54.0,31.0,15.0,8.0,2.0,19.0,1.0,9.0,0.0,13.0
2020-06-07,23.0,10.0,20.0,1.0,11.0,12.0,14.0,2.0,0.0,16.0,0.0,2.0,1.0,7.0
2020-06-08,46.0,13.0,57.0,4.0,63.0,37.0,18.0,10.0,9.0,22.0,0.0,12.0,2.0,9.0
2020-06-09,55.0,10.0,45.0,1.0,103.0,41.0,11.0,12.0,8.0,25.0,0.0,16.0,2.0,23.0
2020-06-10,61.0,18.0,52.0,3.0,65.0,53.0,13.0,8.0,12.0,25.0,2.0,13.0,1.0,19.0
2020-06-11,91.0,20.0,68.0,2.0,66.0,50.0,18.0,6.0,8.0,13.0,0.0,17.0,2.0,17.0
2020-06-12,54.0,9.0,63.0,3.0,91.0,56.0,16.0,9.0,11.0,16.0,1.0,15.0,1.0,25.0
2020-06-13,50.0,19.0,49.0,1.0,49.0,44.0,10.0,7.0,5.0,17.0,1.0,8.0,0.0,9.0
2020-06-14,24.0,7.0,30.0,0.0,12.0,19.0,4.0,7.0,1.0,5.0,0.0,3.0,0.0,6.0
2020-06-15,47.0,9.0,63.0,3.0,75.0,37.0,9.0,23.0,6.0,18.0,1.0,22.0,2.0,25.0
2020-06-16,49.0,13.0,63.0,2.0,65.0,47.0,6.0,14.0,11.0,16.0,1.0,8.0,1.0,19.0
2020-06-17,72.0,17.0,67.0,3.0,72.0,59.0,11.0,16.0,6.0,20.0,0.0,10.0,1.0,15.0
2020-06-18,52.0,14.0,71.0,5.0,96.0,58.0,10.0,15.0,6.0,18.0,0.0,12.0,1.0,17.0
2020-06-19,65.0,14.0,73.0,3.0,91.0,64.0,2.0,21.0,10.0,21.0,2.0,19.0,5.0,24.0
2020-06-20,64.0,20.0,64.0,1.0,46.0,37.0,5.0,9.0,4.0,6.0,0.0,10.0,0.0,18.0
2020-06-21,23.0,9.0,26.0,0.0,18.0,22.0,4.0,8.0,4.0,5.0,1.0,2.0,0.0,7.0
2020-06-22,54.0,10.0,64.0,1.0,74.0,57.0,9.0,12.0,10.0,14.0,1.0,16.0,2.0,19.0
2020-06-23,44.0,11.0,65.0,1.0,69.0,57.0,7.0,12.0,7.0,18.0,0.0,16.0,0.0,25.0
2020-06-24,64.0,14.0,72.0,1.0,71.0,54.0,20.0,13.0,9.0,8.0,1.0,13.0,2.0,27.0
2020-06-25,53.0,23.0,74.0,1.0,88.0,56.0,9.0,16.0,7.0,11.0,1.0,16.0,2.0,18.0
2020-06-26,63.0,19.0,100.0,0.0,84.0,76.0,11.0,10.0,7.0,18.0,0.0,20.0,3.0,18.0
2020-06-27,31.0,17.0,50.0,1.0,42.0,37.0,6.0,12.0,3.0,15.0,2.0,9.0,1.0,15.0
2020-06-28,34.0,4.0,28.0,0.0,14.0,20.0,8.0,13.0,2.0,8.0,1.0,4.0,1.0,4.0
2020-06-29,47.0,12.0,70.0,0.0,75.0,42.0,9.0,13.0,8.0,21.0,2.0,14.0,4.0,22.0
2020-06-30,51.0,11.0,73.0,2.0,81.0,54.0,2.0,19.0,8.0,24.0,0.0,12.0,1.0,20.0
2020-07-01,59.0,16.0,71.0,2.0,69.0,52.0,7.0,12.0,11.0,15.0,2.0,10.0,4.0,21.0
2020-07-02,60.0,30.0,70.0,1.0,82.0,55.0,5.0,17.0,6.0,12.0,1.0,14.0,0.0,23.0
2020-07-03,61.0,15.0,76.0,1.0,99.0,74.0,4.0,9.0,4.0,17.0,2.0,13.0,3.0,22.0
2020-07-04,40.0,21.0,68.0,0.0,71.0,45.0,4.0,14.0,9.0,8.0,1.0,7.0,0.0,11.0
2020-07-05,22.0,7.0,37.0,0.0,10.0,26.0,5.0,12.0,2.0,7.0,0.0,7.0,2.0,9.0
2020-07-06,53.0,15.0,72.0,0.0,75.0,41.0,6.0,14.0,14.0,11.0,1.0,12.0,1.0,19.0
2020-07-07,49.0,14.0,68.0,0.0,76.0,57.0,9.0,15.0,12.0,11.0,1.0,15.0,0.0,23.0
2020-07-08,63.0,18.0,70.0,1.0,90.0,59.0,7.0,11.0,9.0,9.0,1.0,11.0,0.0,24.0
2020-07-09,59.0,23.0,69.0,0.0,75.0,57.0,6.0,16.0,7.0,7.0,2.0,11.0,1.0,14.0
2020-07-10,55.0,35.0,75.0,0.0,88.0,65.0,4.0,9.0,12.0,5.0,0.0,16.0,1.0,18.0
2020-07-11,44.0,21.0,72.0,0.0,55.0,46.0,4.0,11.0,13.0,5.0,0.0,8.0,0.0,11.0
2020-07-12,19.0,10.0,31.0,0.0,15.0,27.0,6.0,9.0,1.0,6.0,0.0,4.0,0.0,10.0
2020-07-13,51.0,18.0,60.0,2.0,69.0,41.0,10.0,11.0,10.0,8.0,1.0,16.0,1.0,18.0
2020-07-14,49.0,24.0,60.0,1.0,83.0,43.0,10.0,13.0,6.0,11.0,0.0,20.0,0.0,28.0
2020-07-15,62.0,22.0,75.0,0.0,85.0,63.0,6.0,16.0,10.0,10.0,0.0,10.0,0.0,23.0
2020-07-16,62.0,24.0,73.0,0.0,73.0,48.0,7.0,20.0,11.0,9.0,0.0,15.0,3.0,25.0
2020-07-17,47.0,23.0,91.0,2.0,87.0,70.0,4.0,11.0,7.0,3.0,1.0,21.0,1.0,28.0
2020-07-18,39.0,16.0,58.0,0.0,53.0,50.0,8.0,9.0,4.0,6.0,2.0,9.0,1.0,17.0
2020-07-19,23.0,12.0,40.0,0.0,13.0,32.0,5.0,13.0,1.0,4.0,0.0,3.0,2.0,10.0
2020-07-20,43.0,16.0,59.0,1.0,70.0,48.0,13.0,15.0,16.0,8.0,0.0,14.0,2.0,15.0
2020-07-21,59.0,25.0,83.0,0.0,88.0,50.0,6.0,14.0,14.0,10.0,0.0,16.0,2.0,27.0
2020-07-22,71.0,20.0,76.0,0.0,90.0,62.0,10.0,16.0,5.0,6.0,1.0,9.0,5.0,27.0
2020-07-23,66.0,32.0,64.0,0.0,84.0,60.0,8.0,16.0,11.0,8.0,0.0,17.0,3.0,21.0
2020-07-24,65.0,26.0,87.0,0.0,102.0,74.0,5.0,16.0,8.0,5.0,0.0,19.0,1.0,28.0
2020-07-25,36.0,17.0,58.0,0.0,58.0,36.0,2.0,12.0,3.0,8.0,0.0,5.0,1.0,12.0
2020-07-26,19.0,10.0,21.0,0.0,7.0,24.0,1.0,7.0,1.0,4.0,0.0,3.0,1.0,9.0
2020-07-27,47.0,9.0,68.0,3.0,84.0,56.0,6.0,20.0,12.0,8.0,1.0,9.0,3.0,13.0
2020-07-28,50.0,23.0,70.0,2.0,79.0,52.0,8.0,12.0,9.0,7.0,0.0,12.0,3.0,24.0
2020-07-29,70.0,19.0,67.0,0.0,79.0,64.0,6.0,11.0,8.0,8.0,1.0,16.0,2.0,14.0
2020-07-30,53.0,22.0,68.0,0.0,91.0,56.0,2.0,9.0,9.0,7.0,0.0,14.0,5.0,20.0
2020-07-31,67.0,12.0,74.0,0.0,97.0,63.0,8.0,15.0,5.0,6.0,1.0,14.0,2.0,22.0
2020-08-01,48.0,12.0,50.0,0.0,59.0,29.0,5.0,11.0,5.0,6.0,0.0,8.0,1.0,11.0
2020-08-02,18.0,5.0,22.0,0.0,11.0,14.0,7.0,4.0,1.0,5.0,0.0,3.0,1.0,6.0
2020-08-03,47.0,11.0,61.0,0.0,78.0,36.0,10.0,10.0,9.0,3.0,1.0,13.0,2.0,16.0
2020-08-04,47.0,7.0,66.0,1.0,96.0,47.0,7.0,18.0,10.0,8.0,1.0,16.0,0.0,21.0
2020-08-05,49.0,13.0,56.0,0.0,73.0,48.0,4.0,10.0,11.0,5.0,2.0,14.0,0.0,15.0
2020-08-06,45.0,15.0,69.0,0.0,98.0,47.0,10.0,10.0,9.0,7.0,2.0,10.0,2.0,19.0
2020-08-07,66.0,25.0,75.0,0.0,104.0,58.0,2.0,18.0,6.0,10.0,1.0,12.0,2.0,18.0
2020-08-08,43.0,15.0,44.0,1.0,53.0,34.0,2.0,12.0,2.0,3.0,1.0,7.0,0.0,14.0
2020-08-09,26.0,3.0,32.0,0.0,9.0,15.0,5.0,6.0,1.0,5.0,0.0,2.0,1.0,6.0
2020-08-10,54.0,8.0,56.0,0.0,76.0,58.0,6.0,12.0,10.0,13.0,0.0,8.0,4.0,15.0
2020-08-11,46.0,14.0,65.0,0.0,74.0,48.0,3.0,9.0,6.0,7.0,0.0,13.0,2.0,17.0
2020-08-12,50.0,13.0,58.0,0.0,79.0,54.0,5.0,10.0,11.0,6.0,0.0,12.0,3.0,18.0
2020-08-13,49.0,20.0,51.0,0.0,86.0,47.0,6.0,11.0,11.0,8.0,1.0,13.0,1.0,17.0
2020-08-14,48.0,16.0,63.0,0.0,107.0,64.0,2.0,18.0,7.0,11.0,1.0,13.0,1.0,18.0
2020-08-15,22.0,10.0,45.0,0.0,22.0,25.0,2.0,2.0,1.0,7.0,0.0,4.0,2.0,12.0
2020-08-16,15.0,9.0,20.0,0.0,20.0,18.0,2.0,8.0,2.0,0.0,2.0,4.0,3.0,8.0
2020-08-17,35.0,12.0,46.0,1.0,86.0,42.0,6.0,10.0,9.0,7.0,0.0,13.0,0.0,23.0
2020-08-18,42.0,11.0,70.0,0.0,82.0,56.0,5.0,12.0,8.0,12.0,0.0,13.0,1.0,15.0
2020-08-19,45.0,16.0,48.0,1.0,70.0,40.0,4.0,6.0,8.0,5.0,0.0,12.0,3.0,19.0
2020-08-20,42.0,18.0,48.0,0.0,74.0,45.0,0.0,11.0,5.0,3.0,0.0,11.0,2.0,26.0
2020-08-21,46.0,13.0,71.0,0.0,85.0,63.0,5.0,9.0,7.0,8.0,2.0,12.0,3.0,18.0
2020-08-22,56.0,12.0,48.0,0.0,60.0,37.0,4.0,10.0,1.0,6.0,0.0,11.0,3.0,20.0
2020-08-23,14.0,4.0,27.0,0.0,7.0,19.0,1.0,8.0,2.0,3.0,0.0,1.0,1.0,11.0
2020-08-24,41.0,12.0,53.0,0.0,78.0,45.0,2.0,15.0,10.0,5.0,0.0,9.0,2.0,16.0
2020-08-25,32.0,6.0,65.0,0.0,83.0,50.0,2.0,18.0,5.0,6.0,0.0,14.0,1.0,17.0
2020-08-26,57.0,29.0,62.0,0.0,90.0,68.0,3.0,9.0,14.0,7.0,0.0,9.0,2.0,15.0
2020-08-27,46.0,15.0,77.0,1.0,93.0,51.0,2.0,10.0,10.0,10.0,0.0,10.0,0.0,22.0
2020-08-28,56.0,31.0,54.0,0.0,92.0,56.0,5.0,14.0,4.0,5.0,1.0,17.0,1.0,20.0
2020-08-29,37.0,15.0,51.0,0.0,56.0,32.0,1.0,5.0,1.0,8.0,2.0,3.0,3.0,12.0
2020-08-30,13.0,10.0,22.0,0.0,12.0,16.0,0.0,7.0,0.0,2.0,0.0,2.0,3.0,5.0
2020-08-31,44.0,22.0,41.0,0.0,59.0,63.0,4.0,13.0,9.0,10.0,2.0,17.0,2.0,18.0
2020-09-01,44.0,19.0,53.0,0.0,84.0,58.0,2.0,13.0,7.0,2.0,2.0,10.0,1.0,17.0
2020-09-02,62.0,13.0,91.0,0.0,83.0,50.0,2.0,9.0,10.0,14.0,0.0,13.0,3.0,19.0
2020-09-03,53.0,19.0,58.0,1.0,96.0,60.0,1.0,19.0,3.0,6.0,0.0,12.0,1.0,20.0
2020-09-04,57.0,27.0,81.0,0.0,86.0,76.0,2.0,15.0,5.0,9.0,1.0,14.0,2.0,15.0
2020-09-05,41.0,21.0,49.0,0.0,49.0,27.0,3.0,10.0,5.0,4.0,0.0,7.0,2.0,12.0
2020-09-06,23.0,7.0,28.0,0.0,13.0,21.0,4.0,4.0,0.0,5.0,0.0,3.0,0.0,8.0
2020-09-07,56.0,15.0,61.0,1.0,93.0,57.0,2.0,16.0,5.0,4.0,1.0,14.0,2.0,20.0
2020-09-08,41.0,26.0,74.0,0.0,102.0,44.0,3.0,14.0,10.0,4.0,1.0,14.0,0.0,23.0
2020-09-09,46.0,25.0,67.0,0.0,79.0,61.0,5.0,17.0,8.0,13.0,0.0,13.0,0.0,21.0
2020-09-10,56.0,15.0,72.0,1.0,73.0,64.0,4.0,11.0,12.0,6.0,2.0,14.0,1.0,24.0
2020-09-11,56.0,32.0,88.0,0.0,88.0,68.0,3.0,14.0,4.0,7.0,0.0,15.0,5.0,22.0
2020-09-12,50.0,18.0,63.0,0.0,54.0,51.0,1.0,10.0,3.0,8.0,0.0,7.0,2.0,12.0
2020-09-13,28.0,12.0,32.0,0.0,9.0,27.0,1.0,5.0,0.0,6.0,0.0,3.0,0.0,8.0
2020-09-14,51.0,13.0,72.0,0.0,79.0,66.0,2.0,12.0,10.0,6.0,0.0,18.0,0.0,19.0
2020-09-15,46.0,27.0,65.0,0.0,93.0,58.0,3.0,15.0,11.0,5.0,1.0,15.0,5.0,29.0
2020-09-16,65.0,29.0,91.0,0.0,76.0,60.0,3.0,18.0,6.0,12.0,3.0,10.0,3.0,20.0
2020-09-17,48.0,19.0,81.0,0.0,84.0,48.0,4.0,18.0,11.0,4.0,1.0,15.0,3.0,23.0
2020-09-18,55.0,25.0,95.0,0.0,95.0,77.0,2.0,18.0,11.0,4.0,1.0,17.0,3.0,22.0
2020-09-19,52.0,23.0,64.0,0.0,60.0,31.0,2.0,11.0,12.0,7.0,1.0,9.0,1.0,16.0
2020-09-20,23.0,5.0,35.0,0.0,11.0,20.0,2.0,10.0,0.0,4.0,0.0,3.0,0.0,7.0
2020-09-21,50.0,22.0,74.0,1.0,83.0,56.0,4.0,16.0,19.0,8.0,2.0,19.0,3.0,20.0
2020-09-22,36.0,23.0,80.0,0.0,83.0,75.0,4.0,14.0,10.0,9.0,1.0,12.0,2.0,25.0
2020-09-23,56.0,30.0,70.0,0.0,71.0,74.0,0.0,20.0,10.0,8.0,1.0,18.0,3.0,22.0
2020-09-24,54.0,34.0,98.0,1.0,89.0,52.0,6.0,13.0,9.0,4.0,4.0,17.0,2.0,38.0
2020-09-25,72.0,27.0,88.0,1.0,90.0,89.0,1.0,17.0,12.0,5.0,2.0,15.0,3.0,26.0
2020-09-26,39.0,27.0,62.0,1.0,51.0,42.0,2.0,23.0,12.0,7.0,0.0,7.0,1.0,13.0
2020-09-27,27.0,11.0,40.0,0.0,14.0,29.0,2.0,7.0,1.0,3.0,0.0,4.0,1.0,6.0
2020-09-28,59.0,14.0,80.0,2.0,73.0,69.0,4.0,21.0,13.0,4.0,1.0,19.0,1.0,20.0
2020-09-29,33.0,20.0,71.0,0.0,86.0,60.0,3.0,14.0,7.0,7.0,0.0,16.0,1.0,24.0
2020-09-30,59.0,26.0,89.0,0.0,83.0,77.0,4.0,13.0,10.0,7.0,1.0,15.0,2.0,23.0
2020-10-01,52.0,27.0,87.0,0.0,90.0,58.0,2.0,15.0,11.0,5.0,0.0,22.0,3.0,26.0
2020-10-02,70.0,31.0,91.0,0.0,102.0,79.0,6.0,13.0,11.0,2.0,1.0,15.0,3.0,24.0
2020-10-03,52.0,23.0,67.0,0.0,70.0,43.0,2.0,13.0,7.0,1.0,0.0,9.0,1.0,21.0
2020-10-04,36.0,11.0,39.0,0.0,22.0,24.0,0.0,6.0,0.0,0.0,0.0,2.0,2.0,7.0
2020-10-05,51.0,17.0,66.0,1.0,78.0,61.0,6.0,11.0,16.0,2.0,1.0,19.0,2.0,27.0
2020-10-06,45.0,25.0,58.0,1.0,77.0,58.0,4.0,17.0,9.0,10.0,3.0,13.0,3.0,26.0
2020-10-07,65.0,25.0,75.0,1.0,90.0,73.0,6.0,16.0,10.0,4.0,3.0,15.0,2.0,27.0
2020-10-08,70.0,29.0,78.0,2.0,89.0,68.0,8.0,14.0,8.0,2.0,0.0,16.0,1.0,20.0
2020-10-09,55.0,23.0,105.0,0.0,100.0,80.0,8.0,17.0,9.0,7.0,3.0,20.0,4.0,29.0
2020-10-10,51.0,16.0,70.0,0.0,62.0,38.0,13.0,11.0,6.0,8.0,4.0,7.0,5.0,20.0
2020-10-11,39.0,14.0,29.0,1.0,17.0,24.0,2.0,13.0,2.0,9.0,0.0,4.0,2.0,9.0
2020-10-12,39.0,19.0,75.0,0.0,70.0,68.0,14.0,19.0,9.0,7.0,0.0,16.0,3.0,21.0
2020-10-13,41.0,23.0,89.0,1.0,82.0,64.0,9.0,15.0,7.0,7.0,1.0,18.0,3.0,24.0
2020-10-14,61.0,23.0,92.0,0.0,85.0,59.0,11.0,13.0,16.0,9.0,2.0,17.0,2.0,20.0
2020-10-15,62.0,35.0,68.0,1.0,92.0,55.0,11.0,12.0,17.0,9.0,0.0,19.0,2.0,22.0
2020-10-16,78.0,30.0,98.0,1.0,95.0,81.0,13.0,8.0,10.0,11.0,0.0,17.0,4.0,26.0
2020-10-17,52.0,28.0,66.0,0.0,79.0,36.0,19.0,14.0,5.0,9.0,0.0,4.0,3.0,10.0
2020-10-18,23.0,8.0,30.0,0.0,15.0,15.0,7.0,7.0,4.0,6.0,0.0,4.0,7.0,7.0
2020-10-19,34.0,19.0,68.0,1.0,85.0,73.0,13.0,15.0,9.0,7.0,0.0,18.0,2.0,24.0
2020-10-20,48.0,18.0,67.0,1.0,72.0,67.0,14.0,15.0,11.0,14.0,0.0,13.0,6.0,21.0
2020-10-21,42.0,32.0,99.0,2.0,82.0,83.0,21.0,12.0,7.0,17.0,0.0,13.0,4.0,28.0
2020-10-22,59.0,30.0,99.0,1.0,91.0,79.0,14.0,13.0,7.0,6.0,0.0,19.0,4.0,26.0
2020-10-23,70.0,31.0,82.0,3.0,95.0,77.0,15.0,16.0,6.0,9.0,1.0,22.0,5.0,24.0
2020-10-24,42.0,23.0,83.0,0.0,71.0,51.0,18.0,8.0,4.0,4.0,0.0,12.0,3.0,11.0
2020-10-25,15.0,10.0,29.0,1.0,18.0,22.0,7.0,11.0,0.0,8.0,0.0,1.0,3.0,11.0
2020-10-26,31.0,15.0,82.0,2.0,87.0,72.0,17.0,17.0,9.0,10.0,2.0,16.0,5.0,21.0
2020-10-27,39.0,32.0,71.0,1.0,116.0,47.0,16.0,17.0,8.0,7.0,2.0,16.0,2.0,36.0
2020-10-28,46.0,36.0,93.0,1.0,89.0,66.0,24.0,10.0,10.0,21.0,1.0,14.0,6.0,23.0
2020-10-29,39.0,28.0,85.0,2.0,83.0,75.0,16.0,12.0,8.0,9.0,0.0,18.0,7.0,22.0
2020-10-30,63.0,31.0,79.0,1.0,92.0,80.0,32.0,13.0,5.0,3.0,0.0,14.0,5.0,29.0
2020-10-31,33.0,19.0,56.0,3.0,50.0,47.0,37.0,16.0,6.0,10.0,2.0,8.0,6.0,19.0
2020-11-01,19.0,9.0,41.0,1.0,16.0,29.0,15.0,7.0,1.0,8.0,2.0,1.0,7.0,10.0
2020-11-02,30.0,25.0,74.0,2.0,70.0,65.0,30.0,18.0,8.0,14.0,5.0,17.0,5.0,16.0
2020-11-03,30.0,32.0,96.0,2.0,93.0,54.0,39.0,13.0,9.0,5.0,4.0,15.0,13.0,25.0
2020-11-04,33.0,19.0,80.0,3.0,67.0,58.0,38.0,9.0,14.0,10.0,7.0,15.0,5.0,22.0
2020-11-05,33.0,40.0,68.0,7.0,97.0,70.0,53.0,10.0,11.0,9.0,19.0,18.0,14.0,26.0
2020-11-06,32.0,24.0,90.0,2.0,89.0,70.0,29.0,12.0,6.0,14.0,6.0,18.0,10.0,25.0
2020-11-07,24.0,19.0,73.0,2.0,82.0,54.0,36.0,7.0,5.0,11.0,7.0,7.0,10.0,13.0
2020-11-08,13.0,18.0,34.0,1.0,9.0,25.0,22.0,6.0,0.0,7.0,4.0,4.0,4.0,7.0
2020-11-09,19.0,36.0,63.0,2.0,66.0,46.0,45.0,7.0,9.0,13.0,5.0,10.0,5.0,28.0
2020-11-10,24.0,21.0,65.0,8.0,89.0,71.0,33.0,5.0,5.0,10.0,9.0,15.0,6.0,22.0
2020-11-11,41.0,32.0,73.0,2.0,70.0,56.0,52.0,12.0,7.0,15.0,12.0,13.0,8.0,17.0
2020-11-12,47.0,19.0,82.0,1.0,81.0,75.0,46.0,10.0,8.0,9.0,17.0,16.0,18.0,21.0
2020-11-13,32.0,31.0,81.0,2.0,91.0,55.0,49.0,13.0,12.0,21.0,9.0,15.0,6.0,24.0
2020-11-14,33.0,16.0,81.0,4.0,42.0,62.0,44.0,6.0,4.0,8.0,10.0,12.0,2.0,16.0
2020-11-15,15.0,11.0,28.0,0.0,22.0,24.0,31.0,3.0,1.0,8.0,11.0,11.0,5.0,10.0
2020-11-16,21.0,21.0,68.0,3.0,62.0,57.0,47.0,9.0,8.0,7.0,12.0,16.0,7.0,25.0
2020-11-17,19.0,31.0,84.0,2.0,51.0,60.0,58.0,5.0,10.0,7.0,9.0,15.0,6.0,22.0
2020-11-18,39.0,29.0,87.0,5.0,70.0,51.0,46.0,5.0,9.0,6.0,18.0,10.0,10.0,24.0
2020-11-19,24.0,31.0,67.0,4.0,56.0,67.0,47.0,5.0,5.0,5.0,4.0,17.0,8.0,25.0
2020-11-20,45.0,28.0,78.0,2.0,56.0,65.0,52.0,5.0,5.0,3.0,12.0,16.0,9.0,27.0
2020-11-21,27.0,23.0,77.0,0.0,37.0,54.0,39.0,9.0,10.0,3.0,8.0,7.0,3.0,16.0
2020-11-22,18.0,14.0,36.0,0.0,14.0,24.0,30.0,8.0,0.0,2.0,9.0,5.0,2.0,10.0
2020-11-23,36.0,21.0,76.0,3.0,59.0,58.0,32.0,7.0,4.0,4.0,7.0,12.0,5.0,19.0
2020-11-24,32.0,19.0,56.0,2.0,62.0,55.0,56.0,4.0,13.0,6.0,11.0,14.0,2.0,18.0
2020-11-25,41.0,24.0,79.0,6.0,60.0,57.0,47.0,5.0,4.0,5.0,11.0,10.0,5.0,22.0
2020-11-26,33.0,23.0,90.0,1.0,69.0,52.0,72.0,7.0,7.0,2.0,9.0,14.0,3.0,20.0
2020-11-27,32.0,30.0,103.0,4.0,82.0,84.0,47.0,5.0,8.0,2.0,13.0,14.0,5.0,27.0
2020-11-28,30.0,21.0,72.0,3.0,56.0,35.0,39.0,10.0,11.0,2.0,11.0,6.0,4.0,13.0
2020-11-29,24.0,5.0,30.0,0.0,11.0,24.0,18.0,0.0,1.0,3.0,3.0,1.0,2.0,11.0
2020-11-30,33.0,29.0,64.0,1.0,62.0,53.0,41.0,6.0,10.0,1.0,10.0,19.0,5.0,25.0
2020-12-01,29.0,21.0,75.0,5.0,69.0,53.0,45.0,7.0,9.0,4.0,8.0,13.0,4.0,28.0
2020-12-02,23.0,27.0,60.0,1.0,71.0,51.0,52.0,10.0,10.0,1.0,12.0,16.0,7.0,30.0
2020-12-03,23.0,34.0,82.0,4.0,82.0,58.0,44.0,8.0,15.0,2.0,9.0,13.0,3.0,25.0
2020-12-04,38.0,30.0,96.0,1.0,77.0,81.0,47.0,7.0,7.0,3.0,13.0,15.0,4.0,28.0
2020-12-05,32.0,16.0,69.0,5.0,63.0,40.0,32.0,8.0,3.0,3.0,7.0,6.0,2.0,17.0
2020-12-06,15.0,11.0,25.0,0.0,13.0,18.0,12.0,6.0,3.0,0.0,7.0,4.0,4.0,9.0
2020-12-07,33.0,31.0,61.0,3.0,66.0,49.0,42.0,6.0,9.0,4.0,10.0,17.0,8.0,24.0
2020-12-08,20.0,13.0,47.0,0.0,19.0,36.0,25.0,2.0,3.0,1.0,8.0,8.0,2.0,13.0
2020-12-09,27.0,22.0,79.0,2.0,59.0,67.0,41.0,4.0,13.0,1.0,13.0,12.0,5.0,24.0
2020-12-10,34.0,21.0,78.0,3.0,62.0,63.0,42.0,9.0,5.0,4.0,12.0,14.0,4.0,34.0
2020-12-11,39.0,19.0,71.0,2.0,97.0,66.0,44.0,9.0,8.0,4.0,13.0,13.0,5.0,22.0
2020-12-12,16.0,18.0,72.0,1.0,63.0,54.0,39.0,4.0,2.0,4.0,8.0,6.0,3.0,18.0
2020-12-13,13.0,18.0,33.0,0.0,22.0,17.0,19.0,2.0,2.0,4.0,3.0,4.0,1.0,7.0
2020-12-14,33.0,18.0,73.0,3.0,66.0,54.0,42.0,5.0,15.0,1.0,10.0,13.0,0.0,27.0
2020-12-15,30.0,20.0,84.0,1.0,76.0,56.0,43.0,6.0,11.0,3.0,11.0,10.0,8.0,20.0
2020-12-16,36.0,28.0,83.0,5.0,64.0,67.0,45.0,2.0,6.0,4.0,10.0,10.0,7.0,26.0
2020-12-17,41.0,29.0,77.0,1.0,66.0,55.0,51.0,12.0,9.0,1.0,9.0,15.0,7.0,24.0
2020-12-18,44.0,27.0,97.0,3.0,78.0,82.0,36.0,5.0,2.0,2.0,8.0,13.0,5.0,25.0
2020-12-19,20.0,21.0,70.0,3.0,68.0,47.0,27.0,12.0,3.0,4.0,2.0,11.0,1.0,15.0
2020-12-20,9.0,11.0,31.0,1.0,21.0,20.0,23.0,0.0,2.0,3.0,3.0,6.0,5.0,7.0
2020-12-21,28.0,17.0,66.0,1.0,65.0,62.0,47.0,8.0,7.0,2.0,8.0,17.0,4.0,25.0
2020-12-22,19.0,21.0,73.0,2.0,99.0,77.0,42.0,7.0,12.0,2.0,8.0,12.0,10.0,19.0
2020-12-23,32.0,22.0,85.0,2.0,73.0,61.0,47.0,5.0,10.0,4.0,9.0,15.0,4.0,22.0
2020-12-24,38.0,25.0,90.0,6.0,110.0,74.0,47.0,9.0,10.0,3.0,11.0,14.0,4.0,17.0
2020-12-25,19.0,12.0,33.0,0.0,28.0,19.0,27.0,5.0,1.0,0.0,6.0,5.0,2.0,9.0
2020-12-26,23.0,9.0,38.0,1.0,41.0,24.0,27.0,6.0,1.0,6.0,2.0,4.0,6.0,11.0
2020-12-27,6.0,17.0,20.0,1.0,32.0,25.0,25.0,3.0,0.0,2.0,4.0,6.0,3.0,13.0
2020-12-28,20.0,19.0,43.0,5.0,50.0,38.0,48.0,9.0,5.0,0.0,10.0,8.0,6.0,15.0
2020-12-29,16.0,24.0,57.0,4.0,79.0,56.0,38.0,5.0,6.0,1.0,12.0,7.0,4.0,18.0
2020-12-30,28.0,19.0,59.0,3.0,67.0,48.0,43.0,7.0,7.0,1.0,9.0,13.0,6.0,19.0
2020-12-31,30.0,27.0,79.0,4.0,90.0,69.0,50.0,13.0,8.0,2.0,9.0,14.0,2.0,20.0
2021-01-01,34.0,14.0,34.0,0.0,25.0,17.0,15.0,6.0,0.0,1.0,7.0,5.0,4.0,9.0
2021-01-02,27.0,4.0,35.0,2.0,52.0,32.0,36.0,3.0,3.0,1.0,4.0,5.0,1.0,10.0
2021-01-03,8.0,9.0,24.0,3.0,19.0,23.0,25.0,3.0,0.0,0.0,9.0,1.0,3.0,7.0
2021-01-04,30.0,18.0,38.0,1.0,83.0,53.0,42.0,3.0,8.0,0.0,6.0,13.0,7.0,12.0
2021-01-05,30.0,22.0,59.0,4.0,89.0,59.0,56.0,12.0,2.0,7.0,9.0,19.0,5.0,23.0
2021-01-06,26.0,13.0,34.0,2.0,35.0,25.0,24.0,2.0,1.0,0.0,4.0,7.0,2.0,9.0
2021-01-07,28.0,25.0,71.0,3.0,81.0,56.0,39.0,4.0,9.0,1.0,9.0,11.0,3.0,26.0
2021-01-08,20.0,14.0,61.0,4.0,84.0,61.0,43.0,8.0,5.0,1.0,8.0,17.0,5.0,31.0
2021-01-09,18.0,19.0,67.0,5.0,74.0,46.0,45.0,6.0,2.0,3.0,7.0,6.0,4.0,12.0
2021-01-10,19.0,7.0,32.0,1.0,16.0,20.0,20.0,3.0,0.0,2.0,11.0,5.0,3.0,8.0
2021-01-11,35.0,30.0,77.0,1.0,61.0,50.0,45.0,7.0,11.0,2.0,5.0,13.0,6.0,21.0
2021-01-12,37.0,30.0,63.0,0.0,86.0,49.0,50.0,8.0,5.0,1.0,10.0,10.0,8.0,26.0
2021-01-13,43.0,22.0,92.0,4.0,79.0,61.0,31.0,15.0,9.0,0.0,8.0,12.0,1.0,23.0
2021-01-14,38.0,28.0,99.0,4.0,63.0,63.0,42.0,4.0,3.0,4.0,7.0,17.0,3.0,28.0
2021-01-15,41.0,26.0,82.0,2.0,88.0,73.0,46.0,9.0,7.0,4.0,15.0,16.0,5.0,26.0
2021-01-16,47.0,25.0,77.0,5.0,58.0,47.0,30.0,7.0,7.0,0.0,8.0,8.0,5.0,17.0
2021-01-17,22.0,13.0,28.0,0.0,20.0,20.0,23.0,3.0,0.0,0.0,10.0,5.0,5.0,11.0
2021-01-18,18.0,29.0,74.0,1.0,64.0,56.0,30.0,9.0,10.0,1.0,11.0,18.0,10.0,24.0
2021-01-19,32.0,29.0,82.0,1.0,71.0,64.0,44.0,6.0,5.0,3.0,4.0,8.0,3.0,32.0
2021-01-20,42.0,32.0,87.0,4.0,73.0,72.0,44.0,6.0,11.0,2.0,5.0,21.0,4.0,33.0
2021-01-21,32.0,23.0,98.0,2.0,79.0,64.0,37.0,4.0,10.0,3.0,6.0,13.0,2.0,22.0
2021-01-22,43.0,28.0,100.0,2.0,77.0,64.0,51.0,8.0,7.0,0.0,7.0,18.0,4.0,34.0
2021-01-23,39.0,18.0,69.0,2.0,66.0,44.0,44.0,6.0,4.0,3.0,7.0,8.0,3.0,15.0
2021-01-24,27.0,6.0,38.0,0.0,11.0,16.0,14.0,0.0,0.0,0.0,3.0,5.0,1.0,10.0
2021-01-25,36.0,30.0,87.0,3.0,76.0,67.0,31.0,5.0,9.0,5.0,5.0,16.0,3.0,27.0
2021-01-26,28.0,29.0,80.0,2.0,66.0,63.0,31.0,9.0,7.0,3.0,3.0,23.0,3.0,34.0
2021-01-27,40.0,44.0,98.0,1.0,80.0,67.0,37.0,9.0,6.0,0.0,16.0,20.0,2.0,32.0
2021-01-28,46.0,37.0,99.0,3.0,74.0,65.0,35.0,7.0,8.0,1.0,2.0,16.0,5.0,32.0
2021-01-29,45.0,37.0,88.0,1.0,77.0,57.0,31.0,11.0,12.0,0.0,7.0,17.0,4.0,30.0
2021-01-30,30.0,17.0,80.0,1.0,74.0,42.0,12.0,11.0,5.0,2.0,4.0,9.0,1.0,15.0
2021-01-31,20.0,13.0,37.0,0.0,16.0,20.0,11.0,6.0,0.0,1.0,2.0,5.0,3.0,10.0
2021-02-01,49.0,18.0,82.0,4.0,54.0,70.0,28.0,13.0,5.0,2.0,6.0,17.0,7.0,28.0
2021-02-02,30.0,31.0,72.0,1.0,69.0,55.0,26.0,13.0,6.0,2.0,6.0,16.0,4.0,30.0
2021-02-03,45.0,30.0,103.0,1.0,61.0,81.0,25.0,8.0,10.0,2.0,3.0,18.0,3.0,27.0
2021-02-04,39.0,25.0,98.0,0.0,92.0,59.0,33.0,13.0,2.0,3.0,4.0,21.0,6.0,29.0
2021-02-05,35.0,30.0,92.0,3.0,84.0,53.0,34.0,8.0,8.0,1.0,7.0,13.0,4.0,30.0
2021-02-06,33.0,24.0,68.0,5.0,66.0,55.0,32.0,11.0,4.0,2.0,4.0,7.0,5.0,14.0
2021-02-07,17.0,8.0,37.0,1.0,15.0,23.0,13.0,6.0,1.0,3.0,4.0,3.0,1.0,11.0
2021-02-08,31.0,30.0,80.0,2.0,76.0,44.0,30.0,14.0,7.0,4.0,5.0,14.0,5.0,25.0
2021-02-09,31.0,34.0,98.0,3.0,92.0,52.0,32.0,14.0,7.0,6.0,8.0,16.0,0.0,34.0
2021-02-10,30.0,28.0,88.0,0.0,91.0,70.0,35.0,11.0,14.0,4.0,11.0,17.0,5.0,32.0
2021-02-11,24.0,23.0,105.0,1.0,70.0,70.0,34.0,13.0,4.0,2.0,10.0,18.0,6.0,34.0
2021-02-12,55.0,21.0,90.0,4.0,99.0,50.0,33.0,14.0,8.0,3.0,6.0,16.0,6.0,29.0
2021-02-13,37.0,23.0,89.0,3.0,57.0,49.0,29.0,12.0,2.0,6.0,5.0,5.0,1.0,11.0
2021-02-14,27.0,18.0,37.0,0.0,16.0,18.0,20.0,9.0,0.0,4.0,6.0,2.0,4.0,6.0
2021-02-15,30.0,27.0,74.0,3.0,71.0,55.0,37.0,8.0,7.0,0.0,7.0,17.0,3.0,32.0
2021-02-16,29.0,30.0,89.0,6.0,83.0,67.0,33.0,17.0,11.0,1.0,5.0,12.0,3.0,25.0
2021-02-17,44.0,33.0,92.0,1.0,92.0,55.0,33.0,11.0,10.0,4.0,7.0,16.0,5.0,36.0
2021-02-18,27.0,25.0,94.0,2.0,80.0,65.0,31.0,13.0,6.0,2.0,7.0,13.0,6.0,30.0
2021-02-19,44.0,29.0,85.0,2.0,81.0,68.0,45.0,15.0,8.0,3.0,12.0,10.0,5.0,23.0
2021-02-20,39.0,20.0,86.0,6.0,57.0,34.0,30.0,22.0,4.0,4.0,6.0,10.0,7.0,16.0
2021-02-21,18.0,12.0,32.0,1.0,16.0,23.0,20.0,7.0,2.0,3.0,4.0,6.0,5.0,12.0
2021-02-22,27.0,26.0,93.0,3.0,71.0,88.0,39.0,15.0,5.0,1.0,10.0,22.0,6.0,32.0
2021-02-23,30.0,30.0,72.0,1.0,73.0,50.0,57.0,18.0,7.0,7.0,14.0,10.0,7.0,27.0
2021-02-24,52.0,33.0,93.0,3.0,98.0,68.0,43.0,11.0,10.0,4.0,9.0,15.0,10.0,27.0
2021-02-25,45.0,40.0,88.0,4.0,75.0,65.0,37.0,16.0,6.0,2.0,9.0,13.0,8.0,31.0
2021-02-26,38.0,31.0,85.0,3.0,110.0,79.0,48.0,24.0,10.0,2.0,12.0,14.0,6.0,32.0
2021-02-27,44.0,21.0,76.0,3.0,51.0,51.0,44.0,11.0,8.0,7.0,8.0,6.0,4.0,16.0
2021-02-28,6.0,13.0,32.0,2.0,12.0,19.0,23.0,12.0,1.0,2.0,9.0,1.0,4.0,7.0
2021-03-01,35.0,25.0,83.0,0.0,50.0,48.0,46.0,11.0,14.0,1.0,7.0,14.0,5.0,21.0
2021-03-02,17.0,28.0,66.0,3.0,71.0,67.0,63.0,10.0,20.0,3.0,12.0,16.0,6.0,24.0
2021-03-03,39.0,31.0,76.0,4.0,67.0,73.0,60.0,15.0,7.0,3.0,11.0,12.0,9.0,31.0
2021-03-04,40.0,29.0,68.0,2.0,79.0,52.0,49.0,9.0,6.0,4.0,11.0,19.0,9.0,23.0
2021-03-05,37.0,20.0,78.0,3.0,92.0,70.0,59.0,6.0,4.0,3.0,11.0,14.0,15.0,24.0
2021-03-06,27.0,16.0,58.0,4.0,52.0,54.0,76.0,9.0,1.0,2.0,17.0,6.0,8.0,18.0
2021-03-07,9.0,15.0,28.0,2.0,17.0,21.0,39.0,4.0,2.0,2.0,9.0,5.0,10.0,7.0
2021-03-08,33.0,11.0,57.0,3.0,61.0,57.0,65.0,11.0,9.0,2.0,13.0,13.0,10.0,12.0
2021-03-09,25.0,21.0,60.0,2.0,76.0,54.0,86.0,9.0,8.0,2.0,15.0,13.0,6.0,14.0
2021-03-10,33.0,13.0,51.0,2.0,72.0,50.0,78.0,6.0,6.0,3.0,26.0,13.0,3.0,12.0
2021-03-11,27.0,8.0,61.0,3.0,63.0,65.0,66.0,8.0,7.0,2.0,26.0,11.0,10.0,21.0
2021-03-12,36.0,9.0,67.0,4.0,86.0,51.0,76.0,9.0,6.0,2.0,16.0,16.0,10.0,24.0
2021-03-13,17.0,9.0,36.0,4.0,58.0,52.0,73.0,11.0,5.0,0.0,15.0,12.0,11.0,10.0
2021-03-14,18.0,3.0,17.0,0.0,8.0,17.0,50.0,3.0,0.0,2.0,14.0,3.0,5.0,7.0
2021-03-15,34.0,14.0,54.0,4.0,60.0,50.0,79.0,4.0,6.0,3.0,27.0,12.0,13.0,19.0
2021-03-16,20.0,16.0,47.0,4.0,66.0,85.0,72.0,5.0,1.0,3.0,12.0,10.0,12.0,13.0
2021-03-17,24.0,5.0,47.0,5.0,72.0,56.0,84.0,10.0,11.0,3.0,20.0,6.0,8.0,12.0
2021-03-18,34.0,15.0,58.0,2.0,80.0,44.0,87.0,8.0,5.0,3.0,21.0,10.0,12.0,12.0
2021-03-19,29.0,17.0,58.0,4.0,65.0,60.0,78.0,7.0,7.0,4.0,15.0,14.0,11.0,19.0
2021-03-20,27.0,10.0,59.0,2.0,46.0,40.0,84.0,11.0,6.0,4.0,14.0,6.0,6.0,8.0
2021-03-21,11.0,8.0,19.0,1.0,10.0,20.0,28.0,7.0,3.0,3.0,12.0,4.0,10.0,9.0
2021-03-22,25.0,18.0,44.0,2.0,40.0,66.0,80.0,10.0,6.0,6.0,20.0,6.0,11.0,17.0
2021-03-23,26.0,12.0,51.0,4.0,62.0,47.0,105.0,13.0,7.0,3.0,25.0,10.0,6.0,13.0
2021-03-24,45.0,23.0,64.0,2.0,59.0,53.0,100.0,7.0,8.0,0.0,24.0,16.0,9.0,19.0
2021-03-25,25.0,14.0,65.0,1.0,53.0,59.0,89.0,7.0,2.0,1.0,18.0,12.0,14.0,19.0
2021-03-26,38.0,8.0,70.0,2.0,66.0,64.0,93.0,4.0,8.0,2.0,18.0,11.0,9.0,19.0
2021-03-27,28.0,9.0,55.0,3.0,36.0,26.0,66.0,7.0,4.0,2.0,17.0,7.0,10.0,16.0
2021-03-28,14.0,2.0,29.0,2.0,9.0,16.0,29.0,8.0,2.0,5.0,7.0,4.0,1.0,9.0
2021-03-29,34.0,13.0,45.0,5.0,48.0,56.0,80.0,17.0,6.0,1.0,12.0,13.0,12.0,16.0
2021-03-30,28.0,29.0,65.0,4.0,62.0,71.0,78.0,6.0,5.0,2.0,16.0,15.0,6.0,23.0
2021-03-31,30.0,20.0,63.0,2.0,71.0,54.0,84.0,16.0,13.0,3.0,14.0,10.0,13.0,16.0
2021-04-01,30.0,14.0,64.0,4.0,57.0,75.0,68.0,8.0,7.0,3.0,14.0,9.0,4.0,18.0
2021-04-02,28.0,20.0,89.0,2.0,84.0,90.0,73.0,10.0,4.0,3.0,11.0,12.0,10.0,15.0
2021-04-03,31.0,19.0,58.0,3.0,72.0,46.0,70.0,10.0,9.0,2.0,14.0,6.0,8.0,14.0
2021-04-04,10.0,8.0,37.0,1.0,12.0,30.0,29.0,4.0,1.0,1.0,14.0,3.0,2.0,7.0
2021-04-05,10.0,8.0,45.0,0.0,14.0,28.0,32.0,7.0,3.0,2.0,6.0,4.0,5.0,7.0
2021-04-06,24.0,15.0,50.0,3.0,41.0,42.0,50.0,9.0,11.0,1.0,15.0,9.0,16.0,14.0
2021-04-07,28.0,15.0,39.0,1.0,57.0,51.0,85.0,10.0,8.0,2.0,13.0,12.0,7.0,15.0
2021-04-08,37.0,16.0,75.0,2.0,70.0,62.0,71.0,9.0,5.0,3.0,15.0,8.0,6.0,11.0
2021-04-09,28.0,9.0,85.0,1.0,76.0,70.0,62.0,9.0,8.0,1.0,17.0,12.0,7.0,23.0
2021-04-10,41.0,19.0,54.0,0.0,53.0,42.0,44.0,7.0,5.0,3.0,15.0,6.0,5.0,10.0
2021-04-11,15.0,10.0,31.0,3.0,7.0,26.0,12.0,6.0,3.0,1.0,5.0,6.0,1.0,12.0
2021-04-12,34.0,15.0,43.0,5.0,58.0,47.0,57.0,14.0,10.0,1.0,19.0,11.0,5.0,18.0
2021-04-13,26.0,14.0,69.0,6.0,69.0,55.0,63.0,11.0,4.0,3.0,8.0,12.0,11.0,15.0
2021-04-14,35.0,15.0,70.0,3.0,75.0,55.0,48.0,12.0,5.0,1.0,14.0,9.0,7.0,15.0
2021-04-15,31.0,21.0,66.0,2.0,72.0,69.0,53.0,7.0,8.0,0.0,13.0,10.0,3.0,18.0
2021-04-16,26.0,20.0,69.0,4.0,76.0,61.0,46.0,10.0,5.0,4.0,10.0,8.0,9.0,17.0
2021-04-17,24.0,26.0,56.0,2.0,67.0,44.0,30.0,16.0,7.0,2.0,6.0,5.0,8.0,12.0
2021-04-18,21.0,12.0,39.0,0.0,8.0,17.0,19.0,7.0,0.0,0.0,3.0,6.0,3.0,14.0
2021-04-19,26.0,19.0,56.0,3.0,66.0,58.0,31.0,11.0,6.0,3.0,18.0,17.0,7.0,18.0
2021-04-20,22.0,21.0,72.0,0.0,93.0,65.0,38.0,15.0,7.0,0.0,9.0,17.0,6.0,17.0
2021-04-21,34.0,31.0,71.0,0.0,92.0,63.0,32.0,12.0,9.0,0.0,6.0,13.0,5.0,15.0
2021-04-22,35.0,26.0,81.0,2.0,77.0,67.0,33.0,12.0,6.0,2.0,5.0,15.0,5.0,23.0
2021-04-23,37.0,28.0,92.0,4.0,81.0,70.0,37.0,12.0,10.0,0.0,5.0,8.0,7.0,27.0
2021-04-24,23.0,14.0,60.0,2.0,58.0,45.0,25.0,8.0,3.0,1.0,6.0,3.0,3.0,9.0
2021-04-25,28.0,14.0,31.0,1.0,15.0,20.0,7.0,7.0,1.0,0.0,2.0,4.0,0.0,14.0
2021-04-26,43.0,14.0,55.0,0.0,74.0,65.0,22.0,13.0,4.0,3.0,2.0,12.0,8.0,20.0
2021-04-27,31.0,23.0,80.0,1.0,84.0,59.0,23.0,13.0,8.0,1.0,7.0,15.0,1.0,21.0
2021-04-28,27.0,21.0,95.0,2.0,73.0,67.0,23.0,12.0,5.0,3.0,5.0,15.0,3.0,20.0
2021-04-29,27.0,25.0,84.0,1.0,75.0,67.0,32.0,6.0,9.0,1.0,9.0,11.0,6.0,23.0
2021-04-30,52.0,21.0,117.0,3.0,103.0,84.0,32.0,9.0,6.0,4.0,4.0,13.0,4.0,22.0
2021-05-01,24.0,19.0,67.0,0.0,26.0,36.0,15.0,6.0,4.0,1.0,2.0,9.0,1.0,14.0
2021-05-02,31.0,6.0,30.0,0.0,16.0,29.0,6.0,7.0,2.0,1.0,0.0,6.0,0.0,7.0
2021-05-03,27.0,24.0,65.0,1.0,61.0,56.0,26.0,9.0,4.0,1.0,9.0,13.0,3.0,21.0
2021-05-04,18.0,22.0,70.0,2.0,93.0,46.0,34.0,12.0,7.0,3.0,11.0,12.0,4.0,24.0
2021-05-05,23.0,43.0,90.0,2.0,89.0,64.0,22.0,14.0,9.0,0.0,6.0,13.0,6.0,15.0
2021-05-06,40.0,30.0,88.0,2.0,87.0,60.0,30.0,16.0,11.0,0.0,3.0,16.0,10.0,26.0
2021-05-07,41.0,25.0,101.0,0.0,84.0,78.0,18.0,11.0,6.0,1.0,3.0,17.0,3.0,28.0
2021-05-08,20.0,12.0,70.0,3.0,74.0,42.0,14.0,13.0,6.0,2.0,1.0,9.0,0.0,11.0
2021-05-09,21.0,12.0,42.0,0.0,18.0,19.0,6.0,3.0,3.0,0.0,1.0,2.0,3.0,9.0
2021-05-10,31.0,27.0,86.0,2.0,66.0,67.0,20.0,19.0,6.0,2.0,15.0,17.0,4.0,27.0
2021-05-11,32.0,29.0,88.0,4.0,96.0,64.0,15.0,14.0,11.0,0.0,0.0,13.0,4.0,19.0
2021-05-12,37.0,22.0,86.0,7.0,64.0,76.0,23.0,15.0,8.0,1.0,6.0,15.0,3.0,25.0
2021-05-13,38.0,31.0,96.0,11.0,98.0,75.0,12.0,9.0,15.0,1.0,5.0,13.0,3.0,23.0
2021-05-14,55.0,26.0,105.0,0.0,102.0,64.0,23.0,10.0,11.0,4.0,6.0,17.0,1.0,27.0
2021-05-15,22.0,23.0,59.0,0.0,65.0,48.0,11.0,14.0,9.0,0.0,0.0,7.0,3.0,15.0
2021-05-16,16.0,13.0,37.0,0.0,10.0,21.0,5.0,9.0,0.0,0.0,0.0,4.0,0.0,6.0
2021-05-17,29.0,23.0,72.0,0.0,68.0,62.0,14.0,13.0,10.0,1.0,4.0,10.0,4.0,21.0
2021-05-18,25.0,28.0,80.0,0.0,76.0,61.0,14.0,9.0,10.0,0.0,2.0,17.0,3.0,26.0
2021-05-19,38.0,18.0,100.0,0.0,92.0,75.0,13.0,14.0,9.0,2.0,2.0,15.0,6.0,25.0
2021-05-20,35.0,28.0,91.0,0.0,87.0,61.0,12.0,14.0,9.0,3.0,3.0,10.0,5.0,23.0
2021-05-21,53.0,28.0,97.0,0.0,104.0,78.0,13.0,14.0,7.0,1.0,2.0,15.0,2.0,25.0
2021-05-22,25.0,17.0,82.0,0.0,54.0,44.0,8.0,10.0,9.0,1.0,0.0,10.0,2.0,17.0
2021-05-23,10.0,10.0,25.0,0.0,25.0,28.0,4.0,13.0,2.0,0.0,0.0,2.0,0.0,10.0
2021-05-24,37.0,36.0,84.0,0.0,93.0,67.0,10.0,14.0,8.0,2.0,1.0,15.0,4.0,29.0
2021-05-25,29.0,28.0,96.0,0.0,96.0,60.0,14.0,21.0,9.0,2.0,4.0,12.0,1.0,25.0
2021-05-26,49.0,38.0,97.0,0.0,100.0,67.0,9.0,14.0,11.0,0.0,1.0,17.0,1.0,35.0
2021-05-27,32.0,28.0,106.0,0.0,87.0,62.0,10.0,18.0,8.0,0.0,6.0,12.0,2.0,27.0
2021-05-28,52.0,41.0,94.0,0.0,109.0,71.0,6.0,15.0,5.0,0.0,0.0,15.0,0.0,28.0
2021-05-29,22.0,28.0,72.0,0.0,66.0,40.0,9.0,12.0,5.0,1.0,1.0,8.0,1.0,15.0
2021-05-30,21.0,17.0,36.0,0.0,10.0,27.0,3.0,7.0,1.0,0.0,1.0,2.0,2.0,8.0
2021-05-31,35.0,24.0,72.0,0.0,89.0,61.0,7.0,11.0,13.0,1.0,0.0,15.0,2.0,25.0
2021-06-01,35.0,32.0,80.0,0.0,103.0,66.0,10.0,21.0,12.0,1.0,2.0,14.0,3.0,25.0
2021-06-02,22.0,20.0,53.0,0.0,20.0,23.0,5.0,8.0,2.0,0.0,0.0,6.0,1.0,7.0
2021-06-03,28.0,28.0,66.0,0.0,90.0,79.0,9.0,13.0,12.0,0.0,1.0,7.0,7.0,29.0
2021-06-04,33.0,36.0,99.0,0.0,112.0,69.0,11.0,13.0,17.0,2.0,1.0,17.0,2.0,30.0
2021-06-05,25.0,24.0,59.0,0.0,63.0,43.0,5.0,14.0,9.0,1.0,1.0,10.0,0.0,15.0
2021-06-06,15.0,8.0,45.0,0.0,16.0,23.0,3.0,5.0,0.0,0.0,1.0,3.0,0.0,11.0
2021-06-07,30.0,31.0,88.0,0.0,94.0,66.0,7.0,12.0,11.0,0.0,2.0,14.0,0.0,29.0
2021-06-08,24.0,30.0,67.0,0.0,95.0,72.0,6.0,20.0,14.0,1.0,1.0,10.0,1.0,35.0
2021-06-09,39.0,48.0,75.0,0.0,87.0,60.0,6.0,15.0,15.0,0.0,2.0,12.0,4.0,23.0
2021-06-10,42.0,35.0,100.0,0.0,94.0,55.0,5.0,14.0,11.0,3.0,0.0,8.0,0.0,28.0
2021-06-11,52.0,39.0,95.0,0.0,119.0,83.0,6.0,20.0,13.0,0.0,0.0,19.0,4.0,29.0
2021-06-12,29.0,26.0,69.0,0.0,54.0,41.0,5.0,18.0,8.0,0.0,0.0,9.0,0.0,14.0
2021-06-13,23.0,12.0,40.0,0.0,16.0,22.0,0.0,11.0,1.0,0.0,0.0,5.0,0.0,10.0
2021-06-14,43.0,23.0,97.0,0.0,82.0,64.0,5.0,19.0,9.0,0.0,0.0,15.0,5.0,34.0
2021-06-15,23.0,40.0,95.0,0.0,82.0,58.0,2.0,16.0,9.0,1.0,0.0,10.0,1.0,24.0
2021-06-16,33.0,28.0,90.0,0.0,88.0,60.0,4.0,17.0,10.0,0.0,0.0,15.0,2.0,32.0
2021-06-17,31.0,39.0,101.0,0.0,102.0,70.0,4.0,18.0,9.0,0.0,0.0,14.0,4.0,27.0
2021-06-18,42.0,34.0,104.0,0.0,121.0,77.0,4.0,10.0,9.0,0.0,0.0,13.0,3.0,31.0
2021-06-19,22.0,19.0,78.0,0.0,66.0,44.0,1.0,20.0,4.0,0.0,0.0,9.0,2.0,19.0
2021-06-20,20.0,17.0,35.0,0.0,13.0,18.0,1.0,16.0,0.0,0.0,0.0,3.0,1.0,9.0
2021-06-21,25.0,28.0,80.0,0.0,96.0,65.0,3.0,17.0,13.0,1.0,0.0,14.0,2.0,24.0
2021-06-22,12.0,32.0,96.0,0.0,115.0,72.0,3.0,14.0,14.0,0.0,0.0,12.0,1.0,30.0
2021-06-23,41.0,35.0,95.0,0.0,97.0,65.0,5.0,14.0,10.0,0.0,0.0,14.0,1.0,36.0
2021-06-24,27.0,34.0,106.0,0.0,89.0,65.0,3.0,15.0,10.0,0.0,0.0,20.0,1.0,36.0
2021-06-25,48.0,46.0,106.0,0.0,94.0,71.0,4.0,12.0,17.0,1.0,0.0,15.0,3.0,39.0
2021-06-26,16.0,26.0,79.0,0.0,66.0,36.0,2.0,18.0,5.0,0.0,0.0,8.0,1.0,11.0
2021-06-27,12.0,14.0,42.0,0.0,21.0,15.0,1.0,12.0,3.0,0.0,0.0,5.0,0.0,11.0
2021-06-28,42.0,31.0,80.0,0.0,105.0,62.0,1.0,18.0,5.0,0.0,1.0,13.0,0.0,38.0
2021-06-29,27.0,32.0,97.0,0.0,90.0,51.0,3.0,13.0,12.0,0.0,0.0,15.0,3.0,27.0
2021-06-30,46.0,43.0,77.0,0.0,98.0,71.0,1.0,17.0,4.0,0.0,0.0,13.0,2.0,36.0
2021-07-01,50.0,34.0,94.0,0.0,102.0,54.0,2.0,11.0,7.0,0.0,0.0,18.0,0.0,33.0
2021-07-02,44.0,39.0,113.0,0.0,103.0,77.0,1.0,19.0,11.0,1.0,0.0,12.0,0.0,29.0
2021-07-03,24.0,22.0,68.0,0.0,60.0,43.0,1.0,17.0,9.0,0.0,0.0,13.0,0.0,23.0
2021-07-04,22.0,7.0,34.0,0.0,16.0,21.0,0.0,13.0,0.0,0.0,0.0,3.0,0.0,9.0
2021-07-05,41.0,26.0,82.0,0.0,86.0,65.0,3.0,12.0,7.0,0.0,0.0,19.0,2.0,23.0
2021-07-06,34.0,18.0,97.0,0.0,96.0,65.0,3.0,18.0,8.0,2.0,0.0,13.0,1.0,34.0
2021-07-07,31.0,33.0,85.0,0.0,109.0,59.0,4.0,18.0,7.0,0.0,0.0,15.0,0.0,32.0
2021-07-08,30.0,33.0,91.0,0.0,91.0,71.0,3.0,13.0,11.0,2.0,0.0,15.0,2.0,30.0
2021-07-09,44.0,37.0,115.0,0.0,105.0,78.0,2.0,12.0,10.0,1.0,0.0,15.0,1.0,35.0
2021-07-10,23.0,39.0,81.0,0.0,64.0,47.0,0.0,14.0,8.0,1.0,0.0,12.0,0.0,12.0
2021-07-11,10.0,13.0,28.0,0.0,20.0,17.0,1.0,6.0,3.0,0.0,0.0,3.0,0.0,5.0
2021-07-12,36.0,29.0,87.0,0.0,67.0,59.0,3.0,18.0,6.0,0.0,0.0,14.0,0.0,26.0
2021-07-13,23.0,27.0,85.0,0.0,85.0,61.0,0.0,14.0,9.0,1.0,0.0,15.0,1.0,32.0
2021-07-14,29.0,35.0,101.0,0.0,108.0,70.0,1.0,13.0,14.0,4.0,0.0,18.0,0.0,36.0
2021-07-15,45.0,40.0,85.0,0.0,97.0,63.0,0.0,16.0,10.0,0.0,0.0,12.0,1.0,24.0
2021-07-16,38.0,28.0,85.0,0.0,87.0,83.0,4.0,14.0,20.0,1.0,0.0,14.0,0.0,35.0
2021-07-17,23.0,27.0,57.0,0.0,48.0,32.0,0.0,10.0,8.0,2.0,0.0,7.0,0.0,13.0
2021-07-18,17.0,11.0,35.0,0.0,16.0,25.0,0.0,10.0,1.0,0.0,0.0,2.0,0.0,10.0
2021-07-19,34.0,27.0,77.0,0.0,96.0,64.0,5.0,13.0,12.0,2.0,0.0,10.0,0.0,13.0
2021-07-20,22.0,24.0,85.0,0.0,100.0,65.0,3.0,17.0,9.0,0.0,0.0,16.0,2.0,25.0
2021-07-21,35.0,31.0,68.0,0.0,98.0,64.0,2.0,10.0,6.0,0.0,0.0,9.0,0.0,26.0
2021-07-22,35.0,25.0,87.0,0.0,105.0,77.0,2.0,19.0,9.0,0.0,0.0,11.0,0.0,30.0
2021-07-23,27.0,26.0,94.0,0.0,98.0,71.0,4.0,9.0,13.0,0.0,0.0,12.0,0.0,24.0
2021-07-24,27.0,16.0,64.0,0.0,50.0,63.0,5.0,14.0,9.0,0.0,0.0,4.0,2.0,11.0
2021-07-25,16.0,9.0,34.0,0.0,9.0,19.0,2.0,10.0,2.0,0.0,0.0,7.0,0.0,13.0
2021-07-26,35.0,27.0,53.0,0.0,79.0,52.0,3.0,23.0,14.0,0.0,0.0,11.0,0.0,22.0
2021-07-27,24.0,28.0,72.0,0.0,82.0,62.0,4.0,9.0,4.0,0.0,0.0,13.0,0.0,24.0
2021-07-28,31.0,13.0,68.0,0.0,87.0,66.0,2.0,11.0,14.0,0.0,0.0,6.0,0.0,22.0
2021-07-29,27.0,32.0,92.0,0.0,109.0,70.0,3.0,13.0,10.0,1.0,0.0,16.0,0.0,25.0
2021-07-30,33.0,40.0,84.0,0.0,95.0,104.0,4.0,12.0,9.0,1.0,0.0,13.0,0.0,22.0
2021-07-31,21.0,29.0,66.0,0.0,69.0,35.0,1.0,15.0,3.0,0.0,0.0,9.0,0.0,19.0
2021-08-01,21.0,13.0,34.0,0.0,17.0,22.0,2.0,11.0,0.0,0.0,0.0,1.0,0.0,9.0
2021-08-02,24.0,28.0,59.0,0.0,58.0,58.0,1.0,10.0,6.0,0.0,0.0,8.0,1.0,17.0
2021-08-03,27.0,15.0,53.0,0.0,90.0,51.0,6.0,13.0,9.0,1.0,0.0,10.0,0.0,15.0
2021-08-04,52.0,22.0,71.0,0.0,74.0,53.0,2.0,11.0,8.0,2.0,0.0,10.0,2.0,23.0
2021-08-05,31.0,15.0,60.0,0.0,83.0,55.0,8.0,13.0,12.0,3.0,0.0,9.0,1.0,26.0
2021-08-06,36.0,27.0,68.0,0.0,84.0,64.0,5.0,17.0,6.0,0.0,0.0,9.0,1.0,23.0
2021-08-07,18.0,12.0,52.0,0.0,73.0,34.0,12.0,14.0,0.0,3.0,0.0,7.0,0.0,6.0
2021-08-08,18.0,14.0,30.0,0.0,16.0,15.0,2.0,5.0,0.0,0.0,0.0,2.0,0.0,11.0
2021-08-09,36.0,19.0,55.0,3.0,84.0,46.0,6.0,11.0,5.0,1.0,0.0,8.0,0.0,16.0
2021-08-10,23.0,21.0,55.0,2.0,86.0,47.0,7.0,10.0,5.0,1.0,0.0,9.0,2.0,26.0
2021-08-11,27.0,17.0,67.0,1.0,88.0,56.0,12.0,10.0,11.0,2.0,0.0,11.0,0.0,23.0
2021-08-12,36.0,19.0,68.0,1.0,83.0,45.0,8.0,17.0,12.0,1.0,0.0,17.0,1.0,22.0
2021-08-13,30.0,20.0,73.0,1.0,101.0,60.0,9.0,11.0,8.0,4.0,0.0,10.0,1.0,26.0
2021-08-14,20.0,16.0,44.0,1.0,52.0,36.0,7.0,9.0,2.0,1.0,0.0,2.0,0.0,7.0
2021-08-15,15.0,14.0,25.0,0.0,19.0,15.0,6.0,7.0,1.0,0.0,0.0,5.0,2.0,6.0
2021-08-16,18.0,12.0,44.0,2.0,73.0,43.0,11.0,11.0,5.0,1.0,0.0,10.0,1.0,22.0
2021-08-17,32.0,26.0,60.0,1.0,96.0,33.0,5.0,12.0,12.0,3.0,0.0,12.0,1.0,21.0
2021-08-18,34.0,10.0,75.0,0.0,85.0,56.0,14.0,10.0,5.0,0.0,0.0,10.0,2.0,14.0
2021-08-19,20.0,20.0,60.0,4.0,96.0,47.0,8.0,13.0,4.0,0.0,0.0,13.0,3.0,22.0
2021-08-20,24.0,15.0,73.0,1.0,100.0,52.0,9.0,16.0,6.0,1.0,0.0,17.0,2.0,19.0
2021-08-21,19.0,15.0,42.0,1.0,60.0,38.0,5.0,17.0,6.0,1.0,0.0,5.0,1.0,14.0
2021-08-22,14.0,4.0,30.0,0.0,15.0,18.0,6.0,8.0,0.0,2.0,0.0,4.0,0.0,7.0
2021-08-23,17.0,10.0,41.0,1.0,79.0,45.0,7.0,9.0,7.0,0.0,0.0,9.0,1.0,16.0
2021-08-24,18.0,13.0,65.0,1.0,87.0,49.0,15.0,17.0,9.0,1.0,0.0,9.0,2.0,15.0
2021-08-25,31.0,21.0,68.0,4.0,83.0,52.0,11.0,13.0,11.0,3.0,0.0,6.0,0.0,26.0
2021-08-26,36.0,27.0,59.0,1.0,93.0,55.0,8.0,10.0,5.0,0.0,0.0,10.0,1.0,20.0
2021-08-27,24.0,27.0,74.0,3.0,93.0,60.0,9.0,12.0,7.0,1.0,0.0,13.0,2.0,18.0
2021-08-28,22.0,16.0,48.0,2.0,45.0,33.0,10.0,14.0,5.0,0.0,0.0,9.0,2.0,15.0
2021-08-29,14.0,8.0,32.0,0.0,10.0,26.0,4.0,13.0,1.0,2.0,0.0,2.0,1.0,10.0
2021-08-30,22.0,19.0,44.0,2.0,69.0,53.0,6.0,11.0,9.0,1.0,0.0,14.0,1.0,20.0
2021-08-31,36.0,15.0,66.0,5.0,89.0,57.0,12.0,11.0,8.0,1.0,0.0,15.0,1.0,19.0
2021-09-01,30.0,16.0,67.0,2.0,75.0,43.0,9.0,17.0,6.0,0.0,0.0,12.0,2.0,18.0
2021-09-02,29.0,22.0,68.0,0.0,83.0,62.0,10.0,17.0,2.0,0.0,0.0,13.0,2.0,26.0
2021-09-03,41.0,21.0,85.0,2.0,91.0,78.0,12.0,8.0,4.0,0.0,0.0,6.0,1.0,22.0
2021-09-04,22.0,19.0,67.0,1.0,57.0,33.0,7.0,18.0,4.0,2.0,0.0,7.0,1.0,17.0
2021-09-05,10.0,9.0,42.0,0.0,21.0,31.0,0.0,9.0,0.0,0.0,0.0,1.0,0.0,8.0
2021-09-06,26.0,14.0,60.0,7.0,87.0,65.0,4.0,16.0,10.0,0.0,0.0,9.0,0.0,23.0
2021-09-07,19.0,33.0,77.0,9.0,90.0,53.0,7.0,16.0,12.0,2.0,0.0,11.0,0.0,30.0
2021-09-08,36.0,31.0,81.0,0.0,79.0,81.0,11.0,15.0,11.0,5.0,0.0,10.0,1.0,33.0
2021-09-09,25.0,32.0,90.0,0.0,92.0,67.0,5.0,13.0,6.0,2.0,0.0,9.0,1.0,28.0
2021-09-10,56.0,31.0,88.0,0.0,84.0,48.0,10.0,14.0,15.0,0.0,0.0,7.0,1.0,28.0
2021-09-11,32.0,24.0,75.0,0.0,62.0,45.0,6.0,12.0,2.0,3.0,0.0,4.0,1.0,13.0
2021-09-12,12.0,12.0,41.0,0.0,15.0,22.0,3.0,3.0,0.0,0.0,0.0,2.0,0.0,6.0
2021-09-13,42.0,29.0,68.0,0.0,76.0,60.0,12.0,15.0,12.0,2.0,0.0,13.0,0.0,28.0
2021-09-14,22.0,33.0,89.0,0.0,88.0,54.0,11.0,13.0,9.0,1.0,0.0,12.0,1.0,33.0
2021-09-15,31.0,31.0,100.0,0.0,93.0,66.0,3.0,10.0,12.0,3.0,0.0,17.0,1.0,27.0
2021-09-16,36.0,24.0,90.0,0.0,83.0,64.0,11.0,18.0,10.0,4.0,0.0,16.0,1.0,31.0
2021-09-17,40.0,39.0,121.0,0.0,101.0,77.0,10.0,14.0,13.0,2.0,0.0,18.0,1.0,27.0
2021-09-18,32.0,25.0,78.0,0.0,63.0,49.0,3.0,15.0,5.0,3.0,0.0,3.0,0.0,13.0
2021-09-19,15.0,16.0,40.0,0.0,21.0,19.0,0.0,10.0,2.0,1.0,0.0,5.0,0.0,11.0
2021-09-20,31.0,24.0,94.0,0.0,85.0,65.0,8.0,11.0,14.0,1.0,0.0,12.0,2.0,27.0
2021-09-21,27.0,38.0,102.0,0.0,95.0,46.0,6.0,16.0,9.0,2.0,0.0,20.0,2.0,26.0
2021-09-22,43.0,38.0,87.0,0.0,84.0,82.0,14.0,20.0,13.0,2.0,0.0,20.0,0.0,38.0
2021-09-23,39.0,42.0,120.0,0.0,84.0,63.0,9.0,18.0,13.0,2.0,0.0,15.0,2.0,37.0
2021-09-24,54.0,27.0,116.0,0.0,102.0,74.0,7.0,17.0,14.0,1.0,0.0,14.0,2.0,31.0
2021-09-25,17.0,27.0,88.0,0.0,74.0,48.0,4.0,14.0,8.0,0.0,0.0,8.0,0.0,19.0
2021-09-26,11.0,14.0,37.0,0.0,10.0,22.0,1.0,13.0,0.0,0.0,0.0,4.0,1.0,11.0
2021-09-27,34.0,30.0,91.0,0.0,84.0,76.0,2.0,18.0,8.0,2.0,0.0,13.0,0.0,23.0
2021-09-28,36.0,25.0,108.0,0.0,86.0,59.0,7.0,14.0,10.0,1.0,0.0,21.0,2.0,35.0
2021-09-29,43.0,54.0,112.0,0.0,97.0,70.0,3.0,20.0,11.0,2.0,0.0,13.0,2.0,31.0
2021-09-30,31.0,38.0,105.0,0.0,93.0,75.0,8.0,17.0,9.0,2.0,0.0,18.0,1.0,28.0
2021-10-01,35.0,34.0,144.0,0.0,102.0,71.0,9.0,14.0,20.0,0.0,0.0,20.0,1.0,30.0
2021-10-02,35.0,23.0,76.0,0.0,92.0,37.0,4.0,17.0,5.0,1.0,0.0,6.0,1.0,17.0
2021-10-03,22.0,21.0,44.0,0.0,21.0,35.0,3.0,12.0,1.0,0.0,0.0,7.0,0.0,15.0
2021-10-04,21.0,21.0,40.0,0.0,16.0,24.0,3.0,9.0,2.0,1.0,0.0,2.0,1.0,14.0
2021-10-05,22.0,22.0,69.0,0.0,62.0,48.0,7.0,13.0,11.0,0.0,0.0,16.0,0.0,27.0
2021-10-06,49.0,34.0,104.0,0.0,82.0,75.0,5.0,16.0,12.0,0.0,0.0,15.0,0.0,32.0
2021-10-07,38.0,33.0,111.0,0.0,98.0,66.0,4.0,16.0,8.0,0.0,0.0,21.0,4.0,32.0
2021-10-08,38.0,42.0,105.0,0.0,99.0,70.0,7.0,15.0,9.0,2.0,0.0,14.0,0.0,32.0
2021-10-09,25.0,26.0,92.0,0.0,70.0,37.0,4.0,17.0,5.0,1.0,0.0,5.0,0.0,16.0
2021-10-10,14.0,11.0,52.0,0.0,15.0,31.0,3.0,10.0,1.0,1.0,0.0,4.0,0.0,14.0
2021-10-11,34.0,29.0,94.0,0.0,91.0,68.0,5.0,9.0,10.0,1.0,0.0,20.0,3.0,29.0
2021-10-12,31.0,34.0,96.0,0.0,92.0,61.0,14.0,18.0,15.0,0.0,0.0,17.0,1.0,35.0
2021-10-13,38.0,39.0,99.0,0.0,92.0,67.0,9.0,7.0,12.0,0.0,0.0,11.0,3.0,33.0
2021-10-14,40.0,42.0,138.0,0.0,87.0,63.0,5.0,16.0,4.0,1.0,0.0,18.0,2.0,36.0
2021-10-15,41.0,40.0,129.0,0.0,115.0,84.0,6.0,15.0,14.0,1.0,0.0,15.0,2.0,33.0
2021-10-16,31.0,17.0,75.0,0.0,64.0,38.0,6.0,8.0,14.0,0.0,0.0,9.0,0.0,16.0
2021-10-17,21.0,10.0,39.0,0.0,19.0,17.0,4.0,10.0,1.0,1.0,0.0,5.0,0.0,4.0
2021-10-18,19.0,29.0,104.0,0.0,75.0,63.0,7.0,16.0,11.0,0.0,1.0,17.0,0.0,25.0
2021-10-19,34.0,40.0,94.0,0.0,76.0,67.0,9.0,17.0,6.0,1.0,0.0,15.0,0.0,32.0
2021-10-20,50.0,38.0,95.0,0.0,92.0,60.0,3.0,10.0,10.0,0.0,0.0,14.0,0.0,38.0
2021-10-21,49.0,28.0,122.0,0.0,104.0,87.0,8.0,20.0,10.0,2.0,0.0,17.0,0.0,38.0
2021-10-22,59.0,36.0,127.0,0.0,107.0,86.0,8.0,18.0,9.0,0.0,0.0,13.0,1.0,24.0
2021-10-23,35.0,29.0,82.0,0.0,62.0,38.0,8.0,11.0,5.0,0.0,0.0,9.0,0.0,22.0
2021-10-24,24.0,11.0,43.0,0.0,17.0,27.0,3.0,9.0,2.0,0.0,0.0,7.0,0.0,16.0
2021-10-25,30.0,32.0,83.0,0.0,85.0,67.0,9.0,23.0,20.0,0.0,0.0,13.0,2.0,32.0
2021-10-26,39.0,43.0,107.0,0.0,104.0,56.0,9.0,11.0,14.0,1.0,0.0,16.0,1.0,36.0
2021-10-27,26.0,49.0,110.0,0.0,92.0,75.0,5.0,18.0,7.0,1.0,0.0,14.0,3.0,35.0
2021-10-28,46.0,32.0,110.0,0.0,104.0,73.0,5.0,22.0,6.0,0.0,0.0,11.0,0.0,29.0
2021-10-29,43.0,35.0,126.0,0.0,123.0,76.0,8.0,11.0,10.0,1.0,0.0,17.0,0.0,41.0
2021-10-30,30.0,24.0,97.0,0.0,94.0,53.0,2.0,15.0,8.0,0.0,0.0,8.0,2.0,19.0
2021-10-31,13.0,9.0,38.0,0.0,23.0,27.0,4.0,12.0,1.0,2.0,0.0,5.0,2.0,8.0
2021-11-01,23.0,16.0,50.0,0.0,26.0,23.0,5.0,9.0,1.0,0.0,0.0,3.0,1.0,9.0
2021-11-02,34.0,25.0,77.0,0.0,69.0,80.0,3.0,14.0,10.0,2.0,0.0,13.0,0.0,29.0
2021-11-03,33.0,40.0,98.0,0.0,98.0,49.0,10.0,13.0,14.0,1.0,0.0,12.0,0.0,31.0
2021-11-04,30.0,42.0,123.0,0.0,89.0,65.0,4.0,23.0,11.0,1.0,0.0,14.0,0.0,37.0
2021-11-05,51.0,36.0,132.0,0.0,131.0,78.0,5.0,20.0,16.0,1.0,0.0,17.0,2.0,36.0
2021-11-06,37.0,27.0,89.0,0.0,77.0,51.0,7.0,17.0,7.0,2.0,0.0,12.0,0.0,28.0
2021-11-07,26.0,7.0,33.0,0.0,20.0,22.0,8.0,8.0,1.0,0.0,0.0,2.0,3.0,9.0
2021-11-08,25.0,21.0,105.0,0.0,91.0,72.0,6.0,11.0,20.0,1.0,0.0,14.0,3.0,29.0
2021-11-09,26.0,32.0,98.0,0.0,87.0,70.0,10.0,17.0,20.0,2.0,0.0,14.0,1.0,29.0
2021-11-10,40.0,45.0,117.0,0.0,89.0,79.0,11.0,15.0,11.0,1.0,0.0,17.0,1.0,42.0
2021-11-11,37.0,34.0,115.0,0.0,99.0,70.0,9.0,12.0,7.0,3.0,0.0,12.0,0.0,29.0
2021-11-12,49.0,39.0,127.0,0.0,107.0,80.0,18.0,15.0,15.0,1.0,0.0,14.0,1.0,39.0
2021-11-13,35.0,29.0,102.0,0.0,66.0,44.0,9.0,13.0,10.0,0.0,0.0,9.0,1.0,17.0
2021-11-14,11.0,9.0,41.0,0.0,21.0,21.0,6.0,8.0,0.0,1.0,0.0,4.0,2.0,9.0
2021-11-15,30.0,22.0,79.0,0.0,73.0,53.0,12.0,15.0,11.0,0.0,0.0,13.0,1.0,24.0
2021-11-16,28.0,33.0,105.0,0.0,96.0,68.0,11.0,12.0,14.0,2.0,0.0,17.0,2.0,36.0
2021-11-17,26.0,43.0,107.0,0.0,86.0,69.0,13.0,11.0,16.0,2.0,0.0,16.0,4.0,23.0
2021-11-18,41.0,39.0,141.0,0.0,92.0,68.0,16.0,19.0,11.0,1.0,0.0,12.0,2.0,33.0
2021-11-19,50.0,30.0,139.0,0.0,109.0,67.0,10.0,17.0,16.0,0.0,0.0,12.0,1.0,25.0
2021-11-20,23.0,22.0,80.0,0.0,47.0,44.0,4.0,6.0,4.0,1.0,0.0,9.0,0.0,21.0
2021-11-21,14.0,9.0,49.0,0.0,16.0,23.0,6.0,7.0,0.0,1.0,0.0,3.0,2.0,14.0
2021-11-22,45.0,31.0,99.0,0.0,68.0,79.0,14.0,21.0,9.0,1.0,0.0,12.0,1.0,23.0
2021-11-23,38.0,32.0,94.0,0.0,92.0,74.0,19.0,17.0,9.0,1.0,0.0,17.0,3.0,36.0
2021-11-24,46.0,38.0,128.0,0.0,104.0,74.0,13.0,13.0,13.0,1.0,0.0,15.0,2.0,33.0
2021-11-25,43.0,40.0,98.0,0.0,94.0,60.0,17.0,14.0,12.0,1.0,0.0,11.0,4.0,28.0
2021-11-26,30.0,34.0,111.0,0.0,117.0,69.0,14.0,16.0,12.0,3.0,0.0,15.0,3.0,31.0
2021-11-27,46.0,30.0,96.0,0.0,61.0,49.0,11.0,10.0,8.0,0.0,0.0,13.0,0.0,20.0
2021-11-28,15.0,23.0,40.0,0.0,16.0,29.0,9.0,7.0,1.0,4.0,0.0,7.0,2.0,16.0
2021-11-29,34.0,26.0,101.0,0.0,82.0,77.0,12.0,9.0,12.0,0.0,0.0,14.0,1.0,30.0
2021-11-30,24.0,17.0,98.0,0.0,80.0,76.0,25.0,14.0,10.0,1.0,0.0,15.0,2.0,32.0
2021-12-01,43.0,42.0,109.0,0.0,84.0,72.0,19.0,15.0,9.0,3.0,0.0,15.0,1.0,39.0
2021-12-02,41.0,30.0,109.0,0.0,89.0,77.0,19.0,10.0,12.0,0.0,0.0,11.0,4.0,35.0
2021-12-03,40.0,47.0,121.0,0.0,110.0,78.0,24.0,16.0,8.0,2.0,0.0,14.0,3.0,34.0
2021-12-04,38.0,23.0,78.0,0.0,66.0,53.0,12.0,23.0,9.0,1.0,0.0,7.0,2.0,15.0
2021-12-05,19.0,15.0,39.0,0.0,19.0,24.0,11.0,9.0,1.0,1.0,0.0,5.0,0.0,9.0
2021-12-06,32.0,31.0,85.0,0.0,73.0,60.0,20.0,12.0,14.0,0.0,0.0,18.0,3.0,25.0
2021-12-07,33.0,38.0,116.0,0.0,100.0,78.0,25.0,12.0,12.0,1.0,1.0,13.0,1.0,39.0
2021-12-08,33.0,22.0,39.0,0.0,34.0,28.0,13.0,9.0,0.0,0.0,0.0,2.0,1.0,17.0
2021-12-09,35.0,30.0,120.0,0.0,97.0,82.0,15.0,16.0,8.0,1.0,1.0,19.0,5.0,34.0
2021-12-10,30.0,29.0,115.0,0.0,105.0,76.0,24.0,18.0,9.0,2.0,0.0,14.0,4.0,36.0
2021-12-11,22.0,26.0,84.0,3.0,78.0,44.0,18.0,10.0,9.0,1.0,1.0,8.0,2.0,19.0
2021-12-12,17.0,17.0,42.0,0.0,16.0,28.0,9.0,10.0,2.0,1.0,1.0,2.0,2.0,10.0
2021-12-13,41.0,27.0,91.0,3.0,76.0,80.0,19.0,13.0,14.0,0.0,0.0,19.0,1.0,30.0
2021-12-14,29.0,29.0,101.0,2.0,72.0,68.0,21.0,17.0,11.0,2.0,2.0,14.0,4.0,38.0
2021-12-15,39.0,27.0,92.0,4.0,61.0,80.0,26.0,10.0,13.0,1.0,1.0,10.0,3.0,31.0
2021-12-16,27.0,29.0,111.0,5.0,96.0,67.0,20.0,16.0,7.0,1.0,1.0,15.0,3.0,37.0
2021-12-17,27.0,30.0,105.0,4.0,91.0,80.0,39.0,19.0,12.0,2.0,2.0,15.0,4.0,29.0
2021-12-18,29.0,18.0,80.0,0.0,64.0,43.0,16.0,8.0,10.0,0.0,0.0,15.0,1.0,17.0
2021-12-19,11.0,6.0,43.0,2.0,20.0,20.0,12.0,8.0,2.0,0.0,3.0,5.0,0.0,12.0
2021-12-20,28.0,24.0,95.0,2.0,67.0,78.0,28.0,13.0,14.0,0.0,2.0,11.0,4.0,31.0
2021-12-21,27.0,16.0,98.0,6.0,88.0,60.0,20.0,21.0,13.0,0.0,2.0,14.0,3.0,27.0
2021-12-22,35.0,17.0,102.0,2.0,103.0,72.0,32.0,20.0,17.0,3.0,2.0,18.0,2.0,25.0
2021-12-23,44.0,29.0,93.0,4.0,106.0,87.0,26.0,13.0,7.0,2.0,1.0,17.0,3.0,28.0
2021-12-24,40.0,25.0,105.0,4.0,126.0,90.0,16.0,15.0,14.0,4.0,2.0,13.0,4.0,29.0
2021-12-25,14.0,7.0,41.0,0.0,35.0,31.0,16.0,9.0,2.0,2.0,3.0,1.0,0.0,9.0
2021-12-26,8.0,11.0,24.0,1.0,16.0,23.0,9.0,5.0,1.0,1.0,3.0,4.0,1.0,9.0
2021-12-27,30.0,16.0,44.0,2.0,60.0,44.0,19.0,8.0,8.0,2.0,5.0,11.0,1.0,23.0
2021-12-28,19.0,17.0,65.0,0.0,89.0,55.0,26.0,8.0,12.0,3.0,3.0,12.0,6.0,21.0
2021-12-29,39.0,18.0,70.0,4.0,77.0,63.0,26.0,16.0,4.0,0.0,4.0,12.0,1.0,19.0
2021-12-30,39.0,18.0,72.0,9.0,107.0,66.0,15.0,11.0,12.0,2.0,1.0,14.0,5.0,28.0
2021-12-31,34.0,17.0,106.0,1.0,123.0,82.0,28.0,18.0,10.0,5.0,4.0,11.0,1.0,21.0
2022-01-01,25.0,11.0,38.0,1.0,26.0,29.0,13.0,9.0,0.0,1.0,0.0,4.0,1.0,12.0
2022-01-02,13.0,13.0,28.0,0.0,12.0,22.0,13.0,7.0,2.0,1.0,3.0,4.0,2.0,10.0
2022-01-03,28.0,15.0,51.0,1.0,84.0,66.0,24.0,15.0,9.0,1.0,6.0,8.0,4.0,15.0
2022-01-04,22.0,17.0,78.0,1.0,96.0,51.0,24.0,7.0,8.0,2.0,3.0,7.0,3.0,18.0
2022-01-05,37.0,18.0,82.0,3.0,99.0,73.0,30.0,18.0,7.0,0.0,6.0,13.0,4.0,23.0
2022-01-06,10.0,14.0,44.0,1.0,35.0,35.0,18.0,11.0,1.0,2.0,1.0,4.0,2.0,11.0
2022-01-07,40.0,17.0,54.0,6.0,93.0,65.0,27.0,15.0,9.0,0.0,5.0,11.0,4.0,20.0
2022-01-08,13.0,13.0,50.0,2.0,76.0,48.0,17.0,17.0,8.0,3.0,2.0,7.0,1.0,15.0
2022-01-09,10.0,9.0,21.0,0.0,19.0,25.0,23.0,12.0,2.0,0.0,6.0,2.0,2.0,7.0
2022-01-10,28.0,18.0,58.0,3.0,78.0,72.0,33.0,14.0,6.0,1.0,6.0,8.0,1.0,22.0
2022-01-11,23.0,24.0,77.0,4.0,91.0,67.0,33.0,19.0,8.0,1.0,7.0,9.0,4.0,18.0
2022-01-12,50.0,20.0,75.0,4.0,86.0,58.0,29.0,17.0,6.0,0.0,3.0,13.0,4.0,21.0
2022-01-13,34.0,20.0,79.0,3.0,90.0,57.0,31.0,11.0,8.0,0.0,1.0,10.0,0.0,21.0
2022-01-14,36.0,16.0,68.0,4.0,86.0,79.0,36.0,11.0,5.0,1.0,5.0,14.0,2.0,19.0
2022-01-15,31.0,27.0,71.0,1.0,46.0,51.0,30.0,12.0,8.0,1.0,3.0,4.0,2.0,16.0
2022-01-16,16.0,9.0,43.0,0.0,17.0,30.0,12.0,9.0,1.0,0.0,1.0,4.0,1.0,6.0
2022-01-17,31.0,25.0,56.0,2.0,63.0,52.0,37.0,15.0,6.0,0.0,8.0,7.0,3.0,24.0
2022-01-18,24.0,25.0,57.0,3.0,80.0,51.0,48.0,15.0,5.0,2.0,6.0,17.0,7.0,23.0
2022-01-19,29.0,33.0,70.0,2.0,81.0,48.0,34.0,11.0,8.0,1.0,1.0,14.0,4.0,30.0
2022-01-20,29.0,23.0,72.0,3.0,82.0,63.0,30.0,13.0,13.0,0.0,3.0,11.0,1.0,22.0
2022-01-21,34.0,25.0,71.0,3.0,92.0,72.0,34.0,13.0,6.0,1.0,3.0,12.0,1.0,27.0
2022-01-22,18.0,13.0,71.0,1.0,57.0,47.0,24.0,18.0,4.0,2.0,4.0,6.0,5.0,18.0
2022-01-23,23.0,7.0,33.0,0.0,22.0,24.0,14.0,6.0,0.0,1.0,5.0,3.0,2.0,11.0
2022-01-24,29.0,20.0,64.0,8.0,67.0,59.0,36.0,12.0,17.0,0.0,8.0,11.0,4.0,27.0
2022-01-25,29.0,20.0,79.0,2.0,82.0,54.0,47.0,9.0,11.0,1.0,5.0,14.0,1.0,23.0
2022-01-26,30.0,28.0,80.0,7.0,68.0,52.0,32.0,13.0,5.0,0.0,4.0,13.0,5.0,23.0
2022-01-27,32.0,27.0,76.0,3.0,83.0,73.0,40.0,18.0,4.0,0.0,4.0,10.0,6.0,22.0
2022-01-28,25.0,34.0,111.0,6.0,80.0,84.0,30.0,14.0,21.0,0.0,4.0,12.0,2.0,30.0
2022-01-29,27.0,27.0,48.0,4.0,58.0,37.0,30.0,17.0,6.0,2.0,1.0,7.0,1.0,15.0
2022-01-30,8.0,11.0,33.0,0.0,22.0,29.0,14.0,7.0,1.0,0.0,4.0,2.0,1.0,12.0
2022-01-31,21.0,19.0,65.0,5.0,69.0,58.0,50.0,11.0,10.0,0.0,4.0,14.0,3.0,23.0
2022-02-01,33.0,19.0,82.0,6.0,72.0,59.0,38.0,15.0,4.0,0.0,6.0,16.0,4.0,17.0
2022-02-02,31.0,23.0,84.0,10.0,79.0,57.0,33.0,10.0,10.0,0.0,3.0,12.0,4.0,29.0
2022-02-03,24.0,31.0,97.0,7.0,67.0,69.0,47.0,12.0,4.0,1.0,3.0,13.0,5.0,35.0
2022-02-04,32.0,27.0,103.0,3.0,73.0,79.0,47.0,11.0,11.0,0.0,4.0,15.0,1.0,28.0
2022-02-05,27.0,16.0,84.0,3.0,58.0,47.0,20.0,16.0,6.0,1.0,1.0,4.0,0.0,10.0
2022-02-06,14.0,11.0,34.0,0.0,19.0,26.0,8.0,7.0,1.0,1.0,0.0,4.0,1.0,5.0
2022-02-07,29.0,21.0,62.0,3.0,72.0,62.0,35.0,17.0,9.0,2.0,2.0,15.0,0.0,26.0
2022-02-08,31.0,36.0,82.0,6.0,71.0,64.0,27.0,13.0,3.0,0.0,2.0,12.0,6.0,29.0
2022-02-09,42.0,26.0,84.0,3.0,80.0,73.0,33.0,17.0,12.0,1.0,5.0,7.0,4.0,26.0
2022-02-10,38.0,22.0,89.0,3.0,88.0,79.0,30.0,18.0,14.0,2.0,2.0,20.0,2.0,29.0
2022-02-11,26.0,24.0,78.0,6.0,74.0,59.0,36.0,14.0,11.0,1.0,1.0,16.0,1.0,35.0
2022-02-12,22.0,15.0,76.0,6.0,51.0,43.0,24.0,20.0,5.0,1.0,2.0,11.0,6.0,15.0
2022-02-13,14.0,18.0,37.0,1.0,24.0,18.0,5.0,15.0,0.0,1.0,0.0,4.0,4.0,8.0
2022-02-14,42.0,16.0,101.0,3.0,64.0,67.0,29.0,9.0,11.0,1.0,4.0,18.0,4.0,24.0
2022-02-15,15.0,30.0,83.0,6.0,83.0,54.0,26.0,15.0,4.0,3.0,1.0,8.0,3.0,29.0
2022-02-16,21.0,34.0,95.0,1.0,86.0,52.0,22.0,18.0,11.0,1.0,5.0,13.0,2.0,26.0
2022-02-17,34.0,21.0,114.0,9.0,76.0,60.0,24.0,12.0,10.0,0.0,2.0,16.0,4.0,35.0
2022-02-18,27.0,29.0,105.0,2.0,87.0,72.0,26.0,13.0,10.0,0.0,1.0,20.0,0.0,29.0
2022-02-19,28.0,12.0,73.0,5.0,49.0,42.0,20.0,14.0,9.0,1.0,0.0,5.0,0.0,17.0
2022-02-20,18.0,12.0,31.0,0.0,24.0,21.0,11.0,10.0,0.0,2.0,0.0,6.0,0.0,12.0
2022-02-21,28.0,26.0,75.0,5.0,79.0,65.0,22.0,14.0,18.0,1.0,5.0,13.0,4.0,30.0
2022-02-22,20.0,28.0,112.0,8.0,87.0,58.0,23.0,16.0,11.0,1.0,2.0,13.0,2.0,31.0
2022-02-23,39.0,31.0,111.0,1.0,74.0,73.0,16.0,19.0,12.0,1.0,1.0,12.0,4.0,28.0
2022-02-24,31.0,37.0,91.0,16.0,89.0,64.0,16.0,17.0,8.0,0.0,1.0,19.0,2.0,25.0
2022-02-25,30.0,35.0,97.0,2.0,98.0,67.0,23.0,21.0,10.0,1.0,0.0,14.0,0.0,26.0
2022-02-26,27.0,33.0,80.0,2.0,55.0,42.0,10.0,15.0,4.0,1.0,1.0,7.0,1.0,16.0
2022-02-27,20.0,16.0,46.0,0.0,23.0,27.0,4.0,13.0,1.0,0.0,0.0,1.0,0.0,6.0
2022-02-28,33.0,18.0,88.0,2.0,70.0,58.0,16.0,15.0,14.0,1.0,0.0,14.0,1.0,23.0
2022-03-01,38.0,35.0,91.0,0.0,83.0,64.0,18.0,19.0,14.0,2.0,2.0,16.0,1.0,29.0
2022-03-02,37.0,31.0,112.0,0.0,73.0,64.0,11.0,17.0,7.0,0.0,0.0,16.0,3.0,34.0
2022-03-03,31.0,38.0,106.0,2.0,87.0,73.0,12.0,17.0,8.0,0.0,1.0,13.0,0.0,33.0
2022-03-04,36.0,26.0,127.0,1.0,119.0,87.0,23.0,9.0,10.0,1.0,0.0,16.0,0.0,36.0
2022-03-05,33.0,29.0,80.0,0.0,52.0,45.0,11.0,10.0,8.0,0.0,0.0,7.0,0.0,13.0
2022-03-06,21.0,25.0,42.0,0.0,20.0,13.0,6.0,8.0,2.0,0.0,0.0,2.0,0.0,4.0
2022-03-07,28.0,21.0,78.0,1.0,59.0,56.0,16.0,11.0,11.0,0.0,0.0,16.0,0.0,27.0
2022-03-08,28.0,42.0,89.0,1.0,80.0,66.0,13.0,15.0,10.0,1.0,1.0,15.0,2.0,34.0
2022-03-09,50.0,33.0,97.0,1.0,72.0,61.0,20.0,19.0,7.0,1.0,0.0,19.0,2.0,33.0
2022-03-10,33.0,43.0,128.0,1.0,111.0,85.0,11.0,10.0,10.0,1.0,0.0,16.0,1.0,37.0
2022-03-11,41.0,30.0,104.0,2.0,98.0,74.0,8.0,13.0,17.0,1.0,0.0,16.0,1.0,37.0
2022-03-12,24.0,24.0,93.0,1.0,58.0,50.0,7.0,11.0,7.0,0.0,0.0,4.0,0.0,20.0
2022-03-13,29.0,24.0,48.0,0.0,17.0,20.0,4.0,4.0,0.0,2.0,0.0,6.0,2.0,11.0
2022-03-14,23.0,26.0,64.0,0.0,66.0,70.0,14.0,18.0,14.0,1.0,1.0,17.0,5.0,32.0
2022-03-15,35.0,41.0,110.0,1.0,83.0,60.0,9.0,17.0,10.0,0.0,1.0,15.0,2.0,31.0
2022-03-16,53.0,41.0,122.0,0.0,75.0,79.0,12.0,13.0,10.0,0.0,1.0,13.0,2.0,36.0
2022-03-17,36.0,38.0,101.0,1.0,72.0,70.0,15.0,17.0,12.0,0.0,0.0,17.0,1.0,37.0
2022-03-18,34.0,29.0,106.0,1.0,109.0,84.0,8.0,15.0,12.0,1.0,1.0,17.0,0.0,31.0
2022-03-19,27.0,27.0,88.0,0.0,67.0,42.0,7.0,15.0,9.0,0.0,0.0,5.0,0.0,16.0
2022-03-20,18.0,20.0,51.0,0.0,23.0,28.0,5.0,8.0,1.0,1.0,0.0,3.0,0.0,16.0
2022-03-21,28.0,29.0,79.0,0.0,76.0,59.0,6.0,11.0,12.0,0.0,0.0,14.0,1.0,29.0
2022-03-22,38.0,35.0,105.0,1.0,83.0,70.0,15.0,20.0,10.0,0.0,1.0,12.0,1.0,39.0
2022-03-23,38.0,44.0,96.0,3.0,77.0,62.0,8.0,15.0,7.0,1.0,1.0,14.0,3.0,28.0
2022-03-24,31.0,36.0,108.0,1.0,72.0,72.0,13.0,13.0,9.0,0.0,1.0,13.0,1.0,31.0
2022-03-25,29.0,45.0,121.0,0.0,98.0,80.0,10.0,15.0,8.0,1.0,1.0,19.0,0.0,29.0
2022-03-26,33.0,26.0,90.0,0.0,74.0,48.0,13.0,14.0,3.0,0.0,0.0,11.0,0.0,26.0
2022-03-27,16.0,16.0,44.0,0.0,11.0,18.0,5.0,6.0,1.0,0.0,1.0,4.0,0.0,9.0
2022-03-28,37.0,28.0,75.0,1.0,73.0,64.0,8.0,10.0,14.0,0.0,0.0,14.0,0.0,27.0
2022-03-29,29.0,40.0,108.0,1.0,98.0,57.0,15.0,18.0,9.0,0.0,0.0,21.0,1.0,40.0
2022-03-30,38.0,35.0,101.0,1.0,80.0,73.0,18.0,16.0,10.0,0.0,0.0,14.0,2.0,29.0
2022-03-31,41.0,39.0,109.0,1.0,100.0,49.0,14.0,21.0,9.0,0.0,1.0,14.0,0.0,32.0
2022-04-01,43.0,33.0,118.0,0.0,87.0,73.0,18.0,19.0,14.0,0.0,1.0,17.0,1.0,34.0
2022-04-02,26.0,22.0,83.0,1.0,51.0,40.0,12.0,13.0,10.0,0.0,1.0,4.0,2.0,11.0
2022-04-03,20.0,15.0,52.0,0.0,10.0,18.0,5.0,6.0,0.0,2.0,1.0,2.0,2.0,10.0
2022-04-04,27.0,34.0,76.0,1.0,76.0,48.0,16.0,16.0,13.0,0.0,0.0,18.0,1.0,31.0
2022-04-05,21.0,40.0,95.0,2.0,90.0,59.0,18.0,20.0,8.0,0.0,2.0,15.0,2.0,34.0
2022-04-06,45.0,26.0,79.0,1.0,84.0,85.0,11.0,16.0,5.0,0.0,1.0,17.0,0.0,38.0
2022-04-07,50.0,34.0,117.0,5.0,77.0,58.0,13.0,18.0,11.0,0.0,1.0,12.0,0.0,27.0
2022-04-08,34.0,28.0,132.0,0.0,105.0,71.0,16.0,20.0,7.0,0.0,1.0,20.0,1.0,35.0
2022-04-09,32.0,24.0,93.0,2.0,52.0,44.0,9.0,12.0,10.0,2.0,0.0,6.0,1.0,14.0
2022-04-10,13.0,14.0,37.0,0.0,6.0,21.0,5.0,13.0,0.0,1.0,0.0,4.0,1.0,11.0
2022-04-11,41.0,20.0,75.0,2.0,80.0,50.0,16.0,18.0,15.0,0.0,1.0,18.0,4.0,32.0
2022-04-12,31.0,37.0,94.0,1.0,86.0,61.0,19.0,19.0,20.0,0.0,0.0,14.0,0.0,37.0
2022-04-13,34.0,46.0,93.0,1.0,87.0,64.0,15.0,15.0,7.0,0.0,0.0,18.0,0.0,35.0
2022-04-14,44.0,36.0,126.0,4.0,91.0,66.0,12.0,24.0,8.0,0.0,0.0,16.0,3.0,30.0
2022-04-15,31.0,33.0,134.0,1.0,104.0,104.0,13.0,15.0,14.0,0.0,2.0,23.0,2.0,32.0
2022-04-16,38.0,35.0,106.0,1.0,73.0,54.0,13.0,14.0,11.0,0.0,0.0,10.0,0.0,16.0
2022-04-17,14.0,12.0,47.0,0.0,23.0,15.0,8.0,13.0,0.0,1.0,1.0,3.0,1.0,19.0
2022-04-18,18.0,10.0,37.0,0.0,15.0,11.0,1.0,15.0,2.0,0.0,0.0,4.0,0.0,5.0
2022-04-19,19.0,29.0,63.0,1.0,54.0,53.0,9.0,15.0,8.0,0.0,0.0,11.0,1.0,30.0
2022-04-20,29.0,28.0,95.0,0.0,78.0,67.0,18.0,13.0,11.0,0.0,1.0,10.0,3.0,33.0
2022-04-21,30.0,40.0,95.0,5.0,89.0,61.0,15.0,17.0,10.0,1.0,0.0,11.0,1.0,30.0
2022-04-22,28.0,41.0,107.0,1.0,103.0,75.0,19.0,19.0,25.0,0.0,1.0,17.0,2.0,32.0
2022-04-23,28.0,22.0,99.0,1.0,80.0,44.0,13.0,16.0,11.0,0.0,2.0,6.0,0.0,16.0
2022-04-24,24.0,11.0,52.0,0.0,19.0,26.0,2.0,18.0,1.0,1.0,0.0,6.0,0.0,20.0
2022-04-25,13.0,15.0,35.0,0.0,21.0,16.0,5.0,8.0,1.0,0.0,0.0,6.0,1.0,8.0
2022-04-26,21.0,35.0,69.0,2.0,72.0,67.0,11.0,11.0,12.0,0.0,0.0,13.0,0.0,30.0
2022-04-27,28.0,22.0,94.0,0.0,90.0,61.0,10.0,13.0,12.0,1.0,0.0,13.0,0.0,34.0
2022-04-28,25.0,57.0,94.0,1.0,85.0,68.0,17.0,17.0,10.0,0.0,0.0,11.0,2.0,30.0
2022-04-29,28.0,42.0,112.0,4.0,102.0,75.0,21.0,24.0,16.0,0.0,0.0,20.0,1.0,42.0
2022-04-30,32.0,32.0,78.0,1.0,62.0,40.0,5.0,14.0,6.0,0.0,0.0,7.0,0.0,16.0
2022-05-01,18.0,16.0,38.0,0.0,17.0,21.0,3.0,8.0,1.0,0.0,0.0,1.0,0.0,8.0
2022-05-02,33.0,22.0,81.0,1.0,77.0,67.0,12.0,17.0,11.0,0.0,0.0,10.0,0.0,29.0
2022-05-03,21.0,40.0,89.0,1.0,82.0,55.0,14.0,16.0,15.0,0.0,0.0,12.0,1.0,35.0
2022-05-04,25.0,47.0,99.0,0.0,91.0,75.0,11.0,17.0,13.0,0.0,0.0,14.0,2.0,37.0
2022-05-05,37.0,36.0,117.0,0.0,86.0,68.0,12.0,17.0,7.0,0.0,0.0,11.0,1.0,35.0
2022-05-06,43.0,35.0,118.0,1.0,91.0,88.0,7.0,21.0,20.0,2.0,1.0,16.0,0.0,35.0
2022-05-07,30.0,31.0,73.0,0.0,69.0,38.0,11.0,16.0,12.0,0.0,1.0,6.0,0.0,20.0
2022-05-08,13.0,13.0,49.0,0.0,16.0,20.0,3.0,7.0,4.0,0.0,0.0,2.0,1.0,9.0
2022-05-09,14.0,29.0,100.0,1.0,87.0,58.0,12.0,15.0,7.0,1.0,0.0,18.0,1.0,29.0
2022-05-10,36.0,42.0,96.0,0.0,86.0,62.0,14.0,24.0,12.0,0.0,0.0,20.0,3.0,46.0
2022-05-11,37.0,40.0,110.0,0.0,88.0,73.0,7.0,15.0,8.0,0.0,0.0,15.0,0.0,40.0
2022-05-12,36.0,42.0,105.0,1.0,70.0,74.0,13.0,17.0,11.0,0.0,1.0,14.0,0.0,28.0
2022-05-13,32.0,36.0,123.0,1.0,87.0,80.0,16.0,18.0,14.0,0.0,0.0,18.0,0.0,41.0
2022-05-14,25.0,34.0,86.0,1.0,46.0,37.0,5.0,13.0,11.0,1.0,0.0,11.0,0.0,16.0
2022-05-15,15.0,17.0,36.0,0.0,23.0,19.0,9.0,13.0,0.0,0.0,2.0,5.0,0.0,12.0
2022-05-16,35.0,37.0,83.0,0.0,85.0,55.0,10.0,13.0,11.0,0.0,2.0,13.0,1.0,38.0
2022-05-17,25.0,33.0,91.0,2.0,77.0,60.0,13.0,11.0,14.0,0.0,0.0,11.0,3.0,27.0
2022-05-18,36.0,38.0,111.0,1.0,94.0,74.0,13.0,13.0,14.0,0.0,0.0,18.0,0.0,31.0
2022-05-19,46.0,40.0,107.0,0.0,82.0,64.0,10.0,11.0,10.0,0.0,1.0,12.0,0.0,30.0
2022-05-20,31.0,47.0,114.0,0.0,82.0,81.0,11.0,18.0,18.0,0.0,0.0,22.0,1.0,42.0
2022-05-21,35.0,33.0,81.0,0.0,61.0,47.0,4.0,15.0,6.0,0.0,0.0,6.0,0.0,16.0
2022-05-22,7.0,16.0,53.0,0.0,16.0,17.0,6.0,16.0,0.0,0.0,0.0,7.0,2.0,12.0
2022-05-23,32.0,23.0,84.0,0.0,81.0,68.0,12.0,16.0,12.0,0.0,1.0,14.0,1.0,30.0
2022-05-24,26.0,37.0,93.0,1.0,84.0,77.0,8.0,21.0,7.0,0.0,0.0,16.0,0.0,43.0
2022-05-25,34.0,37.0,128.0,0.0,87.0,69.0,9.0,16.0,12.0,0.0,0.0,18.0,0.0,39.0
2022-05-26,39.0,45.0,122.0,0.0,93.0,75.0,5.0,19.0,12.0,0.0,0.0,11.0,0.0,29.0
2022-05-27,30.0,37.0,124.0,0.0,90.0,83.0,14.0,12.0,13.0,0.0,0.0,20.0,0.0,37.0
2022-05-28,33.0,18.0,68.0,0.0,63.0,34.0,9.0,10.0,11.0,0.0,0.0,13.0,0.0,14.0
2022-05-29,13.0,15.0,48.0,0.0,12.0,20.0,3.0,8.0,1.0,0.0,0.0,1.0,0.0,7.0
2022-05-30,36.0,20.0,78.0,0.0,84.0,58.0,10.0,14.0,15.0,1.0,0.0,15.0,2.0,24.0
2022-05-31,28.0,37.0,92.0,0.0,65.0,67.0,17.0,17.0,7.0,0.0,0.0,15.0,0.0,32.0
2022-06-01,44.0,41.0,110.0,0.0,112.0,97.0,10.0,21.0,14.0,0.0,0.0,13.0,0.0,35.0
2022-06-02,24.0,28.0,70.0,0.0,28.0,33.0,2.0,8.0,1.0,0.0,0.0,3.0,0.0,13.0
2022-06-03,41.0,31.0,93.0,0.0,103.0,72.0,8.0,17.0,19.0,0.0,0.0,17.0,1.0,34.0
2022-06-04,24.0,26.0,79.0,0.0,52.0,38.0,6.0,22.0,10.0,0.0,1.0,11.0,0.0,22.0
2022-06-05,13.0,18.0,38.0,0.0,13.0,22.0,2.0,8.0,2.0,1.0,0.0,1.0,0.0,9.0
2022-06-06,25.0,31.0,93.0,0.0,89.0,53.0,9.0,21.0,18.0,0.0,0.0,13.0,1.0,31.0
2022-06-07,24.0,38.0,104.0,0.0,87.0,61.0,6.0,12.0,9.0,0.0,0.0,15.0,1.0,29.0
2022-06-08,37.0,44.0,101.0,0.0,101.0,68.0,6.0,13.0,6.0,2.0,0.0,14.0,1.0,33.0
2022-06-09,54.0,50.0,112.0,0.0,87.0,69.0,8.0,11.0,8.0,0.0,0.0,16.0,0.0,38.0
2022-06-10,23.0,39.0,109.0,0.0,85.0,78.0,4.0,19.0,12.0,0.0,0.0,17.0,1.0,45.0
2022-06-11,38.0,28.0,89.0,0.0,76.0,44.0,2.0,13.0,11.0,0.0,0.0,9.0,0.0,14.0
2022-06-12,9.0,17.0,51.0,0.0,8.0,23.0,3.0,6.0,1.0,0.0,0.0,5.0,0.0,9.0
2022-06-13,41.0,30.0,95.0,0.0,78.0,47.0,9.0,18.0,15.0,0.0,0.0,14.0,2.0,31.0
2022-06-14,31.0,42.0,92.0,0.0,86.0,61.0,7.0,11.0,19.0,0.0,0.0,16.0,0.0,31.0
2022-06-15,38.0,50.0,104.0,0.0,86.0,65.0,8.0,17.0,10.0,0.0,0.0,13.0,0.0,36.0
2022-06-16,26.0,35.0,114.0,0.0,90.0,74.0,5.0,21.0,5.0,0.0,0.0,15.0,1.0,41.0
2022-06-17,40.0,38.0,119.0,0.0,112.0,74.0,8.0,10.0,13.0,0.0,0.0,20.0,2.0,36.0
2022-06-18,35.0,24.0,95.0,0.0,63.0,45.0,2.0,13.0,7.0,0.0,0.0,9.0,0.0,21.0
2022-06-19,13.0,17.0,39.0,0.0,16.0,30.0,4.0,10.0,0.0,1.0,0.0,5.0,0.0,8.0
2022-06-20,37.0,29.0,82.0,0.0,62.0,77.0,8.0,17.0,19.0,0.0,0.0,14.0,2.0,39.0
2022-06-21,33.0,33.0,93.0,0.0,100.0,53.0,4.0,14.0,13.0,0.0,0.0,14.0,0.0,33.0
2022-06-22,44.0,39.0,102.0,0.0,92.0,67.0,3.0,18.0,9.0,1.0,0.0,10.0,5.0,40.0
2022-06-23,36.0,39.0,118.0,0.0,92.0,55.0,6.0,15.0,8.0,0.0,0.0,14.0,1.0,38.0
2022-06-24,47.0,41.0,137.0,0.0,102.0,73.0,7.0,13.0,7.0,0.0,0.0,11.0,1.0,36.0
2022-06-25,41.0,25.0,79.0,0.0,63.0,42.0,3.0,10.0,9.0,0.0,0.0,8.0,0.0,15.0
2022-06-26,24.0,13.0,28.0,0.0,16.0,17.0,3.0,14.0,0.0,0.0,0.0,7.0,1.0,10.0
2022-06-27,28.0,32.0,82.0,0.0,84.0,52.0,7.0,14.0,12.0,0.0,0.0,8.0,0.0,29.0
2022-06-28,22.0,45.0,80.0,0.0,89.0,51.0,7.0,10.0,11.0,0.0,0.0,19.0,2.0,35.0
2022-06-29,39.0,44.0,93.0,0.0,81.0,68.0,4.0,18.0,14.0,0.0,0.0,11.0,3.0,33.0
2022-06-30,35.0,36.0,118.0,0.0,81.0,59.0,20.0,9.0,14.0,0.0,0.0,19.0,1.0,36.0
2022-07-01,37.0,35.0,117.0,0.0,102.0,77.0,5.0,13.0,8.0,0.0,0.0,12.0,2.0,36.0
2022-07-02,37.0,29.0,84.0,0.0,58.0,43.0,1.0,12.0,7.0,0.0,0.0,6.0,2.0,18.0
2022-07-03,14.0,12.0,51.0,0.0,18.0,24.0,0.0,11.0,0.0,0.0,0.0,8.0,0.0,11.0
2022-07-04,24.0,29.0,78.0,0.0,83.0,61.0,2.0,13.0,10.0,0.0,1.0,12.0,1.0,39.0
2022-07-05,30.0,41.0,105.0,0.0,92.0,56.0,4.0,16.0,12.0,0.0,0.0,11.0,1.0,37.0
2022-07-06,49.0,43.0,91.0,0.0,94.0,72.0,7.0,15.0,8.0,1.0,0.0,12.0,1.0,31.0
2022-07-07,32.0,39.0,85.0,0.0,99.0,62.0,2.0,11.0,11.0,1.0,0.0,11.0,1.0,26.0
2022-07-08,50.0,32.0,128.0,0.0,95.0,89.0,3.0,16.0,11.0,0.0,0.0,17.0,1.0,35.0
2022-07-09,34.0,30.0,82.0,0.0,62.0,36.0,2.0,16.0,6.0,0.0,0.0,6.0,0.0,10.0
2022-07-10,11.0,21.0,41.0,0.0,18.0,24.0,3.0,7.0,0.0,0.0,1.0,5.0,1.0,15.0
2022-07-11,31.0,35.0,73.0,0.0,56.0,48.0,2.0,15.0,9.0,1.0,0.0,10.0,0.0,33.0
2022-07-12,25.0,35.0,93.0,0.0,79.0,49.0,7.0,11.0,17.0,0.0,2.0,17.0,1.0,34.0
2022-07-13,24.0,39.0,96.0,0.0,77.0,78.0,6.0,10.0,7.0,0.0,2.0,13.0,2.0,29.0
2022-07-14,30.0,35.0,93.0,0.0,76.0,50.0,7.0,12.0,12.0,0.0,1.0,10.0,1.0,31.0
2022-07-15,36.0,33.0,107.0,0.0,102.0,72.0,13.0,21.0,9.0,0.0,0.0,19.0,1.0,36.0
2022-07-16,22.0,11.0,75.0,0.0,62.0,36.0,8.0,11.0,8.0,0.0,0.0,9.0,1.0,18.0
2022-07-17,12.0,11.0,36.0,0.0,24.0,21.0,6.0,6.0,1.0,0.0,1.0,3.0,1.0,9.0
2022-07-18,18.0,31.0,75.0,0.0,69.0,52.0,11.0,18.0,14.0,0.0,0.0,13.0,1.0,26.0
2022-07-19,23.0,33.0,61.0,0.0,93.0,54.0,12.0,13.0,15.0,0.0,2.0,13.0,1.0,25.0
2022-07-20,35.0,44.0,86.0,0.0,79.0,69.0,7.0,14.0,7.0,0.0,0.0,16.0,3.0,24.0
2022-07-21,28.0,25.0,86.0,0.0,77.0,65.0,9.0,18.0,10.0,0.0,1.0,13.0,1.0,29.0
2022-07-22,35.0,29.0,73.0,0.0,88.0,65.0,8.0,9.0,12.0,1.0,1.0,15.0,0.0,23.0
2022-07-23,21.0,15.0,65.0,0.0,57.0,48.0,8.0,15.0,8.0,0.0,1.0,10.0,2.0,19.0
2022-07-24,17.0,11.0,29.0,0.0,19.0,15.0,4.0,8.0,1.0,0.0,0.0,2.0,0.0,13.0
2022-07-25,36.0,17.0,71.0,0.0,77.0,56.0,12.0,14.0,6.0,0.0,0.0,16.0,0.0,26.0
2022-07-26,20.0,21.0,65.0,0.0,91.0,50.0,11.0,13.0,4.0,1.0,1.0,9.0,1.0,23.0
2022-07-27,40.0,28.0,63.0,0.0,92.0,60.0,12.0,15.0,6.0,0.0,0.0,7.0,2.0,14.0
2022-07-28,34.0,29.0,62.0,0.0,83.0,66.0,10.0,9.0,4.0,0.0,0.0,13.0,1.0,19.0
2022-07-29,34.0,27.0,80.0,0.0,80.0,78.0,8.0,19.0,9.0,0.0,1.0,14.0,3.0,24.0
2022-07-30,33.0,23.0,63.0,0.0,63.0,32.0,9.0,16.0,6.0,0.0,0.0,7.0,0.0,16.0
2022-07-31,11.0,10.0,30.0,0.0,14.0,9.0,5.0,7.0,2.0,0.0,0.0,1.0,0.0,13.0
2022-08-01,38.0,24.0,55.0,0.0,74.0,42.0,9.0,12.0,6.0,0.0,0.0,10.0,0.0,21.0
2022-08-02,26.0,16.0,56.0,0.0,87.0,42.0,10.0,12.0,6.0,0.0,0.0,12.0,1.0,27.0
2022-08-03,27.0,17.0,70.0,0.0,88.0,58.0,24.0,11.0,6.0,0.0,0.0,12.0,2.0,21.0
2022-08-04,24.0,33.0,53.0,0.0,89.0,39.0,11.0,20.0,6.0,0.0,0.0,16.0,1.0,25.0
2022-08-05,25.0,19.0,77.0,0.0,104.0,60.0,12.0,17.0,7.0,0.0,4.0,15.0,3.0,30.0
2022-08-06,30.0,9.0,48.0,0.0,53.0,36.0,4.0,13.0,4.0,0.0,1.0,3.0,1.0,10.0
2022-08-07,12.0,19.0,23.0,0.0,15.0,18.0,3.0,12.0,1.0,0.0,0.0,0.0,0.0,10.0
2022-08-08,31.0,16.0,58.0,0.0,75.0,53.0,6.0,9.0,8.0,0.0,1.0,6.0,2.0,27.0
2022-08-09,19.0,26.0,59.0,0.0,82.0,49.0,4.0,13.0,8.0,0.0,0.0,16.0,0.0,16.0
2022-08-10,21.0,23.0,60.0,0.0,80.0,52.0,15.0,16.0,18.0,0.0,0.0,11.0,0.0,24.0
2022-08-11,36.0,24.0,52.0,0.0,86.0,45.0,7.0,10.0,15.0,0.0,0.0,10.0,0.0,23.0
2022-08-12,25.0,11.0,73.0,0.0,112.0,49.0,18.0,14.0,5.0,0.0,0.0,11.0,2.0,25.0
2022-08-13,21.0,17.0,50.0,0.0,80.0,37.0,9.0,14.0,2.0,1.0,0.0,7.0,1.0,14.0
2022-08-14,20.0,12.0,43.0,0.0,19.0,23.0,3.0,9.0,2.0,0.0,0.0,4.0,1.0,13.0
2022-08-15,6.0,10.0,21.0,0.0,15.0,12.0,1.0,13.0,1.0,0.0,0.0,2.0,1.0,10.0
2022-08-16,18.0,20.0,57.0,0.0,79.0,42.0,4.0,19.0,9.0,0.0,0.0,11.0,0.0,17.0
2022-08-17,24.0,22.0,45.0,0.0,85.0,50.0,7.0,12.0,7.0,0.0,1.0,8.0,1.0,26.0
2022-08-18,24.0,13.0,53.0,0.0,94.0,49.0,8.0,16.0,16.0,0.0,1.0,12.0,1.0,23.0
2022-08-19,29.0,20.0,60.0,0.0,91.0,56.0,8.0,15.0,3.0,0.0,0.0,10.0,0.0,18.0
2022-08-20,24.0,13.0,54.0,0.0,55.0,26.0,10.0,16.0,6.0,0.0,1.0,6.0,0.0,13.0
2022-08-21,22.0,8.0,19.0,0.0,16.0,12.0,2.0,10.0,0.0,0.0,0.0,1.0,3.0,8.0
2022-08-22,25.0,15.0,57.0,0.0,77.0,47.0,11.0,11.0,10.0,0.0,0.0,14.0,0.0,27.0
2022-08-23,17.0,9.0,55.0,0.0,92.0,42.0,4.0,11.0,8.0,0.0,0.0,10.0,3.0,16.0
2022-08-24,26.0,19.0,76.0,0.0,76.0,47.0,10.0,20.0,10.0,0.0,0.0,8.0,2.0,19.0
2022-08-25,21.0,19.0,63.0,0.0,85.0,47.0,9.0,17.0,11.0,0.0,0.0,9.0,2.0,22.0
2022-08-26,23.0,24.0,68.0,0.0,95.0,74.0,6.0,13.0,13.0,0.0,1.0,14.0,0.0,26.0
2022-08-27,34.0,18.0,75.0,0.0,60.0,36.0,6.0,14.0,2.0,0.0,0.0,8.0,0.0,11.0
2022-08-28,11.0,1.0,30.0,0.0,23.0,24.0,0.0,11.0,0.0,0.0,0.0,1.0,0.0,11.0
2022-08-29,25.0,17.0,58.0,0.0,85.0,55.0,6.0,19.0,8.0,0.0,0.0,13.0,0.0,18.0
2022-08-30,20.0,20.0,52.0,0.0,98.0,50.0,5.0,20.0,9.0,0.0,0.0,7.0,2.0,23.0
2022-08-31,27.0,22.0,65.0,0.0,91.0,61.0,5.0,17.0,17.0,0.0,1.0,9.0,0.0,21.0
2022-09-01,33.0,13.0,69.0,0.0,73.0,66.0,5.0,10.0,10.0,1.0,1.0,12.0,0.0,23.0
2022-09-02,23.0,21.0,75.0,0.0,104.0,67.0,5.0,13.0,5.0,0.0,1.0,10.0,1.0,22.0
2022-09-03,12.0,6.0,48.0,0.0,71.0,50.0,2.0,18.0,5.0,0.0,0.0,2.0,0.0,16.0
2022-09-04,22.0,13.0,37.0,0.0,10.0,15.0,3.0,10.0,2.0,0.0,0.0,3.0,0.0,8.0
2022-09-05,42.0,19.0,64.0,0.0,68.0,53.0,4.0,10.0,14.0,0.0,0.0,7.0,1.0,21.0
2022-09-06,19.0,23.0,86.0,0.0,91.0,56.0,9.0,17.0,13.0,0.0,0.0,13.0,0.0,28.0
2022-09-07,21.0,35.0,89.0,0.0,94.0,65.0,3.0,18.0,7.0,0.0,0.0,14.0,3.0,40.0
2022-09-08,35.0,34.0,79.0,0.0,83.0,68.0,5.0,13.0,10.0,0.0,0.0,10.0,1.0,34.0
2022-09-09,33.0,28.0,103.0,0.0,97.0,82.0,2.0,12.0,13.0,0.0,0.0,7.0,1.0,28.0
2022-09-10,22.0,21.0,89.0,0.0,67.0,43.0,1.0,14.0,4.0,0.0,0.0,9.0,0.0,15.0
2022-09-11,12.0,16.0,38.0,0.0,20.0,23.0,1.0,11.0,5.0,0.0,0.0,4.0,1.0,6.0
2022-09-12,38.0,24.0,65.0,0.0,91.0,64.0,3.0,21.0,15.0,0.0,0.0,11.0,0.0,31.0
2022-09-13,23.0,32.0,89.0,0.0,91.0,48.0,2.0,17.0,14.0,0.0,0.0,10.0,1.0,36.0
2022-09-14,45.0,38.0,97.0,0.0,75.0,78.0,4.0,13.0,13.0,0.0,0.0,17.0,2.0,30.0
2022-09-15,36.0,49.0,126.0,0.0,82.0,61.0,4.0,12.0,13.0,1.0,0.0,12.0,1.0,27.0
2022-09-16,36.0,28.0,126.0,0.0,86.0,62.0,3.0,18.0,15.0,0.0,0.0,16.0,0.0,40.0
2022-09-17,37.0,22.0,69.0,0.0,57.0,53.0,0.0,15.0,1.0,0.0,0.0,8.0,0.0,12.0
2022-09-18,18.0,12.0,50.0,0.0,14.0,27.0,1.0,10.0,0.0,0.0,0.0,5.0,0.0,12.0
2022-09-19,26.0,22.0,84.0,0.0,84.0,58.0,1.0,12.0,15.0,0.0,0.0,15.0,1.0,35.0
2022-09-20,29.0,44.0,94.0,0.0,84.0,63.0,2.0,14.0,12.0,0.0,0.0,14.0,1.0,37.0
2022-09-21,40.0,39.0,82.0,0.0,81.0,61.0,2.0,19.0,5.0,0.0,0.0,14.0,0.0,41.0
2022-09-22,44.0,46.0,124.0,0.0,103.0,66.0,2.0,12.0,12.0,0.0,0.0,23.0,0.0,38.0
2022-09-23,42.0,32.0,119.0,0.0,110.0,90.0,1.0,20.0,15.0,0.0,0.0,15.0,0.0,33.0
2022-09-24,31.0,25.0,97.0,0.0,63.0,47.0,6.0,15.0,5.0,0.0,0.0,10.0,0.0,24.0
2022-09-25,12.0,13.0,39.0,0.0,20.0,24.0,1.0,10.0,0.0,0.0,0.0,3.0,0.0,12.0
2022-09-26,32.0,25.0,89.0,0.0,71.0,62.0,1.0,12.0,17.0,0.0,0.0,14.0,0.0,25.0
2022-09-27,33.0,40.0,104.0,0.0,83.0,56.0,1.0,9.0,13.0,0.0,1.0,14.0,2.0,38.0
2022-09-28,39.0,44.0,110.0,0.0,94.0,68.0,2.0,14.0,12.0,0.0,2.0,20.0,1.0,32.0
2022-09-29,34.0,40.0,135.0,0.0,79.0,74.0,3.0,13.0,14.0,0.0,1.0,14.0,1.0,42.0
2022-09-30,41.0,30.0,126.0,0.0,93.0,80.0,2.0,10.0,22.0,0.0,0.0,19.0,2.0,35.0
2022-10-01,28.0,25.0,89.0,0.0,46.0,46.0,2.0,11.0,9.0,0.0,0.0,5.0,0.0,21.0
2022-10-02,15.0,14.0,49.0,0.0,17.0,23.0,1.0,7.0,2.0,0.0,0.0,6.0,0.0,9.0
2022-10-03,30.0,23.0,96.0,0.0,97.0,57.0,1.0,14.0,17.0,0.0,0.0,13.0,0.0,41.0
2022-10-04,12.0,24.0,49.0,0.0,26.0,29.0,0.0,11.0,7.0,0.0,0.0,5.0,0.0,14.0
2022-10-05,45.0,41.0,95.0,0.0,83.0,62.0,3.0,15.0,15.0,0.0,1.0,14.0,2.0,30.0
2022-10-06,39.0,39.0,87.0,0.0,84.0,59.0,1.0,15.0,7.0,0.0,0.0,15.0,0.0,38.0
2022-10-07,45.0,35.0,117.0,0.0,100.0,88.0,5.0,11.0,11.0,0.0,0.0,15.0,1.0,37.0
2022-10-08,37.0,28.0,85.0,0.0,59.0,48.0,1.0,15.0,2.0,0.0,2.0,7.0,0.0,16.0
2022-10-09,19.0,8.0,47.0,0.0,16.0,22.0,2.0,12.0,1.0,0.0,0.0,5.0,1.0,12.0
2022-10-10,35.0,20.0,84.0,0.0,97.0,49.0,2.0,7.0,8.0,0.0,0.0,16.0,1.0,36.0
2022-10-11,30.0,34.0,121.0,0.0,75.0,59.0,2.0,13.0,7.0,0.0,0.0,12.0,0.0,40.0
2022-10-12,55.0,54.0,110.0,0.0,80.0,64.0,1.0,10.0,15.0,0.0,0.0,14.0,1.0,37.0
2022-10-13,25.0,34.0,120.0,0.0,74.0,55.0,3.0,17.0,16.0,0.0,0.0,20.0,2.0,34.0
2022-10-14,46.0,36.0,123.0,0.0,105.0,83.0,6.0,14.0,16.0,1.0,0.0,17.0,3.0,40.0
2022-10-15,34.0,29.0,88.0,0.0,59.0,47.0,2.0,13.0,10.0,0.0,0.0,7.0,3.0,19.0
2022-10-16,16.0,13.0,48.0,0.0,14.0,27.0,1.0,9.0,0.0,0.0,0.0,6.0,1.0,14.0
2022-10-17,25.0,28.0,93.0,0.0,78.0,53.0,4.0,12.0,15.0,0.0,1.0,16.0,1.0,27.0
2022-10-18,30.0,34.0,96.0,0.0,91.0,62.0,2.0,14.0,14.0,0.0,0.0,13.0,0.0,37.0
2022-10-19,36.0,44.0,94.0,0.0,85.0,70.0,3.0,15.0,14.0,0.0,0.0,13.0,1.0,35.0
2022-10-20,33.0,41.0,113.0,0.0,92.0,63.0,2.0,12.0,9.0,0.0,0.0,11.0,1.0,35.0
2022-10-21,45.0,36.0,107.0,0.0,91.0,83.0,4.0,14.0,17.0,0.0,0.0,17.0,2.0,40.0
2022-10-22,31.0,27.0,92.0,0.0,65.0,42.0,1.0,18.0,3.0,0.0,0.0,9.0,0.0,15.0
2022-10-23,22.0,22.0,45.0,0.0,18.0,27.0,2.0,7.0,0.0,0.0,0.0,5.0,3.0,11.0
2022-10-24,32.0,32.0,98.0,0.0,87.0,61.0,6.0,10.0,18.0,0.0,0.0,16.0,1.0,32.0
2022-10-25,34.0,45.0,85.0,0.0,98.0,64.0,1.0,13.0,11.0,0.0,0.0,15.0,2.0,35.0
2022-10-26,52.0,41.0,114.0,0.0,114.0,80.0,2.0,14.0,16.0,0.0,0.0,19.0,0.0,43.0
2022-10-27,48.0,51.0,121.0,0.0,80.0,50.0,0.0,17.0,5.0,0.0,0.0,18.0,0.0,41.0
2022-10-28,45.0,35.0,136.0,0.0,92.0,90.0,2.0,15.0,14.0,0.0,0.0,22.0,2.0,32.0
2022-10-29,30.0,26.0,113.0,0.0,65.0,57.0,1.0,12.0,8.0,0.0,0.0,6.0,0.0,14.0
2022-10-30,9.0,20.0,46.0,0.0,19.0,19.0,1.0,4.0,0.0,0.0,0.0,3.0,1.0,14.0
2022-10-31,43.0,16.0,97.0,0.0,82.0,73.0,1.0,12.0,9.0,0.0,0.0,18.0,0.0,32.0
2022-11-01,25.0,24.0,50.0,0.0,26.0,30.0,1.0,12.0,2.0,0.0,0.0,1.0,0.0,14.0
2022-11-02,44.0,39.0,86.0,0.0,86.0,68.0,1.0,15.0,18.0,0.0,0.0,21.0,1.0,37.0
2022-11-03,27.0,46.0,107.0,0.0,99.0,66.0,1.0,18.0,14.0,0.0,0.0,13.0,1.0,33.0
2022-11-04,46.0,34.0,103.0,0.0,97.0,83.0,3.0,11.0,14.0,0.0,0.0,17.0,3.0,35.0
2022-11-05,58.0,22.0,91.0,0.0,66.0,42.0,0.0,8.0,6.0,0.0,0.0,10.0,1.0,17.0
2022-11-06,19.0,10.0,57.0,0.0,13.0,21.0,0.0,11.0,0.0,0.0,0.0,5.0,0.0,14.0
2022-11-07,36.0,28.0,86.0,0.0,79.0,77.0,1.0,14.0,11.0,0.0,0.0,18.0,0.0,29.0
2022-11-08,36.0,44.0,106.0,0.0,89.0,66.0,3.0,13.0,17.0,0.0,0.0,13.0,4.0,42.0
2022-11-09,34.0,34.0,88.0,0.0,90.0,73.0,1.0,12.0,6.0,0.0,0.0,20.0,1.0,42.0
2022-11-10,37.0,37.0,108.0,0.0,88.0,80.0,1.0,14.0,6.0,0.0,0.0,13.0,1.0,29.0
2022-11-11,48.0,48.0,125.0,0.0,97.0,75.0,2.0,17.0,18.0,0.0,0.0,18.0,2.0,38.0
2022-11-12,40.0,34.0,68.0,0.0,64.0,48.0,2.0,17.0,5.0,0.0,0.0,8.0,0.0,14.0
2022-11-13,22.0,15.0,57.0,0.0,17.0,27.0,2.0,10.0,0.0,0.0,0.0,3.0,0.0,23.0
2022-11-14,25.0,34.0,102.0,0.0,86.0,48.0,1.0,17.0,19.0,0.0,0.0,14.0,0.0,30.0
2022-11-15,39.0,41.0,95.0,0.0,94.0,65.0,1.0,24.0,10.0,0.0,0.0,17.0,0.0,40.0
2022-11-16,43.0,39.0,117.0,0.0,78.0,72.0,0.0,8.0,6.0,0.0,0.0,17.0,2.0,26.0
2022-11-17,35.0,45.0,116.0,0.0,94.0,78.0,0.0,11.0,8.0,0.0,0.0,13.0,2.0,32.0
2022-11-18,44.0,41.0,105.0,0.0,109.0,67.0,3.0,14.0,13.0,0.0,0.0,11.0,0.0,41.0
2022-11-19,40.0,30.0,84.0,0.0,69.0,35.0,2.0,15.0,6.0,0.0,0.0,12.0,1.0,25.0
2022-11-20,21.0,6.0,38.0,0.0,13.0,23.0,4.0,5.0,0.0,0.0,0.0,1.0,0.0,8.0
2022-11-21,47.0,40.0,99.0,0.0,89.0,69.0,3.0,15.0,12.0,0.0,0.0,16.0,1.0,30.0
2022-11-22,31.0,38.0,88.0,0.0,98.0,72.0,1.0,15.0,15.0,0.0,0.0,21.0,4.0,41.0
2022-11-23,43.0,49.0,99.0,0.0,78.0,73.0,2.0,11.0,16.0,0.0,0.0,14.0,1.0,37.0
2022-11-24,37.0,44.0,127.0,0.0,78.0,56.0,1.0,14.0,15.0,0.0,0.0,14.0,1.0,39.0
2022-11-25,43.0,35.0,117.0,0.0,116.0,85.0,4.0,14.0,12.0,0.0,0.0,18.0,1.0,41.0
2022-11-26,45.0,27.0,96.0,0.0,53.0,43.0,2.0,9.0,4.0,0.0,0.0,8.0,3.0,16.0
2022-11-27,13.0,15.0,47.0,0.0,33.0,34.0,1.0,7.0,1.0,0.0,0.0,0.0,1.0,13.0
2022-11-28,41.0,28.0,106.0,0.0,80.0,61.0,2.0,8.0,9.0,0.0,0.0,17.0,1.0,30.0
2022-11-29,40.0,35.0,96.0,0.0,107.0,71.0,2.0,12.0,12.0,0.0,0.0,14.0,1.0,42.0
2022-11-30,36.0,31.0,90.0,0.0,95.0,66.0,2.0,15.0,6.0,0.0,0.0,10.0,5.0,32.0
2022-12-01,33.0,35.0,129.0,0.0,92.0,67.0,2.0,7.0,10.0,0.0,0.0,19.0,0.0,31.0
2022-12-02,35.0,46.0,110.0,0.0,115.0,83.0,2.0,17.0,30.0,0.0,0.0,18.0,1.0,39.0
2022-12-03,31.0,29.0,85.0,0.0,72.0,43.0,3.0,14.0,3.0,0.0,0.0,8.0,1.0,21.0
2022-12-04,27.0,13.0,55.0,0.0,18.0,21.0,0.0,4.0,0.0,0.0,0.0,1.0,1.0,12.0
2022-12-05,34.0,23.0,98.0,0.0,84.0,68.0,3.0,8.0,12.0,0.0,0.0,19.0,2.0,31.0
2022-12-06,33.0,33.0,107.0,0.0,101.0,71.0,3.0,15.0,12.0,0.0,0.0,17.0,2.0,30.0
2022-12-07,27.0,26.0,100.0,0.0,138.0,85.0,5.0,8.0,19.0,0.0,0.0,15.0,1.0,44.0
2022-12-08,39.0,23.0,63.0,0.0,28.0,27.0,3.0,8.0,4.0,0.0,0.0,7.0,4.0,20.0
2022-12-09,36.0,29.0,93.0,0.0,106.0,90.0,7.0,15.0,11.0,0.0,0.0,18.0,1.0,29.0
2022-12-10,30.0,27.0,100.0,0.0,67.0,42.0,4.0,16.0,7.0,0.0,0.0,2.0,1.0,23.0
2022-12-11,18.0,9.0,38.0,0.0,21.0,18.0,0.0,6.0,0.0,0.0,0.0,3.0,0.0,15.0
2022-12-12,42.0,24.0,89.0,0.0,80.0,68.0,8.0,11.0,14.0,0.0,0.0,10.0,3.0,30.0
2022-12-13,26.0,25.0,97.0,0.0,84.0,73.0,6.0,13.0,9.0,0.0,0.0,14.0,0.0,37.0
2022-12-14,56.0,39.0,114.0,0.0,100.0,87.0,6.0,11.0,8.0,0.0,0.0,13.0,2.0,42.0
2022-12-15,54.0,44.0,87.0,0.0,84.0,69.0,2.0,13.0,4.0,0.0,0.0,17.0,1.0,39.0
2022-12-16,34.0,29.0,123.0,0.0,105.0,84.0,14.0,20.0,15.0,0.0,0.0,17.0,3.0,26.0
2022-12-17,45.0,17.0,82.0,0.0,43.0,45.0,7.0,10.0,16.0,0.0,0.0,5.0,0.0,15.0
2022-12-18,9.0,13.0,28.0,0.0,18.0,22.0,3.0,9.0,1.0,0.0,0.0,5.0,1.0,13.0
2022-12-19,40.0,26.0,89.0,0.0,92.0,69.0,9.0,6.0,20.0,0.0,0.0,16.0,2.0,32.0
2022-12-20,32.0,34.0,103.0,1.0,99.0,72.0,11.0,10.0,14.0,0.0,0.0,20.0,1.0,35.0
2022-12-21,55.0,35.0,112.0,0.0,89.0,79.0,10.0,14.0,10.0,0.0,0.0,15.0,0.0,44.0
2022-12-22,29.0,32.0,113.0,0.0,111.0,83.0,11.0,22.0,14.0,0.0,0.0,18.0,3.0,42.0
2022-12-23,36.0,39.0,140.0,0.0,111.0,109.0,7.0,14.0,12.0,0.0,0.0,15.0,1.0,26.0
2022-12-24,33.0,39.0,81.0,0.0,88.0,47.0,7.0,15.0,10.0,0.0,0.0,8.0,1.0,16.0
2022-12-25,22.0,9.0,32.0,0.0,16.0,33.0,4.0,10.0,1.0,0.0,0.0,5.0,2.0,11.0
2022-12-26,19.0,13.0,30.0,0.0,21.0,14.0,2.0,10.0,1.0,0.0,0.0,1.0,2.0,18.0
2022-12-27,32.0,12.0,55.0,0.0,63.0,54.0,6.0,17.0,8.0,0.0,0.0,9.0,0.0,30.0
2022-12-28,22.0,15.0,64.0,0.0,81.0,53.0,10.0,15.0,7.0,0.0,0.0,16.0,0.0,24.0
2022-12-29,25.0,17.0,65.0,0.0,95.0,62.0,10.0,13.0,10.0,0.0,0.0,16.0,2.0,25.0
2022-12-30,31.0,15.0,65.0,0.0,106.0,66.0,8.0,21.0,9.0,0.0,0.0,14.0,3.0,21.0
2022-12-31,30.0,26.0,65.0,0.0,69.0,56.0,6.0,11.0,2.0,1.0,0.0,6.0,0.0,16.0
2023-01-01,18.0,3.0,22.0,0.0,16.0,10.0,4.0,10.0,0.0,0.0,0.0,1.0,1.0,13.0
2023-01-02,33.0,11.0,45.0,0.0,63.0,44.0,9.0,9.0,5.0,0.0,0.0,11.0,3.0,20.0
2023-01-03,23.0,13.0,49.0,0.0,85.0,67.0,7.0,9.0,6.0,0.0,0.0,12.0,1.0,20.0
2023-01-04,24.0,20.0,70.0,0.0,83.0,53.0,10.0,9.0,10.0,0.0,0.0,17.0,1.0,32.0
2023-01-05,30.0,15.0,99.0,0.0,108.0,87.0,10.0,10.0,9.0,0.0,0.0,16.0,3.0,26.0
2023-01-06,21.0,6.0,52.0,0.0,16.0,21.0,2.0,8.0,0.0,0.0,0.0,6.0,1.0,14.0
2023-01-07,15.0,9.0,36.0,0.0,71.0,39.0,5.0,3.0,5.0,0.0,0.0,6.0,1.0,15.0
2023-01-08,17.0,6.0,28.0,0.0,18.0,16.0,1.0,7.0,0.0,0.0,0.0,2.0,2.0,12.0
2023-01-09,32.0,17.0,62.0,0.0,92.0,62.0,7.0,10.0,13.0,0.0,0.0,14.0,0.0,19.0
2023-01-10,34.0,29.0,87.0,0.0,85.0,60.0,7.0,11.0,10.0,0.0,0.0,12.0,1.0,43.0
2023-01-11,38.0,44.0,99.0,0.0,97.0,82.0,11.0,20.0,7.0,0.0,0.0,12.0,1.0,38.0
2023-01-12,42.0,38.0,112.0,0.0,102.0,66.0,9.0,13.0,6.0,0.0,0.0,14.0,1.0,39.0
2023-01-13,36.0,33.0,120.0,0.0,110.0,74.0,9.0,10.0,10.0,0.0,0.0,19.0,2.0,37.0
2023-01-14,27.0,32.0,80.0,0.0,68.0,56.0,4.0,11.0,4.0,0.0,0.0,9.0,0.0,16.0
2023-01-15,17.0,9.0,33.0,0.0,23.0,26.0,2.0,8.0,0.0,0.0,0.0,1.0,0.0,15.0
2023-01-16,33.0,21.0,96.0,0.0,77.0,58.0,8.0,13.0,9.0,0.0,0.0,16.0,0.0,36.0
2023-01-17,36.0,28.0,102.0,0.0,96.0,56.0,4.0,16.0,9.0,0.0,0.0,11.0,1.0,46.0
2023-01-18,29.0,37.0,101.0,0.0,93.0,96.0,4.0,8.0,11.0,0.0,0.0,18.0,1.0,39.0
2023-01-19,36.0,47.0,131.0,0.0,89.0,61.0,9.0,12.0,17.0,0.0,0.0,19.0,1.0,29.0
2023-01-20,48.0,44.0,114.0,0.0,94.0,81.0,6.0,10.0,5.0,0.0,0.0,14.0,1.0,35.0
2023-01-21,29.0,24.0,99.0,0.0,58.0,54.0,4.0,16.0,6.0,0.0,0.0,8.0,0.0,17.0
2023-01-22,18.0,18.0,49.0,0.0,21.0,25.0,1.0,10.0,0.0,0.0,0.0,3.0,0.0,14.0
2023-01-23,29.0,21.0,98.0,0.0,68.0,64.0,5.0,11.0,10.0,0.0,0.0,14.0,0.0,22.0
2023-01-24,22.0,26.0,117.0,0.0,81.0,70.0,7.0,13.0,11.0,0.0,0.0,15.0,1.0,34.0
2023-01-25,40.0,49.0,108.0,0.0,88.0,73.0,4.0,12.0,15.0,0.0,0.0,16.0,0.0,33.0
2023-01-26,42.0,38.0,122.0,0.0,95.0,64.0,9.0,9.0,18.0,0.0,0.0,17.0,0.0,38.0
2023-01-27,35.0,45.0,120.0,0.0,93.0,89.0,11.0,14.0,11.0,0.0,0.0,19.0,0.0,42.0
2023-01-28,26.0,25.0,95.0,0.0,53.0,48.0,6.0,13.0,4.0,0.0,0.0,8.0,0.0,16.0
2023-01-29,13.0,20.0,50.0,0.0,20.0,24.0,2.0,9.0,2.0,0.0,0.0,3.0,1.0,9.0
2023-01-30,24.0,32.0,96.0,0.0,79.0,65.0,9.0,8.0,18.0,0.0,0.0,19.0,0.0,33.0
2023-01-31,46.0,21.0,100.0,0.0,93.0,74.0,6.0,12.0,9.0,0.0,0.0,10.0,1.0,37.0
2023-02-01,34.0,26.0,106.0,0.0,65.0,81.0,4.0,9.0,6.0,0.0,0.0,12.0,2.0,36.0
2023-02-02,39.0,30.0,102.0,0.0,106.0,71.0,3.0,13.0,11.0,1.0,0.0,19.0,0.0,40.0
2023-02-03,37.0,38.0,111.0,0.0,104.0,79.0,6.0,8.0,12.0,0.0,0.0,18.0,0.0,46.0
2023-02-04,32.0,31.0,99.0,0.0,53.0,49.0,8.0,10.0,8.0,0.0,0.0,10.0,1.0,20.0
2023-02-05,20.0,23.0,38.0,0.0,14.0,30.0,2.0,8.0,0.0,0.0,0.0,4.0,1.0,16.0
2023-02-06,24.0,25.0,98.0,0.0,85.0,63.0,6.0,9.0,11.0,0.0,0.0,11.0,1.0,28.0
2023-02-07,31.0,35.0,86.0,0.0,80.0,62.0,3.0,10.0,14.0,0.0,0.0,16.0,1.0,30.0
2023-02-08,34.0,34.0,88.0,0.0,87.0,74.0,7.0,7.0,12.0,0.0,0.0,18.0,0.0,43.0
2023-02-09,30.0,32.0,115.0,0.0,95.0,60.0,4.0,13.0,11.0,0.0,0.0,17.0,1.0,34.0
2023-02-10,34.0,34.0,115.0,0.0,108.0,81.0,4.0,10.0,16.0,0.0,0.0,19.0,1.0,32.0
2023-02-11,34.0,27.0,81.0,0.0,75.0,50.0,3.0,11.0,9.0,0.0,0.0,10.0,0.0,17.0
2023-02-12,18.0,13.0,38.0,0.0,16.0,17.0,2.0,6.0,0.0,0.0,0.0,5.0,0.0,11.0
2023-02-13,22.0,28.0,68.0,0.0,66.0,60.0,1.0,11.0,13.0,0.0,0.0,15.0,0.0,28.0
